timestamp_iso,endpoint,method,status_code,latency_ms,ok
2026-09-28T15:51:15.144163+00:00,GET /agents/catalog,GET,200,8.216,True
2026-09-28T15:51:15.149169+00:00,GET /agents/catalog,GET,200,24.378,True
2026-09-28T15:51:15.152168+00:00,GET /runs/{id},GET,200,31.731,True
2026-09-28T15:51:15.150169+00:00,GET /runs/{id},GET,200,38.473,True
2026-09-28T15:51:15.150169+00:00,GET /workflows,GET,200,45.049,True
2026-09-28T15:51:15.154175+00:00,GET /runs/{id},GET,200,54.269,True
2026-09-28T15:51:15.157183+00:00,GET /runs/{id}/logs,GET,200,56.100,True
2026-09-28T15:51:15.173446+00:00,GET /runs/{id}/logs,GET,200,41.125,True
2026-09-28T15:51:15.188343+00:00,GET /workflows/{id},GET,200,37.580,True
2026-09-28T15:51:15.184837+00:00,GET /runs/{id}/logs,GET,200,45.747,True
2026-09-28T15:51:15.194919+00:00,GET /workflows/{id},GET,200,46.768,True
2026-09-28T15:51:15.162182+00:00,PUT /workflows/{id},PUT,200,85.444,True
2026-09-28T15:51:15.163183+00:00,GET /workflows,GET,200,85.999,True
2026-09-28T15:51:15.208441+00:00,GET /runs/{id},GET,200,45.380,True
2026-09-28T15:51:15.214779+00:00,GET /workflows/{id},GET,200,39.292,True
2026-09-28T15:51:15.226194+00:00,GET /workflows/{id},GET,200,34.650,True
2026-09-28T15:51:15.213778+00:00,GET /runs/{id},GET,200,52.861,True
2026-09-28T15:51:15.241648+00:00,GET /workflows/{id},GET,200,28.583,True
2026-09-28T15:51:15.248851+00:00,GET /workflows/{id},GET,200,27.143,True
2026-09-28T15:51:15.229710+00:00,GET /workflows,GET,200,47.261,True
2026-09-28T15:51:15.260358+00:00,GET /agents/catalog,GET,200,27.851,True
2026-09-28T15:51:15.254358+00:00,GET /runs/{id},GET,200,38.429,True
2026-09-28T15:51:15.247851+00:00,GET /workflows,GET,200,53.212,True
2026-09-28T15:51:15.292577+00:00,GET /health,GET,200,9.150,True
2026-09-28T15:51:15.270358+00:00,GET /runs/{id},GET,200,47.532,True
2026-09-28T15:51:15.277358+00:00,GET /runs/{id}/logs,GET,200,47.143,True
2026-09-28T15:51:15.253359+00:00,PUT /workflows/{id},PUT,200,71.164,True
2026-09-28T15:51:15.276358+00:00,GET /workflows,GET,200,50.473,True
2026-09-28T15:51:15.266358+00:00,GET /workflows,GET,200,64.105,True
2026-09-28T15:51:15.288574+00:00,GET /runs/{id}/logs,GET,200,44.635,True
2026-09-28T15:51:15.301579+00:00,GET /workflows/{id},GET,200,31.884,True
2026-09-28T15:51:15.324711+00:00,GET /workflows/{id},GET,200,28.544,True
2026-09-28T15:51:15.301579+00:00,PUT /workflows/{id},PUT,200,58.741,True
2026-09-28T15:51:15.333292+00:00,GET /workflows/{id},GET,200,31.590,True
2026-09-28T15:51:15.326716+00:00,GET /runs/{id}/logs,GET,200,38.801,True
2026-09-28T15:51:15.333292+00:00,GET /runs/{id}/logs,GET,200,35.530,True
2026-09-28T15:51:15.318614+00:00,PUT /workflows/{id},PUT,200,52.720,True
2026-09-28T15:51:15.330717+00:00,POST /workflows/{id}/validate,POST,200,40.953,True
2026-09-28T15:51:15.324711+00:00,GET /workflows,GET,200,47.446,True
2026-09-28T15:51:15.365422+00:00,GET /workflows/{id},GET,200,25.956,True
2026-09-28T15:51:15.360134+00:00,GET /runs/{id},GET,200,31.508,True
2026-09-28T15:51:15.371962+00:00,GET /agents/catalog,GET,200,26.611,True
2026-09-28T15:51:15.370957+00:00,GET /workflows/{id},GET,200,32.450,True
2026-09-28T15:51:15.353308+00:00,GET /workflows,GET,200,59.436,True
2026-09-28T15:51:15.365422+00:00,GET /runs/{id}/logs,GET,200,47.806,True
2026-09-28T15:51:15.368937+00:00,GET /runs/{id}/logs,GET,200,47.697,True
2026-09-28T15:51:15.391786+00:00,GET /workflows/{id},GET,200,33.577,True
2026-09-28T15:51:15.371962+00:00,GET /workflows,GET,200,64.839,True
2026-09-28T15:51:15.398494+00:00,GET /workflows/{id},GET,200,43.113,True
2026-09-28T15:51:15.391261+00:00,POST /workflows/{id}/validate,POST,200,51.341,True
2026-09-28T15:51:15.412263+00:00,GET /runs/{id}/logs,GET,200,54.286,True
2026-09-28T15:51:15.403501+00:00,GET /runs/{id}/logs,GET,200,63.728,True
2026-09-28T15:51:15.415262+00:00,GET /runs/{id},GET,200,53.769,True
2026-09-28T15:51:15.436236+00:00,GET /agents/catalog,GET,200,34.327,True
2026-09-28T15:51:15.425431+00:00,POST /workflows/{id}/validate,POST,200,51.821,True
2026-09-28T15:51:15.413263+00:00,GET /workflows,GET,200,64.357,True
2026-09-28T15:51:15.442479+00:00,GET /runs/{id},GET,200,43.688,True
2026-09-28T15:51:15.441476+00:00,GET /runs/{id},GET,200,47.217,True
2026-09-28T15:51:15.467421+00:00,GET /workflows/{id},GET,200,26.853,True
2026-09-28T15:51:15.470121+00:00,GET /workflows/{id},GET,200,31.193,True
2026-09-28T15:51:15.466901+00:00,GET /runs/{id},GET,200,41.690,True
2026-09-28T15:51:15.471163+00:00,GET /runs/{id}/logs,GET,200,41.556,True
2026-09-28T15:51:15.486421+00:00,GET /runs/{id},GET,200,32.796,True
2026-09-28T15:51:15.477415+00:00,GET /workflows,GET,200,47.955,True
2026-09-28T15:51:15.493927+00:00,GET /runs/{id},GET,200,36.730,True
2026-09-28T15:51:15.477415+00:00,GET /workflows,GET,200,53.740,True
2026-09-28T15:51:15.489420+00:00,GET /workflows,GET,200,44.299,True
2026-09-28T15:51:15.507944+00:00,GET /runs/{id},GET,200,31.841,True
2026-09-28T15:51:15.518970+00:00,GET /runs/{id}/logs,GET,200,32.149,True
2026-09-28T15:51:15.525227+00:00,GET /runs/{id},GET,200,28.382,True
2026-09-28T15:51:15.553642+00:00,GET /health,GET,200,6.525,True
2026-09-28T15:51:15.531118+00:00,POST /workflows/{id}/validate,POST,200,31.311,True
2026-09-28T15:51:15.533767+00:00,GET /runs/{id}/logs,GET,200,36.198,True
2026-09-28T15:51:15.531761+00:00,GET /workflows,GET,200,43.145,True
2026-09-28T15:51:15.540764+00:00,GET /workflows,GET,200,40.800,True
2026-09-28T15:51:15.551642+00:00,GET /workflows/{id},GET,200,30.323,True
2026-09-28T15:51:15.559945+00:00,GET /runs/{id},GET,200,31.491,True
2026-09-28T15:51:15.561944+00:00,GET /runs/{id},GET,200,29.722,True
2026-09-28T15:51:15.569946+00:00,GET /workflows/{id},GET,200,22.537,True
2026-09-28T15:51:15.500928+00:00,PUT /workflows/{id},PUT,200,95.659,True
2026-09-28T15:51:15.512485+00:00,PUT /workflows/{id},PUT,500,93.050,False
2026-09-28T15:51:15.574296+00:00,GET /runs/{id},GET,200,33.214,True
2026-09-28T15:51:15.581297+00:00,GET /workflows,GET,200,26.838,True
2026-09-28T15:51:15.581297+00:00,GET /runs/{id}/logs,GET,200,27.166,True
2026-09-28T15:51:15.608948+00:00,GET /health,GET,200,4.866,True
2026-09-28T15:51:15.596943+00:00,GET /workflows/{id},GET,200,28.472,True
2026-09-28T15:51:15.591332+00:00,GET /runs/{id},GET,200,36.451,True
2026-09-28T15:51:15.591332+00:00,GET /workflows,GET,200,57.510,True
2026-09-28T15:51:15.607944+00:00,GET /runs/{id},GET,200,41.704,True
2026-09-28T15:51:15.607944+00:00,GET /runs/{id},GET,200,42.270,True
2026-09-28T15:51:15.613948+00:00,GET /workflows,GET,200,46.106,True
2026-09-28T15:51:15.605943+00:00,GET /runs/{id}/logs,GET,200,55.029,True
2026-09-28T15:51:15.649809+00:00,GET /health,GET,200,11.114,True
2026-09-28T15:51:15.625838+00:00,GET /runs/{id}/logs,GET,200,35.910,True
2026-09-28T15:51:15.649809+00:00,GET /runs/{id}/logs,GET,200,25.295,True
2026-09-28T15:51:15.592331+00:00,PUT /workflows/{id},PUT,200,88.959,True
2026-09-28T15:51:15.649809+00:00,PUT /workflows/{id},PUT,500,32.117,False
2026-09-28T15:51:15.659808+00:00,GET /workflows/{id},GET,200,22.334,True
2026-09-28T15:51:15.660807+00:00,GET /workflows/{id},GET,200,21.896,True
2026-09-28T15:51:15.675812+00:00,GET /health,GET,200,8.049,True
2026-09-28T15:51:15.661807+00:00,GET /workflows/{id},GET,200,22.588,True
2026-09-28T15:51:15.683375+00:00,GET /health,GET,200,6.429,True
2026-09-28T15:51:15.682374+00:00,GET /workflows/{id},GET,200,28.701,True
2026-09-28T15:51:15.682374+00:00,GET /runs/{id}/logs,GET,200,40.148,True
2026-09-28T15:51:15.684374+00:00,GET /runs/{id},GET,200,42.430,True
2026-09-28T15:51:15.627080+00:00,PUT /workflows/{id},PUT,200,99.214,True
2026-09-28T15:51:15.681370+00:00,GET /runs/{id},GET,200,52.071,True
2026-09-28T15:51:15.689976+00:00,GET /agents/catalog,GET,200,44.188,True
2026-09-28T15:51:15.681370+00:00,GET /workflows,GET,200,62.950,True
2026-09-28T15:51:15.723270+00:00,GET /workflows/{id},GET,200,37.889,True
2026-09-28T15:51:15.726779+00:00,GET /workflows/{id},GET,200,41.131,True
2026-09-28T15:51:15.761357+00:00,GET /health,GET,200,10.731,True
2026-09-28T15:51:15.734073+00:00,GET /workflows/{id},GET,200,39.322,True
2026-09-28T15:51:15.660807+00:00,PUT /workflows/{id},PUT,200,113.774,True
2026-09-28T15:51:15.711089+00:00,GET /workflows,GET,200,67.919,True
2026-09-28T15:51:15.744368+00:00,GET /workflows/{id},GET,200,34.945,True
2026-09-28T15:51:15.733467+00:00,PUT /workflows/{id},PUT,200,65.486,True
2026-09-28T15:51:15.778717+00:00,GET /workflows/{id},GET,200,28.268,True
2026-09-28T15:51:15.773686+00:00,GET /workflows/{id},GET,200,34.215,True
2026-09-28T15:51:15.768687+00:00,GET /runs/{id},GET,200,43.631,True
2026-09-28T15:51:15.773686+00:00,GET /runs/{id}/logs,GET,200,39.497,True
2026-09-28T15:51:15.811986+00:00,GET /health,GET,200,7.912,True
2026-09-28T15:51:15.813986+00:00,GET /health,GET,200,7.745,True
2026-09-28T15:51:15.771686+00:00,GET /workflows,GET,200,53.806,True
2026-09-28T15:51:15.799479+00:00,GET /workflows/{id},GET,200,27.180,True
2026-09-28T15:51:15.726779+00:00,PUT /workflows/{id},PUT,200,100.150,True
2026-09-28T15:51:15.778717+00:00,GET /runs/{id}/logs,GET,200,53.646,True
2026-09-28T15:51:15.807987+00:00,GET /agents/catalog,GET,200,26.133,True
2026-09-28T15:51:15.806986+00:00,GET /workflows/{id},GET,200,27.545,True
2026-09-28T15:51:15.819988+00:00,GET /workflows/{id},GET,200,21.255,True
2026-09-28T15:51:15.835060+00:00,GET /health,GET,200,8.727,True
2026-09-28T15:51:15.832060+00:00,GET /runs/{id},GET,200,33.521,True
2026-09-28T15:51:15.844138+00:00,GET /workflows/{id},GET,200,25.137,True
2026-09-28T15:51:15.834062+00:00,GET /runs/{id}/logs,GET,200,36.137,True
2026-09-28T15:51:15.821986+00:00,GET /workflows,GET,200,48.688,True
2026-09-28T15:51:15.841138+00:00,GET /runs/{id},GET,200,31.776,True
2026-09-28T15:51:15.826551+00:00,GET /workflows,GET,200,50.049,True
2026-09-28T15:51:15.826551+00:00,GET /workflows,GET,200,50.798,True
2026-09-28T15:51:15.825548+00:00,GET /workflows,GET,200,53.893,True
2026-09-28T15:51:15.868764+00:00,GET /runs/{id}/logs,GET,200,27.285,True
2026-09-28T15:51:15.865764+00:00,GET /runs/{id}/logs,GET,200,30.726,True
2026-09-28T15:51:15.869764+00:00,GET /runs/{id},GET,200,27.356,True
2026-09-28T15:51:15.870764+00:00,GET /runs/{id},GET,200,27.619,True
2026-09-28T15:51:15.877765+00:00,POST /workflows/{id}/validate,POST,200,22.771,True
2026-09-28T15:51:15.879764+00:00,GET /agents/catalog,GET,200,20.918,True
2026-09-28T15:51:15.876765+00:00,GET /workflows,GET,200,30.714,True
2026-09-28T15:51:15.896767+00:00,GET /runs/{id},GET,200,17.865,True
2026-09-28T15:51:15.900768+00:00,GET /workflows/{id},GET,200,16.955,True
2026-09-28T15:51:15.897769+00:00,POST /workflows/{id}/validate,POST,200,23.758,True
2026-09-28T15:51:15.899768+00:00,GET /runs/{id},GET,200,22.511,True
2026-09-28T15:51:15.907524+00:00,GET /runs/{id}/logs,GET,200,21.955,True
2026-09-28T15:51:15.895767+00:00,GET /workflows,GET,200,34.244,True
2026-09-28T15:51:15.914531+00:00,GET /workflows/{id},GET,200,19.543,True
2026-09-28T15:51:15.922160+00:00,GET /agents/catalog,GET,200,13.459,True
2026-09-28T15:51:15.934185+00:00,GET /workflows/{id},GET,200,13.971,True
2026-09-28T15:51:15.929186+00:00,GET /runs/{id}/logs,GET,200,19.463,True
2026-09-28T15:51:15.872763+00:00,PUT /workflows/{id},PUT,200,76.541,True
2026-09-28T15:51:15.930184+00:00,GET /runs/{id},GET,200,21.529,True
2026-09-28T15:51:15.936532+00:00,GET /workflows/{id},GET,200,16.019,True
2026-09-28T15:51:15.947547+00:00,GET /agents/catalog,GET,200,10.888,True
2026-09-28T15:51:15.948547+00:00,GET /runs/{id},GET,200,16.023,True
2026-09-28T15:51:15.896767+00:00,PUT /workflows/{id},PUT,200,67.706,True
2026-09-28T15:51:15.949547+00:00,GET /runs/{id},GET,200,16.157,True
2026-09-28T15:51:15.958546+00:00,GET /workflows,GET,200,27.954,True
2026-09-28T15:51:15.964567+00:00,GET /runs/{id}/logs,GET,200,23.120,True
2026-09-28T15:51:15.965566+00:00,POST /workflows/{id}/validate,POST,200,23.251,True
2026-09-28T15:51:15.917531+00:00,PUT /workflows/{id},PUT,200,74.731,True
2026-09-28T15:51:15.922160+00:00,PUT /workflows/{id},PUT,500,78.881,False
2026-09-28T15:51:15.964567+00:00,GET /workflows,GET,200,36.367,True
2026-09-28T15:51:15.987073+00:00,GET /runs/{id},GET,200,27.643,True
2026-09-28T15:51:15.989136+00:00,GET /agents/catalog,GET,200,28.092,True
2026-09-28T15:51:15.987583+00:00,GET /runs/{id},GET,200,32.588,True
2026-09-28T15:51:16.000784+00:00,GET /workflows/{id},GET,200,22.017,True
2026-09-28T15:51:16.000784+00:00,GET /workflows/{id},GET,200,27.195,True
2026-09-28T15:51:15.951548+00:00,PUT /workflows/{id},PUT,200,84.278,True
2026-09-28T15:51:15.952547+00:00,PUT /workflows/{id},PUT,500,85.888,False
2026-09-28T15:51:16.017313+00:00,GET /workflows/{id},GET,200,23.534,True
2026-09-28T15:51:16.020880+00:00,GET /workflows/{id},GET,200,22.264,True
2026-09-28T15:51:16.036001+00:00,GET /health,GET,200,7.456,True
2026-09-28T15:51:16.014809+00:00,POST /workflows/{id}/validate,POST,200,32.517,True
2026-09-28T15:51:16.022884+00:00,GET /workflows,GET,200,33.241,True
2026-09-28T15:51:16.040060+00:00,POST /workflows/{id}/validate,POST,200,29.888,True
2026-09-28T15:51:16.043416+00:00,GET /runs/{id},GET,200,27.604,True
2026-09-28T15:51:16.070562+00:00,GET /health,GET,200,6.659,True
2026-09-28T15:51:15.992140+00:00,PUT /workflows/{id},PUT,200,86.284,True
2026-09-28T15:51:16.056562+00:00,GET /workflows/{id},GET,200,28.433,True
2026-09-28T15:51:16.038058+00:00,PUT /workflows/{id},PUT,500,47.310,False
2026-09-28T15:51:16.076929+00:00,GET /agents/catalog,GET,200,25.177,True
2026-09-28T15:51:16.070562+00:00,GET /runs/{id}/logs,GET,200,34.259,True
2026-09-28T15:51:16.105017+00:00,GET /health,GET,200,9.258,True
2026-09-28T15:51:16.027884+00:00,PUT /workflows/{id},PUT,200,89.147,True
2026-09-28T15:51:16.077930+00:00,GET /runs/{id},GET,200,50.498,True
2026-09-28T15:51:16.084928+00:00,POST /workflows/{id}/validate,POST,200,48.335,True
2026-09-28T15:51:16.113704+00:00,GET /workflows/{id},GET,200,37.283,True
2026-09-28T15:51:16.047520+00:00,PUT /workflows/{id},PUT,200,168.245,True
2026-09-28T15:51:16.043416+00:00,PUT /workflows/{id},PUT,500,171.881,False
2026-09-28T15:51:16.084928+00:00,GET /workflows,GET,200,131.140,True
2026-09-28T15:51:16.102018+00:00,GET /workflows,GET,200,115.030,True
2026-09-28T15:51:16.116704+00:00,GET /workflows,GET,200,100.710,True
2026-09-28T15:51:16.133277+00:00,GET /workflows/{id},GET,200,86.041,True
2026-09-28T15:51:16.129140+00:00,GET /workflows/{id},GET,200,91.188,True
2026-09-28T15:51:16.215523+00:00,GET /health,GET,200,12.368,True
2026-09-28T15:51:16.217523+00:00,POST /workflows/{id}/validate,POST,200,39.682,True
2026-09-28T15:51:16.151391+00:00,GET /workflows,GET,200,111.974,True
2026-09-28T15:51:16.220312+00:00,GET /runs/{id}/logs,GET,200,43.953,True
2026-09-28T15:51:16.215523+00:00,GET /runs/{id}/logs,GET,200,49.502,True
2026-09-28T15:51:16.227464+00:00,POST /workflows/{id}/validate,POST,200,42.434,True
2026-09-28T15:51:16.219006+00:00,PUT /workflows/{id},PUT,200,56.216,True
2026-09-28T15:51:16.270702+00:00,GET /health,GET,200,5.344,True
2026-09-28T15:51:16.216523+00:00,PUT /workflows/{id},PUT,500,68.477,False
2026-09-28T15:51:16.217523+00:00,GET /workflows,GET,200,68.807,True
2026-09-28T15:51:16.257213+00:00,GET /runs/{id}/logs,GET,200,30.835,True
2026-09-28T15:51:16.265196+00:00,GET /agents/catalog,GET,200,27.238,True
2026-09-28T15:51:16.263888+00:00,GET /runs/{id}/logs,GET,200,36.984,True
2026-09-28T15:51:16.263888+00:00,GET /runs/{id},GET,200,52.548,True
2026-09-28T15:51:16.288195+00:00,POST /workflows/{id}/validate,POST,200,42.326,True
2026-09-28T15:51:16.286627+00:00,GET /runs/{id},GET,200,52.903,True
2026-09-28T15:51:16.292354+00:00,GET /runs/{id},GET,200,47.986,True
2026-09-28T15:51:16.315907+00:00,GET /workflows/{id},GET,200,27.011,True
2026-09-28T15:51:16.275692+00:00,GET /workflows,GET,200,70.837,True
2026-09-28T15:51:16.284625+00:00,GET /runs/{id},GET,200,61.359,True
2026-09-28T15:51:16.275692+00:00,GET /workflows,GET,200,74.822,True
2026-09-28T15:51:16.301238+00:00,GET /runs/{id}/logs,GET,200,51.809,True
2026-09-28T15:51:16.330391+00:00,GET /runs/{id},GET,200,30.619,True
2026-09-28T15:51:16.346285+00:00,GET /agents/catalog,GET,200,30.052,True
2026-09-28T15:51:16.339775+00:00,GET /workflows/{id},GET,200,40.148,True
2026-09-28T15:51:16.353285+00:00,GET /runs/{id}/logs,GET,200,35.550,True
2026-09-28T15:51:16.350286+00:00,GET /runs/{id}/logs,GET,200,47.060,True
2026-09-28T15:51:16.339775+00:00,GET /workflows,GET,200,67.257,True
2026-09-28T15:51:16.343286+00:00,GET /workflows,GET,200,73.325,True
2026-09-28T15:51:16.346285+00:00,GET /workflows,GET,200,74.168,True
2026-09-28T15:51:16.388147+00:00,POST /workflows/{id}/validate,POST,200,40.879,True
2026-09-28T15:51:16.379126+00:00,GET /runs/{id}/logs,GET,200,50.593,True
2026-09-28T15:51:16.397275+00:00,GET /runs/{id},GET,200,52.720,True
2026-09-28T15:51:16.376614+00:00,GET /workflows,GET,200,74.941,True
2026-09-28T15:51:16.429874+00:00,GET /workflows/{id},GET,200,26.666,True
2026-09-28T15:51:16.407362+00:00,GET /runs/{id},GET,200,51.316,True
2026-09-28T15:51:16.450792+00:00,GET /health,GET,200,8.354,True
2026-09-28T15:51:16.361101+00:00,PUT /workflows/{id},PUT,200,103.715,True
2026-09-28T15:51:16.416525+00:00,GET /runs/{id},GET,200,48.664,True
2026-09-28T15:51:16.428979+00:00,GET /runs/{id},GET,200,36.675,True
2026-09-28T15:51:16.458588+00:00,GET /health,GET,200,7.546,True
2026-09-28T15:51:16.420581+00:00,GET /workflows,GET,200,49.510,True
2026-09-28T15:51:16.450792+00:00,GET /runs/{id},GET,200,30.402,True
2026-09-28T15:51:16.456587+00:00,GET /runs/{id}/logs,GET,200,28.495,True
2026-09-28T15:51:16.458588+00:00,POST /workflows/{id}/validate,POST,200,28.973,True
2026-09-28T15:51:16.465591+00:00,GET /workflows/{id},GET,200,25.178,True
2026-09-28T15:51:16.466593+00:00,GET /workflows/{id},GET,200,26.492,True
2026-09-28T15:51:16.469591+00:00,GET /workflows/{id},GET,200,25.392,True
2026-09-28T15:51:16.464592+00:00,GET /runs/{id},GET,200,34.227,True
2026-09-28T15:51:16.487685+00:00,GET /workflows/{id},GET,200,26.278,True
2026-09-28T15:51:16.464592+00:00,GET /workflows,GET,200,62.612,True
2026-09-28T15:51:16.485662+00:00,GET /runs/{id}/logs,GET,200,42.274,True
2026-09-28T15:51:16.481663+00:00,GET /runs/{id}/logs,GET,200,46.896,True
2026-09-28T15:51:16.495690+00:00,GET /runs/{id},GET,200,37.044,True
2026-09-28T15:51:16.490688+00:00,POST /workflows/{id}/validate,POST,200,41.952,True
2026-09-28T15:51:16.499689+00:00,GET /runs/{id},GET,200,38.635,True
2026-09-28T15:51:16.492689+00:00,GET /workflows,GET,200,52.740,True
2026-09-28T15:51:16.528166+00:00,GET /workflows/{id},GET,200,22.180,True
2026-09-28T15:51:16.527649+00:00,GET /runs/{id},GET,200,26.944,True
2026-09-28T15:51:16.549528+00:00,GET /health,GET,200,6.964,True
2026-09-28T15:51:16.532899+00:00,GET /runs/{id},GET,200,25.606,True
2026-09-28T15:51:16.554528+00:00,GET /health,GET,200,6.592,True
2026-09-28T15:51:16.537954+00:00,GET /runs/{id},GET,200,23.179,True
2026-09-28T15:51:16.545529+00:00,GET /runs/{id}/logs,GET,200,21.803,True
2026-09-28T15:51:16.532899+00:00,GET /workflows,GET,200,41.465,True
2026-09-28T15:51:16.556528+00:00,POST /workflows/{id}/validate,POST,200,23.129,True
2026-09-28T15:51:16.561533+00:00,GET /workflows/{id},GET,200,24.014,True
2026-09-28T15:51:16.560529+00:00,GET /agents/catalog,GET,200,25.284,True
2026-09-28T15:51:16.558527+00:00,GET /runs/{id},GET,200,32.386,True
2026-09-28T15:51:16.567535+00:00,POST /workflows/{id}/validate,POST,200,31.698,True
2026-09-28T15:51:16.579545+00:00,GET /workflows/{id},GET,200,24.859,True
2026-09-28T15:51:16.514516+00:00,PUT /workflows/{id},PUT,200,104.612,True
2026-09-28T15:51:16.586545+00:00,GET /runs/{id}/logs,GET,200,43.897,True
2026-09-28T15:51:16.585544+00:00,GET /runs/{id},GET,200,51.003,True
2026-09-28T15:51:16.590653+00:00,GET /runs/{id}/logs,GET,200,46.283,True
2026-09-28T15:51:16.528166+00:00,PUT /workflows/{id},PUT,200,113.836,True
2026-09-28T15:51:16.574532+00:00,GET /workflows,GET,200,76.068,True
2026-09-28T15:51:16.618869+00:00,GET /runs/{id},GET,200,38.661,True
2026-09-28T15:51:16.605207+00:00,GET /workflows,GET,200,61.817,True
2026-09-28T15:51:16.641911+00:00,GET /agents/catalog,GET,200,28.071,True
2026-09-28T15:51:16.636912+00:00,GET /runs/{id},GET,200,34.643,True
2026-09-28T15:51:16.629909+00:00,GET /workflows,GET,200,52.574,True
2026-09-28T15:51:16.635911+00:00,GET /workflows,GET,200,51.543,True
2026-09-28T15:51:16.598654+00:00,PUT /workflows/{id},PUT,200,97.184,True
2026-09-28T15:51:16.666921+00:00,GET /runs/{id},GET,200,32.384,True
2026-09-28T15:51:16.650921+00:00,GET /workflows,GET,200,53.612,True
2026-09-28T15:51:16.669920+00:00,GET /runs/{id},GET,200,43.005,True
2026-09-28T15:51:16.656919+00:00,GET /workflows,GET,200,66.935,True
2026-09-28T15:51:16.682920+00:00,POST /workflows/{id}/validate,POST,200,44.282,True
2026-09-28T15:51:16.671920+00:00,GET /workflows,GET,200,65.000,True
2026-09-28T15:51:16.704729+00:00,GET /workflows/{id},GET,200,33.051,True
2026-09-28T15:51:16.695925+00:00,GET /runs/{id}/logs,GET,200,45.282,True
2026-09-28T15:51:16.698925+00:00,GET /runs/{id},GET,200,45.620,True
2026-09-28T15:51:16.687919+00:00,PUT /workflows/{id},PUT,200,64.091,True
2026-09-28T15:51:16.713264+00:00,POST /workflows/{id}/validate,POST,200,38.987,True
2026-09-28T15:51:16.724033+00:00,GET /runs/{id}/logs,GET,200,30.775,True
2026-09-28T15:51:16.727036+00:00,GET /runs/{id},GET,200,32.539,True
2026-09-28T15:51:16.737788+00:00,GET /agents/catalog,GET,200,22.813,True
2026-09-28T15:51:16.759823+00:00,GET /health,GET,200,7.247,True
2026-09-28T15:51:16.744518+00:00,GET /agents/catalog,GET,200,28.961,True
2026-09-28T15:51:16.741519+00:00,GET /runs/{id},GET,200,37.502,True
2026-09-28T15:51:16.752823+00:00,GET /runs/{id}/logs,GET,200,34.442,True
2026-09-28T15:51:16.736789+00:00,GET /workflows,GET,200,50.592,True
2026-09-28T15:51:16.754822+00:00,GET /workflows/{id},GET,200,33.068,True
2026-09-28T15:51:16.751819+00:00,GET /runs/{id},GET,200,38.859,True
2026-09-28T15:51:16.759823+00:00,GET /runs/{id},GET,200,31.607,True
2026-09-28T15:51:16.774210+00:00,GET /workflows/{id},GET,200,21.849,True
2026-09-28T15:51:16.767181+00:00,POST /workflows/{id}/validate,POST,200,30.047,True
2026-09-28T15:51:16.795517+00:00,GET /workflows/{id},GET,200,23.094,True
2026-09-28T15:51:16.797522+00:00,GET /workflows/{id},GET,200,27.181,True
2026-09-28T15:51:16.791010+00:00,GET /runs/{id},GET,200,35.111,True
2026-09-28T15:51:16.791010+00:00,GET /runs/{id}/logs,GET,200,36.355,True
2026-09-28T15:51:16.786909+00:00,GET /runs/{id}/logs,GET,200,44.787,True
2026-09-28T15:51:16.827772+00:00,GET /health,GET,200,8.120,True
2026-09-28T15:51:16.786909+00:00,GET /workflows,GET,200,51.486,True
2026-09-28T15:51:16.819061+00:00,GET /agents/catalog,GET,200,24.711,True
2026-09-28T15:51:16.788413+00:00,GET /workflows,GET,200,56.030,True
2026-09-28T15:51:16.825196+00:00,GET /workflows/{id},GET,200,28.229,True
2026-09-28T15:51:16.831954+00:00,GET /agents/catalog,GET,200,27.934,True
2026-09-28T15:51:16.843353+00:00,GET /workflows/{id},GET,200,19.615,True
2026-09-28T15:51:16.844352+00:00,GET /workflows/{id},GET,200,25.903,True
2026-09-28T15:51:16.779244+00:00,PUT /workflows/{id},PUT,200,93.538,True
2026-09-28T15:51:16.835237+00:00,GET /runs/{id},GET,200,44.324,True
2026-09-28T15:51:16.872353+00:00,GET /health,GET,200,7.500,True
2026-09-28T15:51:16.853358+00:00,GET /runs/{id},GET,200,27.451,True
2026-09-28T15:51:16.859354+00:00,GET /runs/{id},GET,200,25.821,True
2026-09-28T15:51:16.880352+00:00,GET /health,GET,200,6.289,True
2026-09-28T15:51:16.885352+00:00,GET /health,GET,200,5.894,True
2026-09-28T15:51:16.863352+00:00,GET /runs/{id},GET,200,28.709,True
2026-09-28T15:51:16.891351+00:00,GET /health,GET,200,6.552,True
2026-09-28T15:51:16.838236+00:00,GET /workflows,GET,200,61.739,True
2026-09-28T15:51:16.886351+00:00,GET /agents/catalog,GET,200,22.833,True
2026-09-28T15:51:16.880352+00:00,GET /runs/{id}/logs,GET,200,32.596,True
2026-09-28T15:51:16.826225+00:00,PUT /workflows/{id},PUT,200,87.841,True
2026-09-28T15:51:16.879352+00:00,PUT /workflows/{id},PUT,500,43.444,False
2026-09-28T15:51:16.891351+00:00,GET /workflows,GET,200,33.608,True
2026-09-28T15:51:16.898355+00:00,GET /runs/{id},GET,200,44.062,True
2026-09-28T15:51:16.900356+00:00,GET /runs/{id}/logs,GET,200,42.396,True
2026-09-28T15:51:16.909615+00:00,GET /runs/{id}/logs,GET,200,34.632,True
2026-09-28T15:51:16.913131+00:00,GET /runs/{id},GET,200,42.199,True
2026-09-28T15:51:16.925824+00:00,GET /runs/{id},GET,200,32.598,True
2026-09-28T15:51:16.923315+00:00,GET /runs/{id}/logs,GET,200,36.616,True
2026-09-28T15:51:16.954955+00:00,GET /health,GET,200,5.780,True
2026-09-28T15:51:16.957956+00:00,GET /health,GET,200,7.178,True
2026-09-28T15:51:16.870352+00:00,PUT /workflows/{id},PUT,200,96.167,True
2026-09-28T15:51:16.959957+00:00,GET /health,GET,200,6.540,True
2026-09-28T15:51:16.913131+00:00,GET /workflows,GET,200,57.351,True
2026-09-28T15:51:16.943955+00:00,GET /runs/{id}/logs,GET,200,29.612,True
2026-09-28T15:51:16.942956+00:00,GET /runs/{id}/logs,GET,200,42.772,True
2026-09-28T15:51:16.960955+00:00,GET /runs/{id},GET,200,30.131,True
2026-09-28T15:51:16.985349+00:00,GET /health,GET,200,6.081,True
2026-09-28T15:51:16.973960+00:00,GET /workflows/{id},GET,200,23.577,True
2026-09-28T15:51:16.964960+00:00,GET /runs/{id},GET,200,32.240,True
2026-09-28T15:51:16.965960+00:00,GET /runs/{id},GET,200,31.568,True
2026-09-28T15:51:16.991364+00:00,GET /health,GET,200,7.166,True
2026-09-28T15:51:16.970960+00:00,GET /agents/catalog,GET,200,27.660,True
2026-09-28T15:51:16.941957+00:00,GET /workflows,GET,200,61.459,True
2026-09-28T15:51:16.966961+00:00,GET /workflows,GET,200,55.559,True
2026-09-28T15:51:16.997033+00:00,GET /workflows/{id},GET,200,29.942,True
2026-09-28T15:51:16.998033+00:00,GET /agents/catalog,GET,200,30.135,True
2026-09-28T15:51:16.991364+00:00,GET /workflows/{id},GET,200,37.260,True
2026-09-28T15:51:16.999033+00:00,GET /runs/{id}/logs,GET,200,35.612,True
2026-09-28T15:51:16.998033+00:00,GET /runs/{id},GET,200,36.415,True
2026-09-28T15:51:17.004034+00:00,GET /runs/{id}/logs,GET,200,32.117,True
2026-09-28T15:51:16.997033+00:00,POST /workflows/{id}/validate,POST,200,47.950,True
2026-09-28T15:51:17.021687+00:00,GET /runs/{id}/logs,GET,200,28.211,True
2026-09-28T15:51:17.050525+00:00,GET /health,GET,200,9.623,True
2026-09-28T15:51:17.034219+00:00,GET /agents/catalog,GET,200,26.093,True
2026-09-28T15:51:17.027711+00:00,GET /agents/catalog,GET,200,32.733,True
2026-09-28T15:51:17.027711+00:00,GET /runs/{id},GET,200,33.838,True
2026-09-28T15:51:17.035220+00:00,GET /runs/{id},GET,200,30.104,True
2026-09-28T15:51:17.060156+00:00,GET /health,GET,200,6.165,True
2026-09-28T15:51:17.045219+00:00,GET /agents/catalog,GET,200,21.625,True
2026-09-28T15:51:17.036219+00:00,GET /runs/{id},GET,200,33.371,True
2026-09-28T15:51:17.028710+00:00,GET /workflows,GET,200,42.708,True
2026-09-28T15:51:17.066727+00:00,GET /health,GET,200,7.251,True
2026-09-28T15:51:17.060723+00:00,GET /runs/{id},GET,200,31.614,True
2026-09-28T15:51:17.060723+00:00,GET /runs/{id},GET,200,31.429,True
2026-09-28T15:51:17.064727+00:00,GET /runs/{id},GET,200,33.512,True
2026-09-28T15:51:17.065727+00:00,GET /runs/{id}/logs,GET,200,43.380,True
2026-09-28T15:51:17.071819+00:00,GET /runs/{id}/logs,GET,200,38.893,True
2026-09-28T15:51:17.073819+00:00,GET /runs/{id},GET,200,47.086,True
2026-09-28T15:51:17.061728+00:00,GET /workflows,GET,200,63.344,True
2026-09-28T15:51:17.092236+00:00,GET /runs/{id}/logs,GET,200,41.913,True
2026-09-28T15:51:17.092236+00:00,POST /workflows/{id}/validate,POST,200,47.575,True
2026-09-28T15:51:17.109990+00:00,GET /workflows/{id},GET,200,30.703,True
2026-09-28T15:51:17.124605+00:00,GET /workflows/{id},GET,200,25.269,True
2026-09-28T15:51:17.110495+00:00,GET /runs/{id},GET,200,40.146,True
2026-09-28T15:51:17.121003+00:00,POST /workflows/{id}/validate,POST,200,29.826,True
2026-09-28T15:51:17.150265+00:00,GET /health,GET,200,7.588,True
2026-09-28T15:51:17.150265+00:00,GET /health,GET,200,7.752,True
2026-09-28T15:51:17.068727+00:00,PUT /workflows/{id},PUT,200,94.114,True
2026-09-28T15:51:17.140261+00:00,GET /workflows/{id},GET,200,23.228,True
2026-09-28T15:51:17.139261+00:00,GET /runs/{id}/logs,GET,200,29.836,True
2026-09-28T15:51:17.134213+00:00,GET /runs/{id},GET,200,35.814,True
2026-09-28T15:51:17.158041+00:00,GET /workflows/{id},GET,200,19.878,True
2026-09-28T15:51:17.098238+00:00,PUT /workflows/{id},PUT,200,83.980,True
2026-09-28T15:51:17.158041+00:00,GET /runs/{id},GET,200,24.351,True
2026-09-28T15:51:17.163595+00:00,GET /agents/catalog,GET,200,19.778,True
2026-09-28T15:51:17.169598+00:00,GET /workflows/{id},GET,200,13.901,True
2026-09-28T15:51:17.163595+00:00,GET /runs/{id}/logs,GET,200,23.740,True
2026-09-28T15:51:17.183105+00:00,GET /workflows/{id},GET,200,17.812,True
2026-09-28T15:51:17.182105+00:00,GET /workflows/{id},GET,200,26.123,True
2026-09-28T15:51:17.187106+00:00,POST /workflows/{id}/validate,POST,200,30.983,True
2026-09-28T15:51:17.183105+00:00,GET /runs/{id}/logs,GET,200,35.775,True
2026-09-28T15:51:17.184106+00:00,GET /runs/{id},GET,200,40.989,True
2026-09-28T15:51:17.177598+00:00,GET /workflows,GET,200,53.971,True
2026-09-28T15:51:17.200899+00:00,GET /workflows/{id},GET,200,31.613,True
2026-09-28T15:51:17.208698+00:00,GET /workflows/{id},GET,200,28.823,True
2026-09-28T15:51:17.150265+00:00,PUT /workflows/{id},PUT,200,99.874,True
2026-09-28T15:51:17.218480+00:00,GET /agents/catalog,GET,200,32.091,True
2026-09-28T15:51:17.232913+00:00,GET /workflows/{id},GET,200,25.814,True
2026-09-28T15:51:17.169598+00:00,PUT /workflows/{id},PUT,200,99.341,True
2026-09-28T15:51:17.224900+00:00,GET /runs/{id},GET,200,45.240,True
2026-09-28T15:51:17.218480+00:00,GET /runs/{id},GET,200,51.811,True
2026-09-28T15:51:17.237754+00:00,GET /runs/{id},GET,200,33.756,True
2026-09-28T15:51:17.232408+00:00,GET /runs/{id},GET,200,42.296,True
2026-09-28T15:51:17.268952+00:00,GET /health,GET,200,6.493,True
2026-09-28T15:51:17.257952+00:00,GET /workflows/{id},GET,200,20.248,True
2026-09-28T15:51:17.250429+00:00,POST /workflows/{id}/validate,POST,200,28.692,True
2026-09-28T15:51:17.249429+00:00,GET /agents/catalog,GET,200,29.577,True
2026-09-28T15:51:17.270953+00:00,GET /agents/catalog,GET,200,20.687,True
2026-09-28T15:51:17.274951+00:00,GET /agents/catalog,GET,200,16.458,True
2026-09-28T15:51:17.269953+00:00,POST /workflows/{id}/validate,POST,200,22.781,True
2026-09-28T15:51:17.273951+00:00,GET /workflows/{id},GET,200,19.175,True
2026-09-28T15:51:17.279461+00:00,GET /runs/{id}/logs,GET,200,18.298,True
2026-09-28T15:51:17.291416+00:00,GET /runs/{id}/logs,GET,200,23.344,True
2026-09-28T15:51:17.279461+00:00,GET /workflows,GET,200,36.551,True
2026-09-28T15:51:17.293416+00:00,POST /workflows/{id}/validate,POST,200,23.772,True
2026-09-28T15:51:17.293416+00:00,POST /workflows/{id}/validate,POST,200,23.583,True
2026-09-28T15:51:17.297415+00:00,GET /runs/{id}/logs,GET,200,19.863,True
2026-09-28T15:51:17.316854+00:00,GET /health,GET,200,5.465,True
2026-09-28T15:51:17.316854+00:00,GET /health,GET,200,6.516,True
2026-09-28T15:51:17.317855+00:00,POST /workflows/{id}/validate,POST,200,26.659,True
2026-09-28T15:51:17.315856+00:00,GET /runs/{id}/logs,GET,200,29.195,True
2026-09-28T15:51:17.314435+00:00,GET /runs/{id}/logs,GET,200,30.238,True
2026-09-28T15:51:17.344931+00:00,GET /health,GET,200,9.280,True
2026-09-28T15:51:17.270953+00:00,PUT /workflows/{id},PUT,200,91.198,True
2026-09-28T15:51:17.343927+00:00,GET /agents/catalog,GET,200,31.803,True
2026-09-28T15:51:17.322006+00:00,GET /workflows,GET,200,60.542,True
2026-09-28T15:51:17.278456+00:00,PUT /workflows/{id},PUT,200,123.931,True
2026-09-28T15:51:17.323006+00:00,GET /workflows,GET,200,79.761,True
2026-09-28T15:51:17.291416+00:00,PUT /workflows/{id},PUT,500,112.436,False
2026-09-28T15:51:17.344931+00:00,GET /workflows,GET,200,59.446,True
2026-09-28T15:51:17.361872+00:00,GET /runs/{id},GET,200,42.686,True
2026-09-28T15:51:17.375876+00:00,GET /workflows/{id},GET,200,29.358,True
2026-09-28T15:51:17.354309+00:00,GET /runs/{id},GET,200,51.877,True
2026-09-28T15:51:17.383201+00:00,PUT /workflows/{id},PUT,200,43.939,True
2026-09-28T15:51:17.405199+00:00,POST /workflows/{id}/validate,POST,200,25.271,True
2026-09-28T15:51:17.403321+00:00,GET /runs/{id}/logs,GET,200,29.930,True
2026-09-28T15:51:17.401817+00:00,GET /runs/{id},GET,200,32.101,True
2026-09-28T15:51:17.406199+00:00,GET /runs/{id},GET,200,35.685,True
2026-09-28T15:51:17.405199+00:00,PUT /workflows/{id},PUT,200,52.328,True
2026-09-28T15:51:17.404195+00:00,PUT /workflows/{id},PUT,500,53.865,False
2026-09-28T15:51:17.457548+00:00,GET /health,GET,0,2.310,False
2026-09-28T15:51:17.405199+00:00,PUT /workflows/{id},PUT,500,55.666,False
2026-09-28T15:51:17.430116+00:00,GET /runs/{id}/logs,GET,200,30.590,True
2026-09-28T15:51:17.426841+00:00,GET /runs/{id},GET,200,35.595,True
2026-09-28T15:51:17.434904+00:00,GET /runs/{id},GET,200,28.727,True
2026-09-28T15:51:17.432259+00:00,GET /runs/{id},GET,200,30.910,True
2026-09-28T15:51:17.457548+00:00,GET /workflows/{id},GET,200,15.967,True
2026-09-28T15:51:17.460055+00:00,GET /workflows/{id},GET,200,16.380,True
2026-09-28T15:51:17.461311+00:00,GET /workflows/{id},GET,200,15.980,True
2026-09-28T15:51:17.462317+00:00,GET /runs/{id}/logs,GET,200,21.684,True
2026-09-28T15:51:17.463316+00:00,GET /runs/{id},GET,200,21.582,True
2026-09-28T15:51:17.476818+00:00,GET /workflows/{id},GET,200,15.712,True
2026-09-28T15:51:17.473315+00:00,GET /runs/{id},GET,200,19.709,True
2026-09-28T15:51:17.460055+00:00,PUT /workflows/{id},PUT,200,35.809,True
2026-09-28T15:51:17.484839+00:00,GET /runs/{id},GET,200,22.009,True
2026-09-28T15:51:17.495268+00:00,GET /workflows/{id},GET,200,14.622,True
2026-09-28T15:51:17.492244+00:00,POST /workflows/{id}/validate,POST,200,24.102,True
2026-09-28T15:51:17.441661+00:00,PUT /workflows/{id},PUT,200,75.669,True
2026-09-28T15:51:17.493265+00:00,GET /runs/{id}/logs,GET,200,25.218,True
2026-09-28T15:51:17.483839+00:00,GET /workflows,GET,200,38.050,True
2026-09-28T15:51:17.516543+00:00,GET /health,GET,200,6.638,True
2026-09-28T15:51:17.506950+00:00,GET /runs/{id},GET,200,32.791,True
2026-09-28T15:51:17.518541+00:00,GET /runs/{id}/logs,GET,200,27.729,True
2026-09-28T15:51:17.464316+00:00,PUT /workflows/{id},PUT,200,84.825,True
2026-09-28T15:51:17.522181+00:00,GET /runs/{id},GET,200,29.361,True
2026-09-28T15:51:17.539356+00:00,GET /workflows/{id},GET,200,18.643,True
2026-09-28T15:51:17.517542+00:00,GET /workflows,GET,200,46.135,True
2026-09-28T15:51:17.476818+00:00,PUT /workflows/{id},PUT,200,89.441,True
2026-09-28T15:51:17.523185+00:00,GET /workflows,GET,200,43.494,True
2026-09-28T15:51:17.545614+00:00,GET /workflows/{id},GET,200,24.666,True
2026-09-28T15:51:17.548617+00:00,POST /workflows/{id}/validate,POST,200,23.922,True
2026-09-28T15:51:17.551617+00:00,GET /runs/{id}/logs,GET,200,25.954,True
2026-09-28T15:51:17.558620+00:00,GET /runs/{id}/logs,GET,200,31.812,True
2026-09-28T15:51:17.566619+00:00,GET /runs/{id},GET,200,35.197,True
2026-09-28T15:51:17.573128+00:00,GET /workflows/{id},GET,200,31.232,True
2026-09-28T15:51:17.571129+00:00,GET /workflows/{id},GET,200,33.726,True
2026-09-28T15:51:17.566619+00:00,GET /runs/{id},GET,200,42.624,True
2026-09-28T15:51:17.510452+00:00,PUT /workflows/{id},PUT,200,101.217,True
2026-09-28T15:51:17.563620+00:00,GET /workflows,GET,200,54.078,True
2026-09-28T15:51:17.578131+00:00,GET /runs/{id}/logs,GET,200,40.686,True
2026-09-28T15:51:17.609822+00:00,GET /workflows/{id},GET,200,31.144,True
2026-09-28T15:51:17.604824+00:00,POST /workflows/{id}/validate,POST,200,43.826,True
2026-09-28T15:51:17.603823+00:00,POST /workflows/{id}/validate,POST,200,44.878,True
2026-09-28T15:51:17.601822+00:00,GET /runs/{id}/logs,GET,200,52.289,True
2026-09-28T15:51:17.618824+00:00,GET /workflows/{id},GET,200,41.289,True
2026-09-28T15:51:17.590693+00:00,GET /workflows,GET,200,70.616,True
2026-09-28T15:51:17.611822+00:00,PUT /workflows/{id},PUT,200,57.158,True
2026-09-28T15:51:17.654751+00:00,GET /workflows/{id},GET,200,30.260,True
2026-09-28T15:51:17.640791+00:00,GET /runs/{id}/logs,GET,200,44.738,True
2026-09-28T15:51:17.660521+00:00,GET /workflows/{id},GET,200,26.995,True
2026-09-28T15:51:17.649270+00:00,POST /workflows/{id}/validate,POST,200,39.952,True
2026-09-28T15:51:17.617822+00:00,GET /workflows,GET,200,73.500,True
2026-09-28T15:51:17.684837+00:00,GET /workflows/{id},GET,200,21.285,True
2026-09-28T15:51:17.659491+00:00,GET /workflows,GET,200,47.700,True
2026-09-28T15:51:17.706842+00:00,GET /health,GET,200,6.083,True
2026-09-28T15:51:17.684837+00:00,POST /workflows/{id}/validate,POST,200,32.806,True
2026-09-28T15:51:17.669154+00:00,PUT /workflows/{id},PUT,200,50.543,True
2026-09-28T15:51:17.718877+00:00,GET /health,GET,200,3.610,True
2026-09-28T15:51:17.722877+00:00,GET /health,GET,200,3.362,True
2026-09-28T15:51:17.707843+00:00,POST /workflows/{id}/validate,POST,200,21.728,True
2026-09-28T15:51:17.717877+00:00,GET /workflows/{id},GET,200,14.949,True
2026-09-28T15:51:17.648266+00:00,PUT /workflows/{id},PUT,200,88.994,True
2026-09-28T15:51:17.729057+00:00,GET /health,GET,200,9.154,True
2026-09-28T15:51:17.690839+00:00,PUT /workflows/{id},PUT,500,47.385,False
2026-09-28T15:51:17.725526+00:00,GET /workflows/{id},GET,200,16.071,True
2026-09-28T15:51:17.737071+00:00,GET /health,GET,200,6.457,True
2026-09-28T15:51:17.732072+00:00,GET /runs/{id},GET,200,30.209,True
2026-09-28T15:51:17.738071+00:00,GET /runs/{id},GET,200,29.359,True
2026-09-28T15:51:17.743956+00:00,GET /runs/{id}/logs,GET,200,27.437,True
2026-09-28T15:51:17.687839+00:00,PUT /workflows/{id},PUT,200,86.557,True
2026-09-28T15:51:17.688839+00:00,PUT /workflows/{id},PUT,500,91.440,False
2026-09-28T15:51:17.742955+00:00,GET /workflows,GET,200,39.968,True
2026-09-28T15:51:17.738071+00:00,GET /workflows,GET,200,44.646,True
2026-09-28T15:51:17.763121+00:00,GET /agents/catalog,GET,200,25.261,True
2026-09-28T15:51:17.771130+00:00,GET /workflows/{id},GET,200,24.478,True
2026-09-28T15:51:17.768129+00:00,GET /runs/{id},GET,200,33.613,True
2026-09-28T15:51:17.712876+00:00,PUT /workflows/{id},PUT,200,91.799,True
2026-09-28T15:51:17.774131+00:00,GET /runs/{id},GET,200,32.773,True
2026-09-28T15:51:17.788455+00:00,GET /runs/{id}/logs,GET,200,20.981,True
2026-09-28T15:51:17.795963+00:00,GET /runs/{id},GET,200,28.718,True
2026-09-28T15:51:17.801964+00:00,GET /runs/{id},GET,200,25.040,True
2026-09-28T15:51:17.782221+00:00,GET /workflows,GET,200,46.531,True
2026-09-28T15:51:17.780129+00:00,GET /runs/{id},GET,200,50.074,True
2026-09-28T15:51:17.826599+00:00,GET /health,GET,200,6.351,True
2026-09-28T15:51:17.808585+00:00,GET /workflows,GET,200,33.921,True
2026-09-28T15:51:17.804586+00:00,GET /workflows,GET,200,39.917,True
2026-09-28T15:51:17.824598+00:00,GET /workflows/{id},GET,200,25.878,True
2026-09-28T15:51:17.830599+00:00,GET /workflows/{id},GET,200,22.403,True
2026-09-28T15:51:17.828599+00:00,GET /workflows/{id},GET,200,24.405,True
2026-09-28T15:51:17.832598+00:00,GET /runs/{id},GET,200,23.460,True
2026-09-28T15:51:17.783225+00:00,PUT /workflows/{id},PUT,200,81.112,True
2026-09-28T15:51:17.850618+00:00,GET /workflows/{id},GET,200,15.399,True
2026-09-28T15:51:17.844620+00:00,GET /runs/{id}/logs,GET,200,23.867,True
2026-09-28T15:51:17.852617+00:00,GET /runs/{id}/logs,GET,200,19.826,True
2026-09-28T15:51:17.856619+00:00,GET /runs/{id},GET,200,19.290,True
2026-09-28T15:51:17.875617+00:00,GET /health,GET,200,2.950,True
2026-09-28T15:51:17.807585+00:00,PUT /workflows/{id},PUT,200,74.158,True
2026-09-28T15:51:17.863619+00:00,GET /runs/{id},GET,200,18.487,True
2026-09-28T15:51:17.868618+00:00,GET /runs/{id},GET,200,16.244,True
2026-09-28T15:51:17.872617+00:00,GET /runs/{id},GET,200,13.605,True
2026-09-28T15:51:17.882618+00:00,GET /workflows/{id},GET,200,8.756,True
2026-09-28T15:51:17.884617+00:00,GET /runs/{id},GET,200,16.231,True
2026-09-28T15:51:17.891126+00:00,GET /runs/{id},GET,200,18.648,True
2026-09-28T15:51:17.881619+00:00,GET /workflows,GET,200,28.912,True
2026-09-28T15:51:17.842619+00:00,PUT /workflows/{id},PUT,200,67.656,True
2026-09-28T15:51:17.910324+00:00,GET /health,GET,200,2.761,True
2026-09-28T15:51:17.853617+00:00,PUT /workflows/{id},PUT,200,64.631,True
2026-09-28T15:51:17.910324+00:00,GET /runs/{id},GET,200,16.193,True
2026-09-28T15:51:17.901126+00:00,GET /workflows,GET,200,40.040,True
2026-09-28T15:51:17.913832+00:00,GET /runs/{id}/logs,GET,200,29.433,True
2026-09-28T15:51:17.918179+00:00,POST /workflows/{id}/validate,POST,200,27.705,True
2026-09-28T15:51:17.865618+00:00,PUT /workflows/{id},PUT,200,88.164,True
2026-09-28T15:51:17.941172+00:00,GET /workflows/{id},GET,200,24.496,True
2026-09-28T15:51:17.926178+00:00,GET /runs/{id}/logs,GET,200,39.292,True
2026-09-28T15:51:17.878618+00:00,PUT /workflows/{id},PUT,200,105.436,True
2026-09-28T15:51:17.886617+00:00,PUT /workflows/{id},PUT,500,98.071,False
2026-09-28T15:51:17.943254+00:00,GET /workflows,GET,200,43.910,True
2026-09-28T15:51:17.954258+00:00,GET /runs/{id},GET,200,32.897,True
2026-09-28T15:51:17.965261+00:00,GET /workflows/{id},GET,200,25.406,True
2026-09-28T15:51:17.910324+00:00,PUT /workflows/{id},PUT,200,91.547,True
2026-09-28T15:51:17.984274+00:00,GET /workflows/{id},GET,200,23.702,True
2026-09-28T15:51:17.986274+00:00,GET /workflows/{id},GET,200,25.194,True
2026-09-28T15:51:17.984274+00:00,GET /runs/{id}/logs,GET,200,32.334,True
2026-09-28T15:51:18.012107+00:00,GET /workflows/{id},GET,200,27.351,True
2026-09-28T15:51:17.945259+00:00,PUT /workflows/{id},PUT,200,101.290,True
2026-09-28T15:51:18.001977+00:00,GET /runs/{id},GET,200,45.667,True
2026-09-28T15:51:18.038780+00:00,GET /health,GET,200,8.764,True
2026-09-28T15:51:18.017107+00:00,GET /agents/catalog,GET,200,39.040,True
2026-09-28T15:51:17.990867+00:00,GET /workflows,GET,200,72.176,True
2026-09-28T15:51:17.966261+00:00,PUT /workflows/{id},PUT,200,102.718,True
2026-09-28T15:51:18.048339+00:00,GET /workflows/{id},GET,200,31.654,True
2026-09-28T15:51:18.007595+00:00,GET /workflows,GET,200,76.927,True
2026-09-28T15:51:17.987274+00:00,PUT /workflows/{id},PUT,200,98.013,True
2026-09-28T15:51:18.047335+00:00,GET /runs/{id},GET,200,43.148,True
2026-09-28T15:51:18.062722+00:00,GET /workflows/{id},GET,200,27.699,True
2026-09-28T15:51:18.047335+00:00,GET /runs/{id},GET,200,43.623,True
2026-09-28T15:51:18.068722+00:00,GET /runs/{id}/logs,GET,200,29.862,True
2026-09-28T15:51:18.090722+00:00,GET /health,GET,200,8.060,True
2026-09-28T15:51:18.090722+00:00,GET /workflows/{id},GET,200,24.256,True
2026-09-28T15:51:18.084722+00:00,GET /runs/{id},GET,200,42.847,True
2026-09-28T15:51:18.089723+00:00,POST /workflows/{id}/validate,POST,200,39.144,True
2026-09-28T15:51:18.079722+00:00,GET /runs/{id}/logs,GET,200,50.099,True
2026-09-28T15:51:18.098797+00:00,GET /workflows/{id},GET,200,32.847,True
2026-09-28T15:51:18.115332+00:00,GET /agents/catalog,GET,200,29.383,True
2026-09-28T15:51:18.055984+00:00,PUT /workflows/{id},PUT,200,107.697,True
2026-09-28T15:51:18.131393+00:00,GET /agents/catalog,GET,200,32.246,True
2026-09-28T15:51:18.084722+00:00,GET /workflows,GET,200,79.674,True
2026-09-28T15:51:18.098797+00:00,GET /workflows,GET,200,65.971,True
2026-09-28T15:51:18.127638+00:00,GET /runs/{id}/logs,GET,200,39.943,True
2026-09-28T15:51:18.144393+00:00,POST /workflows/{id}/validate,POST,200,37.359,True
2026-09-28T15:51:18.167555+00:00,GET /workflows/{id},GET,200,27.925,True
2026-09-28T15:51:18.163478+00:00,GET /workflows/{id},GET,200,40.100,True
2026-09-28T15:51:18.129637+00:00,GET /workflows,GET,200,75.795,True
2026-09-28T15:51:18.203919+00:00,GET /health,GET,200,14.921,True
2026-09-28T15:51:18.164476+00:00,GET /runs/{id}/logs,GET,200,55.716,True
2026-09-28T15:51:18.206114+00:00,GET /runs/{id},GET,200,60.573,True
2026-09-28T15:51:18.164476+00:00,GET /workflows,GET,200,107.941,True
2026-09-28T15:51:18.181497+00:00,GET /runs/{id},GET,200,91.334,True
2026-09-28T15:51:18.195539+00:00,GET /runs/{id},GET,200,78.062,True
2026-09-28T15:51:18.163478+00:00,GET /workflows,GET,200,113.499,True
2026-09-28T15:51:18.129637+00:00,PUT /workflows/{id},PUT,200,148.569,True
2026-09-28T15:51:18.219970+00:00,GET /runs/{id},GET,200,58.709,True
2026-09-28T15:51:18.218438+00:00,GET /runs/{id},GET,200,61.260,True
2026-09-28T15:51:18.273026+00:00,GET /health,GET,200,9.971,True
2026-09-28T15:51:18.277306+00:00,GET /health,GET,200,9.392,True
2026-09-28T15:51:18.273026+00:00,GET /workflows/{id},GET,200,25.666,True
2026-09-28T15:51:18.266276+00:00,GET /runs/{id},GET,200,40.315,True
2026-09-28T15:51:18.278870+00:00,GET /agents/catalog,GET,200,37.498,True
2026-09-28T15:51:18.278349+00:00,GET /runs/{id},GET,200,39.424,True
2026-09-28T15:51:18.286384+00:00,GET /agents/catalog,GET,200,33.969,True
2026-09-28T15:51:18.282386+00:00,GET /runs/{id},GET,200,48.870,True
2026-09-28T15:51:18.316342+00:00,GET /workflows/{id},GET,200,25.969,True
2026-09-28T15:51:18.299226+00:00,GET /agents/catalog,GET,200,50.284,True
2026-09-28T15:51:18.279380+00:00,PUT /workflows/{id},PUT,200,74.835,True
2026-09-28T15:51:18.317345+00:00,GET /workflows/{id},GET,200,41.154,True
2026-09-28T15:51:18.274025+00:00,GET /workflows,GET,200,85.270,True
2026-09-28T15:51:18.320852+00:00,GET /agents/catalog,GET,200,41.087,True
2026-09-28T15:51:18.306731+00:00,GET /runs/{id}/logs,GET,200,60.423,True
2026-09-28T15:51:18.331868+00:00,POST /workflows/{id}/validate,POST,200,38.604,True
2026-09-28T15:51:18.342497+00:00,GET /runs/{id}/logs,GET,200,31.464,True
2026-09-28T15:51:18.355033+00:00,GET /workflows/{id},GET,200,23.584,True
2026-09-28T15:51:18.359032+00:00,GET /workflows/{id},GET,200,21.709,True
2026-09-28T15:51:18.361535+00:00,GET /workflows/{id},GET,200,22.991,True
2026-09-28T15:51:18.349045+00:00,PUT /workflows/{id},PUT,200,45.434,True
2026-09-28T15:51:18.366539+00:00,GET /runs/{id},GET,200,36.661,True
2026-09-28T15:51:18.378542+00:00,GET /agents/catalog,GET,200,25.993,True
2026-09-28T15:51:18.373538+00:00,GET /runs/{id},GET,200,44.625,True
2026-09-28T15:51:18.384541+00:00,GET /runs/{id}/logs,GET,200,48.034,True
2026-09-28T15:51:18.359032+00:00,GET /workflows,GET,200,77.909,True
2026-09-28T15:51:18.370538+00:00,GET /workflows,GET,200,75.056,True
2026-09-28T15:51:18.394724+00:00,POST /workflows/{id}/validate,POST,200,52.341,True
2026-09-28T15:51:18.444776+00:00,GET /health,GET,200,10.688,True
2026-09-28T15:51:18.403724+00:00,GET /runs/{id},GET,200,56.168,True
2026-09-28T15:51:18.380544+00:00,GET /workflows,GET,200,83.647,True
2026-09-28T15:51:18.403724+00:00,GET /runs/{id},GET,200,60.175,True
2026-09-28T15:51:18.432744+00:00,GET /workflows/{id},GET,200,37.121,True
2026-09-28T15:51:18.437247+00:00,GET /runs/{id}/logs,GET,200,38.634,True
2026-09-28T15:51:18.464637+00:00,POST /workflows/{id}/validate,POST,200,32.947,True
2026-09-28T15:51:18.459107+00:00,GET /runs/{id}/logs,GET,200,58.669,True
2026-09-28T15:51:18.418725+00:00,GET /workflows,GET,200,100.343,True
2026-09-28T15:51:18.463632+00:00,GET /runs/{id}/logs,GET,200,60.728,True
2026-09-28T15:51:18.475661+00:00,GET /runs/{id},GET,200,50.547,True
2026-09-28T15:51:18.447374+00:00,GET /workflows,GET,200,84.145,True
2026-09-28T15:51:18.455093+00:00,GET /workflows,GET,200,85.261,True
2026-09-28T15:51:18.469829+00:00,GET /workflows,GET,200,81.325,True
2026-09-28T15:51:18.524930+00:00,GET /workflows/{id},GET,200,28.624,True
2026-09-28T15:51:18.526484+00:00,GET /workflows/{id},GET,200,27.564,True
2026-09-28T15:51:18.531663+00:00,GET /workflows/{id},GET,200,23.767,True
2026-09-28T15:51:18.518714+00:00,GET /runs/{id}/logs,GET,200,39.255,True
2026-09-28T15:51:18.541331+00:00,GET /runs/{id},GET,200,29.296,True
2026-09-28T15:51:18.519217+00:00,PUT /workflows/{id},PUT,200,52.720,True
2026-09-28T15:51:18.551332+00:00,GET /workflows/{id},GET,200,24.922,True
2026-09-28T15:51:18.553333+00:00,GET /workflows/{id},GET,200,25.935,True
2026-09-28T15:51:18.558332+00:00,GET /runs/{id}/logs,GET,200,25.260,True
2026-09-28T15:51:18.579334+00:00,GET /health,GET,200,5.338,True
2026-09-28T15:51:18.497469+00:00,PUT /workflows/{id},PUT,200,87.648,True
2026-09-28T15:51:18.553333+00:00,GET /runs/{id},GET,200,33.697,True
2026-09-28T15:51:18.555331+00:00,GET /runs/{id}/logs,GET,200,32.825,True
2026-09-28T15:51:18.571331+00:00,GET /agents/catalog,GET,200,21.430,True
2026-09-28T15:51:18.592842+00:00,GET /health,GET,200,4.018,True
2026-09-28T15:51:18.576331+00:00,GET /runs/{id}/logs,GET,200,28.538,True
2026-09-28T15:51:18.587334+00:00,GET /workflows/{id},GET,200,33.285,True
2026-09-28T15:51:18.585336+00:00,GET /runs/{id},GET,200,39.004,True
2026-09-28T15:51:18.584335+00:00,GET /runs/{id},GET,200,40.790,True
2026-09-28T15:51:18.588335+00:00,GET /runs/{id},GET,200,41.381,True
2026-09-28T15:51:18.570331+00:00,GET /workflows,GET,200,62.264,True
2026-09-28T15:51:18.596914+00:00,GET /runs/{id},GET,200,41.000,True
2026-09-28T15:51:18.604195+00:00,GET /runs/{id}/logs,GET,200,41.474,True
2026-09-28T15:51:18.583335+00:00,GET /workflows,GET,200,66.466,True
2026-09-28T15:51:18.620267+00:00,GET /agents/catalog,GET,200,29.719,True
2026-09-28T15:51:18.624288+00:00,GET /runs/{id},GET,200,28.557,True
2026-09-28T15:51:18.645898+00:00,GET /health,GET,200,9.574,True
2026-09-28T15:51:18.649538+00:00,GET /health,GET,200,8.310,True
2026-09-28T15:51:18.625287+00:00,GET /runs/{id},GET,200,33.327,True
2026-09-28T15:51:18.649538+00:00,GET /health,GET,200,8.408,True
2026-09-28T15:51:18.629375+00:00,GET /runs/{id}/logs,GET,200,30.568,True
2026-09-28T15:51:18.637898+00:00,GET /workflows/{id},GET,200,22.027,True
2026-09-28T15:51:18.660094+00:00,GET /health,GET,200,3.821,True
2026-09-28T15:51:18.652094+00:00,GET /workflows/{id},GET,200,19.649,True
2026-09-28T15:51:18.659095+00:00,GET /workflows/{id},GET,200,24.433,True
2026-09-28T15:51:18.656096+00:00,GET /runs/{id},GET,200,29.121,True
2026-09-28T15:51:18.632378+00:00,GET /workflows,GET,200,52.454,True
2026-09-28T15:51:18.658096+00:00,GET /runs/{id},GET,200,28.799,True
2026-09-28T15:51:18.659095+00:00,GET /runs/{id},GET,200,28.740,True
2026-09-28T15:51:18.660094+00:00,GET /runs/{id}/logs,GET,200,28.193,True
2026-09-28T15:51:18.672094+00:00,GET /runs/{id},GET,200,27.150,True
2026-09-28T15:51:18.687095+00:00,GET /workflows/{id},GET,200,16.524,True
2026-09-28T15:51:18.699101+00:00,GET /health,GET,200,8.353,True
2026-09-28T15:51:18.688094+00:00,GET /agents/catalog,GET,200,23.568,True
2026-09-28T15:51:18.688094+00:00,GET /runs/{id},GET,200,29.458,True
2026-09-28T15:51:18.664095+00:00,GET /workflows,GET,200,64.641,True
2026-09-28T15:51:18.703624+00:00,GET /workflows/{id},GET,200,30.930,True
2026-09-28T15:51:18.711135+00:00,GET /runs/{id}/logs,GET,200,33.721,True
2026-09-28T15:51:18.685095+00:00,GET /workflows,GET,200,60.451,True
2026-09-28T15:51:18.708132+00:00,POST /workflows/{id}/validate,POST,200,46.810,True
2026-09-28T15:51:18.716729+00:00,GET /workflows/{id},GET,200,42.535,True
2026-09-28T15:51:18.683094+00:00,PUT /workflows/{id},PUT,200,92.602,True
2026-09-28T15:51:18.685095+00:00,PUT /workflows/{id},PUT,500,104.785,False
2026-09-28T15:51:18.734105+00:00,GET /runs/{id}/logs,GET,200,56.596,True
2026-09-28T15:51:18.745387+00:00,GET /runs/{id}/logs,GET,200,48.704,True
2026-09-28T15:51:18.759997+00:00,GET /runs/{id},GET,200,36.077,True
2026-09-28T15:51:18.728091+00:00,GET /workflows,GET,200,67.374,True
2026-09-28T15:51:18.754997+00:00,PUT /workflows/{id},PUT,200,44.624,True
2026-09-28T15:51:18.745387+00:00,GET /workflows,GET,200,54.036,True
2026-09-28T15:51:18.775997+00:00,GET /agents/catalog,GET,200,40.782,True
2026-09-28T15:51:18.790000+00:00,GET /workflows/{id},GET,200,32.194,True
2026-09-28T15:51:18.794022+00:00,GET /workflows/{id},GET,200,30.242,True
2026-09-28T15:51:18.790000+00:00,GET /workflows/{id},GET,200,43.075,True
2026-09-28T15:51:18.796192+00:00,GET /agents/catalog,GET,200,37.903,True
2026-09-28T15:51:18.798766+00:00,GET /workflows/{id},GET,200,37.428,True
2026-09-28T15:51:18.817034+00:00,GET /agents/catalog,GET,200,29.734,True
2026-09-28T15:51:18.799766+00:00,GET /runs/{id},GET,200,47.234,True
2026-09-28T15:51:18.796192+00:00,GET /runs/{id},GET,200,51.072,True
2026-09-28T15:51:18.822617+00:00,GET /runs/{id},GET,200,29.300,True
2026-09-28T15:51:18.851990+00:00,GET /health,GET,200,4.828,True
2026-09-28T15:51:18.833231+00:00,GET /runs/{id}/logs,GET,200,24.064,True
2026-09-28T15:51:18.833231+00:00,GET /runs/{id},GET,200,28.409,True
2026-09-28T15:51:18.846246+00:00,GET /runs/{id}/logs,GET,200,28.175,True
2026-09-28T15:51:18.824621+00:00,GET /workflows,GET,200,50.486,True
2026-09-28T15:51:18.856989+00:00,GET /workflows/{id},GET,200,20.846,True
2026-09-28T15:51:18.846246+00:00,GET /runs/{id}/logs,GET,200,32.160,True
2026-09-28T15:51:18.847250+00:00,GET /runs/{id}/logs,GET,200,32.048,True
2026-09-28T15:51:18.875098+00:00,GET /health,GET,200,6.938,True
2026-09-28T15:51:18.857989+00:00,GET /runs/{id},GET,200,24.706,True
2026-09-28T15:51:18.860988+00:00,GET /runs/{id},GET,200,22.656,True
2026-09-28T15:51:18.882200+00:00,GET /health,GET,200,4.884,True
2026-09-28T15:51:18.878200+00:00,GET /runs/{id},GET,200,32.220,True
2026-09-28T15:51:18.884199+00:00,GET /workflows/{id},GET,200,27.250,True
2026-09-28T15:51:18.882200+00:00,GET /runs/{id}/logs,GET,200,35.435,True
2026-09-28T15:51:18.910844+00:00,GET /health,GET,200,9.634,True
2026-09-28T15:51:18.887199+00:00,GET /runs/{id}/logs,GET,200,38.672,True
2026-09-28T15:51:18.836233+00:00,PUT /workflows/{id},PUT,200,96.740,True
2026-09-28T15:51:18.875098+00:00,GET /workflows,GET,200,58.953,True
2026-09-28T15:51:18.879199+00:00,GET /workflows,GET,200,61.404,True
2026-09-28T15:51:18.878200+00:00,GET /workflows,GET,200,62.898,True
2026-09-28T15:51:18.910844+00:00,GET /workflows/{id},GET,200,30.279,True
2026-09-28T15:51:18.933339+00:00,GET /workflows/{id},GET,200,23.569,True
2026-09-28T15:51:18.917857+00:00,GET /runs/{id},GET,200,40.233,True
2026-09-28T15:51:18.920367+00:00,GET /runs/{id},GET,200,39.817,True
2026-09-28T15:51:18.933339+00:00,GET /runs/{id},GET,200,29.903,True
2026-09-28T15:51:18.956989+00:00,GET /health,GET,200,7.149,True
2026-09-28T15:51:18.940184+00:00,GET /agents/catalog,GET,200,28.378,True
2026-09-28T15:51:18.941188+00:00,GET /runs/{id}/logs,GET,200,35.120,True
2026-09-28T15:51:18.976846+00:00,GET /health,GET,200,2.712,True
2026-09-28T15:51:18.960072+00:00,GET /workflows/{id},GET,200,23.001,True
2026-09-28T15:51:18.963339+00:00,GET /workflows/{id},GET,200,19.694,True
2026-09-28T15:51:18.925775+00:00,GET /workflows,GET,200,57.982,True
2026-09-28T15:51:18.941188+00:00,PUT /workflows/{id},PUT,200,47.982,True
2026-09-28T15:51:18.983593+00:00,GET /health,GET,200,7.053,True
2026-09-28T15:51:18.969339+00:00,GET /runs/{id}/logs,GET,200,24.358,True
2026-09-28T15:51:18.978950+00:00,GET /workflows/{id},GET,200,16.896,True
2026-09-28T15:51:18.983593+00:00,GET /agents/catalog,GET,200,19.137,True
2026-09-28T15:51:18.983593+00:00,GET /workflows/{id},GET,200,22.605,True
2026-09-28T15:51:18.988598+00:00,GET /agents/catalog,GET,200,19.879,True
2026-09-28T15:51:18.993617+00:00,GET /workflows/{id},GET,200,15.680,True
2026-09-28T15:51:19.001777+00:00,GET /agents/catalog,GET,200,24.477,True
2026-09-28T15:51:18.996121+00:00,GET /runs/{id},GET,200,35.823,True
2026-09-28T15:51:18.990102+00:00,GET /workflows,GET,200,48.194,True
2026-09-28T15:51:19.009308+00:00,GET /runs/{id},GET,200,35.853,True
2026-09-28T15:51:19.008308+00:00,GET /runs/{id},GET,200,36.189,True
2026-09-28T15:51:18.957989+00:00,PUT /workflows/{id},PUT,200,92.707,True
2026-09-28T15:51:18.964339+00:00,PUT /workflows/{id},PUT,500,94.039,False
2026-09-28T15:51:19.031708+00:00,GET /runs/{id},GET,200,30.433,True
2026-09-28T15:51:19.050907+00:00,GET /health,GET,200,12.090,True
2026-09-28T15:51:19.027088+00:00,GET /runs/{id}/logs,GET,200,36.385,True
2026-09-28T15:51:19.039750+00:00,GET /runs/{id},GET,200,40.493,True
2026-09-28T15:51:19.044794+00:00,POST /workflows/{id}/validate,POST,200,40.750,True
2026-09-28T15:51:19.044794+00:00,GET /runs/{id}/logs,GET,200,43.798,True
2026-09-28T15:51:19.063590+00:00,GET /agents/catalog,GET,200,30.943,True
2026-09-28T15:51:19.088439+00:00,GET /health,GET,200,9.076,True
2026-09-28T15:51:19.062590+00:00,GET /runs/{id},GET,200,35.712,True
2026-09-28T15:51:19.058590+00:00,POST /workflows/{id}/validate,POST,200,45.854,True
2026-09-28T15:51:19.006308+00:00,PUT /workflows/{id},PUT,200,100.030,True
2026-09-28T15:51:19.079914+00:00,POST /workflows/{id}/validate,POST,200,33.983,True
2026-09-28T15:51:19.085439+00:00,GET /runs/{id},GET,200,39.438,True
2026-09-28T15:51:19.062590+00:00,GET /workflows,GET,200,63.217,True
2026-09-28T15:51:19.097439+00:00,GET /runs/{id},GET,200,31.218,True
2026-09-28T15:51:19.104005+00:00,POST /workflows/{id}/validate,POST,200,26.614,True
2026-09-28T15:51:19.094439+00:00,GET /workflows,GET,200,54.085,True
2026-09-28T15:51:19.130447+00:00,GET /workflows/{id},GET,200,20.581,True
2026-09-28T15:51:19.125449+00:00,GET /agents/catalog,GET,200,28.945,True
2026-09-28T15:51:19.129448+00:00,GET /agents/catalog,GET,200,25.546,True
2026-09-28T15:51:19.106435+00:00,GET /workflows,GET,200,51.493,True
2026-09-28T15:51:19.148385+00:00,GET /runs/{id},GET,200,29.107,True
2026-09-28T15:51:19.125449+00:00,GET /workflows,GET,200,52.206,True
2026-09-28T15:51:19.178014+00:00,GET /health,GET,200,6.112,True
2026-09-28T15:51:19.157505+00:00,GET /workflows/{id},GET,200,31.011,True
2026-09-28T15:51:19.154498+00:00,GET /runs/{id}/logs,GET,200,34.127,True
2026-09-28T15:51:19.098440+00:00,PUT /workflows/{id},PUT,200,92.178,True
2026-09-28T15:51:19.151384+00:00,GET /runs/{id}/logs,GET,200,41.878,True
2026-09-28T15:51:19.113840+00:00,PUT /workflows/{id},PUT,200,84.849,True
2026-09-28T15:51:19.153887+00:00,GET /workflows,GET,200,49.652,True
2026-09-28T15:51:19.203393+00:00,GET /health,GET,200,5.043,True
2026-09-28T15:51:19.184014+00:00,GET /runs/{id}/logs,GET,200,32.274,True
2026-09-28T15:51:19.188105+00:00,POST /workflows/{id}/validate,POST,200,35.304,True
2026-09-28T15:51:19.177011+00:00,GET /workflows,GET,200,49.138,True
2026-09-28T15:51:19.223456+00:00,GET /health,GET,200,6.515,True
2026-09-28T15:51:19.198387+00:00,GET /runs/{id}/logs,GET,200,33.556,True
2026-09-28T15:51:19.229961+00:00,GET /health,GET,200,5.911,True
2026-09-28T15:51:19.190104+00:00,PUT /workflows/{id},PUT,200,51.751,True
2026-09-28T15:51:19.236665+00:00,GET /health,GET,200,6.350,True
2026-09-28T15:51:19.208398+00:00,GET /runs/{id},GET,200,36.030,True
2026-09-28T15:51:19.189104+00:00,GET /workflows,GET,200,61.422,True
2026-09-28T15:51:19.193171+00:00,GET /workflows,GET,200,57.244,True
2026-09-28T15:51:19.242695+00:00,GET /health,GET,200,9.399,True
2026-09-28T15:51:19.216401+00:00,GET /runs/{id},GET,200,36.672,True
2026-09-28T15:51:19.232661+00:00,GET /workflows/{id},GET,200,21.018,True
2026-09-28T15:51:19.226959+00:00,GET /runs/{id}/logs,GET,200,28.658,True
2026-09-28T15:51:19.252699+00:00,GET /workflows/{id},GET,200,19.535,True
2026-09-28T15:51:19.250700+00:00,GET /workflows/{id},GET,200,22.264,True
2026-09-28T15:51:19.250700+00:00,GET /workflows/{id},GET,200,23.799,True
2026-09-28T15:51:19.242695+00:00,GET /runs/{id}/logs,GET,200,31.672,True
2026-09-28T15:51:19.254700+00:00,GET /runs/{id}/logs,GET,200,25.125,True
2026-09-28T15:51:19.244696+00:00,GET /workflows,GET,200,43.508,True
2026-09-28T15:51:19.251699+00:00,GET /workflows,GET,200,43.101,True
2026-09-28T15:51:19.272772+00:00,POST /workflows/{id}/validate,POST,200,30.264,True
2026-09-28T15:51:19.274773+00:00,GET /runs/{id},GET,200,28.967,True
2026-09-28T15:51:19.293850+00:00,GET /runs/{id},GET,200,37.417,True
2026-09-28T15:51:19.272772+00:00,GET /workflows,GET,200,60.922,True
2026-09-28T15:51:19.279839+00:00,GET /workflows,GET,200,63.006,True
2026-09-28T15:51:19.288343+00:00,GET /runs/{id},GET,200,55.409,True
2026-09-28T15:51:19.303427+00:00,GET /runs/{id},GET,200,40.697,True
2026-09-28T15:51:19.273772+00:00,GET /workflows,GET,200,71.151,True
2026-09-28T15:51:19.303427+00:00,GET /runs/{id}/logs,GET,200,48.953,True
2026-09-28T15:51:19.253700+00:00,PUT /workflows/{id},PUT,200,101.182,True
2026-09-28T15:51:19.332750+00:00,GET /runs/{id},GET,200,78.310,True
2026-09-28T15:51:19.343566+00:00,GET /runs/{id},GET,200,79.681,True
2026-09-28T15:51:19.344570+00:00,GET /runs/{id},GET,200,82.900,True
2026-09-28T15:51:19.332750+00:00,GET /workflows,GET,200,101.037,True
2026-09-28T15:51:19.343566+00:00,PUT /workflows/{id},PUT,200,101.738,True
2026-09-28T15:51:19.410990+00:00,GET /runs/{id},GET,200,44.525,True
2026-09-28T15:51:19.426835+00:00,GET /workflows/{id},GET,200,30.010,True
2026-09-28T15:51:19.345436+00:00,GET /workflows,GET,200,117.835,True
2026-09-28T15:51:19.352197+00:00,GET /workflows,GET,200,111.514,True
2026-09-28T15:51:19.354805+00:00,GET /workflows,GET,200,109.449,True
2026-09-28T15:51:19.445837+00:00,GET /runs/{id}/logs,GET,200,37.319,True
2026-09-28T15:51:19.454919+00:00,GET /agents/catalog,GET,200,33.117,True
2026-09-28T15:51:19.463924+00:00,GET /workflows/{id},GET,200,29.882,True
2026-09-28T15:51:19.422834+00:00,GET /workflows,GET,200,76.148,True
2026-09-28T15:51:19.456920+00:00,GET /runs/{id}/logs,GET,200,42.472,True
2026-09-28T15:51:19.462922+00:00,GET /runs/{id}/logs,GET,200,37.252,True
2026-09-28T15:51:19.434840+00:00,GET /workflows,GET,200,73.422,True
2026-09-28T15:51:19.462922+00:00,PUT /workflows/{id},PUT,200,51.725,True
2026-09-28T15:51:19.488619+00:00,GET /workflows/{id},GET,200,29.314,True
2026-09-28T15:51:19.500618+00:00,POST /workflows/{id}/validate,POST,200,28.502,True
2026-09-28T15:51:19.482614+00:00,POST /workflows/{id}/validate,POST,200,47.223,True
2026-09-28T15:51:19.499618+00:00,GET /runs/{id},GET,200,35.400,True
2026-09-28T15:51:19.508123+00:00,GET /workflows/{id},GET,200,27.138,True
2026-09-28T15:51:19.499618+00:00,GET /runs/{id},GET,200,41.080,True
2026-09-28T15:51:19.515143+00:00,GET /workflows/{id},GET,200,28.363,True
2026-09-28T15:51:19.517143+00:00,GET /runs/{id},GET,200,34.155,True
2026-09-28T15:51:19.535186+00:00,GET /runs/{id},GET,200,27.488,True
2026-09-28T15:51:19.543159+00:00,GET /runs/{id},GET,200,24.355,True
2026-09-28T15:51:19.540400+00:00,POST /workflows/{id}/validate,POST,200,27.973,True
2026-09-28T15:51:19.551358+00:00,GET /workflows/{id},GET,200,21.578,True
2026-09-28T15:51:19.493618+00:00,PUT /workflows/{id},PUT,200,82.620,True
2026-09-28T15:51:19.530026+00:00,GET /workflows,GET,200,53.115,True
2026-09-28T15:51:19.562178+00:00,GET /runs/{id}/logs,GET,200,27.368,True
2026-09-28T15:51:19.568689+00:00,GET /runs/{id},GET,200,27.881,True
2026-09-28T15:51:19.567688+00:00,GET /runs/{id}/logs,GET,200,34.160,True
2026-09-28T15:51:19.573689+00:00,GET /runs/{id},GET,200,34.248,True
2026-09-28T15:51:19.583503+00:00,GET /runs/{id},GET,200,29.271,True
2026-09-28T15:51:19.576688+00:00,GET /runs/{id},GET,200,36.465,True
2026-09-28T15:51:19.529026+00:00,PUT /workflows/{id},PUT,200,85.531,True
2026-09-28T15:51:19.535186+00:00,PUT /workflows/{id},PUT,500,90.831,False
2026-09-28T15:51:19.602390+00:00,GET /runs/{id},GET,200,26.669,True
2026-09-28T15:51:19.607558+00:00,GET /runs/{id}/logs,GET,200,41.854,True
2026-09-28T15:51:19.612064+00:00,GET /workflows/{id},GET,200,37.291,True
2026-09-28T15:51:19.614261+00:00,GET /agents/catalog,GET,200,46.017,True
2026-09-28T15:51:19.625816+00:00,GET /workflows/{id},GET,200,39.608,True
2026-09-28T15:51:19.613064+00:00,GET /runs/{id},GET,200,55.786,True
2026-09-28T15:51:19.628331+00:00,GET /runs/{id},GET,200,40.820,True
2026-09-28T15:51:19.595318+00:00,GET /workflows,GET,200,78.761,True
2026-09-28T15:51:19.649722+00:00,GET /workflows/{id},GET,200,28.272,True
2026-09-28T15:51:19.649722+00:00,GET /workflows/{id},GET,200,28.849,True
2026-09-28T15:51:19.589300+00:00,PUT /workflows/{id},PUT,200,93.726,True
2026-09-28T15:51:19.665453+00:00,GET /workflows/{id},GET,200,20.605,True
2026-09-28T15:51:19.659945+00:00,GET /runs/{id}/logs,GET,200,29.757,True
2026-09-28T15:51:19.678588+00:00,GET /runs/{id}/logs,GET,200,26.329,True
2026-09-28T15:51:19.677588+00:00,GET /runs/{id}/logs,GET,200,29.862,True
2026-09-28T15:51:19.704695+00:00,GET /health,GET,200,5.486,True
2026-09-28T15:51:19.689690+00:00,GET /runs/{id}/logs,GET,200,27.547,True
2026-09-28T15:51:19.674588+00:00,PUT /workflows/{id},PUT,200,42.981,True
2026-09-28T15:51:19.683691+00:00,GET /runs/{id}/logs,GET,200,34.916,True
2026-09-28T15:51:19.668576+00:00,GET /workflows,GET,200,61.232,True
2026-09-28T15:51:19.707574+00:00,GET /runs/{id},GET,200,37.747,True
2026-09-28T15:51:19.710574+00:00,GET /runs/{id},GET,200,38.987,True
2026-09-28T15:51:19.717969+00:00,POST /workflows/{id}/validate,POST,200,42.562,True
2026-09-28T15:51:19.670078+00:00,PUT /workflows/{id},PUT,200,94.057,True
2026-09-28T15:51:19.717969+00:00,PUT /workflows/{id},PUT,500,55.199,False
2026-09-28T15:51:19.729673+00:00,GET /runs/{id},GET,200,45.832,True
2026-09-28T15:51:19.717969+00:00,GET /workflows,GET,200,58.681,True
2026-09-28T15:51:19.745863+00:00,GET /runs/{id}/logs,GET,200,31.332,True
2026-09-28T15:51:19.748862+00:00,GET /agents/catalog,GET,200,32.899,True
2026-09-28T15:51:19.685690+00:00,PUT /workflows/{id},PUT,200,96.103,True
2026-09-28T15:51:19.763867+00:00,GET /workflows/{id},GET,200,23.576,True
2026-09-28T15:51:19.776884+00:00,GET /workflows/{id},GET,200,21.450,True
2026-09-28T15:51:19.798181+00:00,GET /health,GET,200,15.726,True
2026-09-28T15:51:19.776884+00:00,GET /runs/{id},GET,200,44.561,True
2026-09-28T15:51:19.786899+00:00,GET /agents/catalog,GET,200,36.552,True
2026-09-28T15:51:19.781883+00:00,GET /runs/{id},GET,200,53.088,True
2026-09-28T15:51:19.760867+00:00,GET /workflows,GET,200,80.207,True
2026-09-28T15:51:19.773376+00:00,GET /runs/{id}/logs,GET,200,70.039,True
2026-09-28T15:51:19.775879+00:00,PUT /workflows/{id},PUT,200,74.251,True
2026-09-28T15:51:19.823977+00:00,GET /workflows/{id},GET,200,34.903,True
2026-09-28T15:51:19.850277+00:00,GET /health,GET,200,12.310,True
2026-09-28T15:51:19.813491+00:00,GET /runs/{id}/logs,GET,200,49.577,True
2026-09-28T15:51:19.820906+00:00,GET /runs/{id}/logs,GET,200,51.073,True
2026-09-28T15:51:19.781883+00:00,GET /workflows,GET,200,92.282,True
2026-09-28T15:51:19.864187+00:00,GET /health,GET,200,12.025,True
2026-09-28T15:51:19.840909+00:00,GET /agents/catalog,GET,200,37.661,True
2026-09-28T15:51:19.862184+00:00,GET /workflows/{id},GET,200,34.533,True
2026-09-28T15:51:19.834399+00:00,PUT /workflows/{id},PUT,200,62.459,True
2026-09-28T15:51:19.874905+00:00,GET /workflows/{id},GET,200,42.970,True
2026-09-28T15:51:19.843343+00:00,PUT /workflows/{id},PUT,500,75.275,False
2026-09-28T15:51:19.872286+00:00,GET /workflows/{id},GET,200,46.867,True
2026-09-28T15:51:19.858453+00:00,GET /workflows,GET,200,60.780,True
2026-09-28T15:51:19.878562+00:00,GET /workflows/{id},GET,200,41.492,True
2026-09-28T15:51:19.896847+00:00,GET /health,GET,200,24.001,True
2026-09-28T15:51:19.897848+00:00,GET /workflows/{id},GET,200,35.882,True
2026-09-28T15:51:19.917333+00:00,GET /runs/{id}/logs,GET,200,43.409,True
2026-09-28T15:51:19.920868+00:00,GET /runs/{id},GET,200,40.886,True
2026-09-28T15:51:19.933653+00:00,GET /workflows/{id},GET,200,27.995,True
2026-09-28T15:51:19.918844+00:00,PUT /workflows/{id},PUT,200,63.681,True
2026-09-28T15:51:19.920868+00:00,GET /workflows,GET,200,62.364,True
2026-09-28T15:51:19.875941+00:00,PUT /workflows/{id},PUT,500,107.725,False
2026-09-28T15:51:19.919860+00:00,GET /workflows,GET,200,64.631,True
2026-09-28T15:51:19.919348+00:00,GET /workflows,GET,200,66.403,True
2026-09-28T15:51:19.961265+00:00,GET /runs/{id}/logs,GET,200,37.303,True
2026-09-28T15:51:19.983780+00:00,GET /workflows/{id},GET,200,30.199,True
2026-09-28T15:51:19.983780+00:00,GET /runs/{id}/logs,GET,200,37.992,True
2026-09-28T15:51:19.983780+00:00,GET /runs/{id},GET,200,44.283,True
2026-09-28T15:51:19.985779+00:00,GET /runs/{id}/logs,GET,200,42.645,True
2026-09-28T15:51:19.981780+00:00,POST /workflows/{id}/validate,POST,200,59.479,True
2026-09-28T15:51:19.997376+00:00,GET /runs/{id}/logs,GET,200,46.889,True
2026-09-28T15:51:19.961265+00:00,GET /workflows,GET,200,84.714,True
2026-09-28T15:51:20.041244+00:00,GET /health,GET,200,5.658,True
2026-09-28T15:51:20.028224+00:00,GET /workflows/{id},GET,200,22.984,True
2026-09-28T15:51:20.022590+00:00,GET /workflows/{id},GET,200,29.522,True
2026-09-28T15:51:19.961265+00:00,PUT /workflows/{id},PUT,200,97.350,True
2026-09-28T15:51:20.051248+00:00,GET /health,GET,200,8.863,True
2026-09-28T15:51:20.047248+00:00,GET /agents/catalog,GET,200,23.687,True
2026-09-28T15:51:20.045250+00:00,GET /runs/{id},GET,200,34.158,True
2026-09-28T15:51:20.060167+00:00,GET /agents/catalog,GET,200,23.903,True
2026-09-28T15:51:20.046248+00:00,GET /runs/{id},GET,200,41.617,True
2026-09-28T15:51:20.013983+00:00,GET /workflows,GET,200,78.509,True
2026-09-28T15:51:20.051248+00:00,GET /runs/{id},GET,200,40.538,True
2026-09-28T15:51:20.028224+00:00,GET /workflows,GET,200,71.302,True
2026-09-28T15:51:20.071168+00:00,GET /runs/{id},GET,200,35.888,True
2026-09-28T15:51:20.088170+00:00,GET /workflows/{id},GET,200,20.033,True
2026-09-28T15:51:20.059169+00:00,PUT /workflows/{id},PUT,200,53.773,True
2026-09-28T15:51:20.092171+00:00,GET /agents/catalog,GET,200,40.033,True
2026-09-28T15:51:20.092171+00:00,GET /runs/{id},GET,200,54.404,True
2026-09-28T15:51:20.099170+00:00,GET /runs/{id},GET,200,53.172,True
2026-09-28T15:51:20.107188+00:00,GET /runs/{id}/logs,GET,200,46.250,True
2026-09-28T15:51:20.112713+00:00,GET /workflows/{id},GET,200,42.253,True
2026-09-28T15:51:20.108194+00:00,GET /runs/{id},GET,200,52.414,True
2026-09-28T15:51:20.132492+00:00,GET /workflows/{id},GET,200,28.883,True
2026-09-28T15:51:20.079167+00:00,GET /workflows,GET,200,82.003,True
2026-09-28T15:51:20.160773+00:00,GET /health,GET,200,9.436,True
2026-09-28T15:51:20.084169+00:00,PUT /workflows/{id},PUT,200,88.882,True
2026-09-28T15:51:20.152773+00:00,GET /workflows/{id},GET,200,22.091,True
2026-09-28T15:51:20.170366+00:00,GET /health,GET,200,8.693,True
2026-09-28T15:51:20.146144+00:00,GET /runs/{id}/logs,GET,200,33.327,True
2026-09-28T15:51:20.154773+00:00,GET /runs/{id},GET,200,27.051,True
2026-09-28T15:51:20.160773+00:00,GET /runs/{id}/logs,GET,200,31.495,True
2026-09-28T15:51:20.161772+00:00,GET /runs/{id},GET,200,30.731,True
2026-09-28T15:51:20.172366+00:00,GET /workflows/{id},GET,200,24.605,True
2026-09-28T15:51:20.179369+00:00,GET /workflows/{id},GET,200,21.083,True
2026-09-28T15:51:20.175366+00:00,GET /workflows/{id},GET,200,25.586,True
2026-09-28T15:51:20.179369+00:00,GET /agents/catalog,GET,200,23.543,True
2026-09-28T15:51:20.152773+00:00,GET /workflows,GET,200,52.873,True
2026-09-28T15:51:20.199501+00:00,GET /health,GET,200,7.627,True
2026-09-28T15:51:20.203121+00:00,GET /workflows/{id},GET,200,21.341,True
2026-09-28T15:51:20.201005+00:00,GET /agents/catalog,GET,200,24.425,True
2026-09-28T15:51:20.192370+00:00,GET /runs/{id},GET,200,37.731,True
2026-09-28T15:51:20.197506+00:00,GET /runs/{id},GET,200,36.407,True
2026-09-28T15:51:20.205120+00:00,GET /runs/{id},GET,200,31.470,True
2026-09-28T15:51:20.192370+00:00,GET /workflows,GET,200,60.051,True
2026-09-28T15:51:20.236318+00:00,POST /workflows/{id}/validate,POST,200,27.161,True
2026-09-28T15:51:20.224298+00:00,GET /runs/{id}/logs,GET,200,42.941,True
2026-09-28T15:51:20.207626+00:00,GET /workflows,GET,200,62.671,True
2026-09-28T15:51:20.252463+00:00,GET /workflows/{id},GET,200,21.625,True
2026-09-28T15:51:20.181369+00:00,PUT /workflows/{id},PUT,200,97.984,True
2026-09-28T15:51:20.267988+00:00,GET /agents/catalog,GET,200,22.676,True
2026-09-28T15:51:20.225297+00:00,GET /workflows,GET,200,70.293,True
2026-09-28T15:51:20.233318+00:00,GET /workflows,GET,200,62.194,True
2026-09-28T15:51:20.270991+00:00,GET /runs/{id},GET,200,25.987,True
2026-09-28T15:51:20.280058+00:00,GET /workflows/{id},GET,200,17.380,True
2026-09-28T15:51:20.229807+00:00,PUT /workflows/{id},PUT,200,73.247,True
2026-09-28T15:51:20.290056+00:00,GET /runs/{id}/logs,GET,200,24.579,True
2026-09-28T15:51:20.273993+00:00,GET /workflows,GET,200,48.457,True
2026-09-28T15:51:20.297060+00:00,GET /workflows/{id},GET,200,33.900,True
2026-09-28T15:51:20.296059+00:00,GET /runs/{id},GET,200,39.824,True
2026-09-28T15:51:20.303061+00:00,GET /workflows/{id},GET,200,39.793,True
2026-09-28T15:51:20.263975+00:00,PUT /workflows/{id},PUT,500,96.812,False
2026-09-28T15:51:20.296059+00:00,PUT /workflows/{id},PUT,200,65.721,True
2026-09-28T15:51:20.360947+00:00,GET /health,GET,0,1.450,False
2026-09-28T15:51:20.331467+00:00,GET /workflows/{id},GET,200,33.762,True
2026-09-28T15:51:20.297060+00:00,GET /workflows,GET,200,68.831,True
2026-09-28T15:51:20.314726+00:00,GET /agents/catalog,GET,200,51.918,True
2026-09-28T15:51:20.362490+00:00,GET /health,GET,200,13.524,True
2026-09-28T15:51:20.365767+00:00,GET /health,GET,200,10.776,True
2026-09-28T15:51:20.335717+00:00,GET /runs/{id}/logs,GET,200,52.459,True
2026-09-28T15:51:20.322365+00:00,GET /workflows,GET,200,66.050,True
2026-09-28T15:51:20.342573+00:00,GET /runs/{id}/logs,GET,200,53.007,True
2026-09-28T15:51:20.388255+00:00,GET /health,GET,200,12.424,True
2026-09-28T15:51:20.388255+00:00,GET /health,GET,200,13.101,True
2026-09-28T15:51:20.367314+00:00,GET /agents/catalog,GET,200,37.697,True
2026-09-28T15:51:20.361975+00:00,GET /agents/catalog,GET,200,43.788,True
2026-09-28T15:51:20.365092+00:00,GET /agents/catalog,GET,200,49.239,True
2026-09-28T15:51:20.404855+00:00,GET /health,GET,200,14.125,True
2026-09-28T15:51:20.396054+00:00,GET /agents/catalog,GET,200,43.660,True
2026-09-28T15:51:20.376143+00:00,GET /runs/{id}/logs,GET,200,75.189,True
2026-09-28T15:51:20.399664+00:00,GET /runs/{id},GET,200,51.119,True
2026-09-28T15:51:20.419098+00:00,GET /runs/{id}/logs,GET,200,54.148,True
2026-09-28T15:51:20.439138+00:00,GET /workflows/{id},GET,200,38.250,True
2026-09-28T15:51:20.451839+00:00,GET /agents/catalog,GET,200,39.194,True
2026-09-28T15:51:20.376659+00:00,GET /workflows,GET,200,117.822,True
2026-09-28T15:51:20.401697+00:00,GET /workflows,GET,200,96.775,True
2026-09-28T15:51:20.451326+00:00,GET /runs/{id},GET,200,53.157,True
2026-09-28T15:51:20.414352+00:00,GET /workflows,GET,200,100.149,True
2026-09-28T15:51:20.405897+00:00,GET /workflows,GET,200,116.347,True
2026-09-28T15:51:20.478112+00:00,GET /runs/{id}/logs,GET,200,48.890,True
2026-09-28T15:51:20.491182+00:00,GET /workflows/{id},GET,200,37.740,True
2026-09-28T15:51:20.494288+00:00,GET /workflows/{id},GET,200,38.463,True
2026-09-28T15:51:20.498439+00:00,GET /workflows/{id},GET,200,35.441,True
2026-09-28T15:51:20.472833+00:00,PUT /workflows/{id},PUT,200,68.872,True
2026-09-28T15:51:20.528094+00:00,GET /workflows/{id},GET,200,25.726,True
2026-09-28T15:51:20.514539+00:00,GET /runs/{id}/logs,GET,200,45.215,True
2026-09-28T15:51:20.532250+00:00,GET /workflows/{id},GET,200,33.119,True
2026-09-28T15:51:20.533473+00:00,GET /workflows/{id},GET,200,34.876,True
2026-09-28T15:51:20.521899+00:00,GET /runs/{id}/logs,GET,200,51.331,True
2026-09-28T15:51:20.541965+00:00,GET /runs/{id},GET,200,36.117,True
2026-09-28T15:51:20.504189+00:00,GET /workflows,GET,200,74.144,True
2026-09-28T15:51:20.566017+00:00,GET /agents/catalog,GET,200,24.147,True
2026-09-28T15:51:20.554270+00:00,GET /runs/{id}/logs,GET,200,35.999,True
2026-09-28T15:51:20.559787+00:00,GET /runs/{id}/logs,GET,200,35.297,True
2026-09-28T15:51:20.527093+00:00,GET /workflows,GET,200,76.078,True
2026-09-28T15:51:20.573521+00:00,GET /runs/{id}/logs,GET,200,29.897,True
2026-09-28T15:51:20.603354+00:00,GET /agents/catalog,GET,200,18.264,True
2026-09-28T15:51:20.621511+00:00,GET /health,GET,200,6.126,True
2026-09-28T15:51:20.603354+00:00,GET /runs/{id},GET,200,31.182,True
2026-09-28T15:51:20.578259+00:00,GET /workflows,GET,200,61.523,True
2026-09-28T15:51:20.578259+00:00,GET /workflows,GET,200,61.887,True
2026-09-28T15:51:20.589878+00:00,GET /workflows,GET,200,72.969,True
2026-09-28T15:51:20.627241+00:00,GET /agents/catalog,GET,200,45.361,True
2026-09-28T15:51:20.634618+00:00,GET /workflows/{id},GET,200,38.878,True
2026-09-28T15:51:20.568017+00:00,PUT /workflows/{id},PUT,200,111.765,True
2026-09-28T15:51:20.680488+00:00,GET /health,GET,200,5.307,True
2026-09-28T15:51:20.639037+00:00,GET /runs/{id}/logs,GET,200,53.879,True
2026-09-28T15:51:20.672792+00:00,GET /workflows/{id},GET,200,24.017,True
2026-09-28T15:51:20.663157+00:00,GET /runs/{id},GET,200,34.000,True
2026-09-28T15:51:20.673310+00:00,GET /agents/catalog,GET,200,32.203,True
2026-09-28T15:51:20.594998+00:00,PUT /workflows/{id},PUT,500,110.727,False
2026-09-28T15:51:20.640037+00:00,GET /workflows,GET,200,66.168,True
2026-09-28T15:51:20.589878+00:00,PUT /workflows/{id},PUT,200,117.739,True
2026-09-28T15:51:20.696343+00:00,GET /health,GET,200,11.924,True
2026-09-28T15:51:20.697347+00:00,GET /health,GET,200,11.925,True
2026-09-28T15:51:20.685497+00:00,GET /agents/catalog,GET,200,25.580,True
2026-09-28T15:51:20.706576+00:00,GET /health,GET,200,5.729,True
2026-09-28T15:51:20.692840+00:00,POST /workflows/{id}/validate,POST,200,19.043,True
2026-09-28T15:51:20.708136+00:00,GET /health,GET,200,5.405,True
2026-09-28T15:51:20.711253+00:00,GET /health,GET,200,4.020,True
2026-09-28T15:51:20.712296+00:00,GET /health,GET,200,3.821,True
2026-09-28T15:51:20.709165+00:00,GET /workflows/{id},GET,200,18.705,True
2026-09-28T15:51:20.708658+00:00,GET /workflows/{id},GET,200,19.406,True
2026-09-28T15:51:20.712843+00:00,GET /workflows/{id},GET,200,15.895,True
2026-09-28T15:51:20.705538+00:00,GET /runs/{id}/logs,GET,200,24.396,True
2026-09-28T15:51:20.713363+00:00,GET /agents/catalog,GET,200,22.329,True
2026-09-28T15:51:20.715428+00:00,GET /runs/{id},GET,200,29.800,True
2026-09-28T15:51:20.728075+00:00,GET /workflows/{id},GET,200,20.138,True
2026-09-28T15:51:20.715428+00:00,GET /runs/{id},GET,200,32.202,True
2026-09-28T15:51:20.728075+00:00,GET /agents/catalog,GET,200,23.825,True
2026-09-28T15:51:20.728075+00:00,GET /workflows/{id},GET,200,24.731,True
2026-09-28T15:51:20.736195+00:00,GET /agents/catalog,GET,200,18.424,True
2026-09-28T15:51:20.730076+00:00,GET /workflows/{id},GET,200,27.027,True
2026-09-28T15:51:20.706057+00:00,GET /runs/{id},GET,200,53.068,True
2026-09-28T15:51:20.744704+00:00,GET /workflows/{id},GET,200,22.500,True
2026-09-28T15:51:20.747844+00:00,GET /workflows/{id},GET,200,23.375,True
2026-09-28T15:51:20.751844+00:00,GET /workflows/{id},GET,200,25.883,True
2026-09-28T15:51:20.747844+00:00,GET /runs/{id}/logs,GET,200,33.445,True
2026-09-28T15:51:20.756846+00:00,GET /runs/{id},GET,200,28.946,True
2026-09-28T15:51:20.758847+00:00,GET /runs/{id},GET,200,28.881,True
2026-09-28T15:51:20.767846+00:00,GET /runs/{id},GET,200,31.017,True
2026-09-28T15:51:20.777411+00:00,GET /runs/{id}/logs,GET,200,31.197,True
2026-09-28T15:51:20.771410+00:00,GET /runs/{id}/logs,GET,200,40.696,True
2026-09-28T15:51:20.785413+00:00,GET /workflows/{id},GET,200,30.865,True
2026-09-28T15:51:20.781413+00:00,GET /runs/{id}/logs,GET,200,35.566,True
2026-09-28T15:51:20.787414+00:00,GET /runs/{id}/logs,GET,200,30.386,True
2026-09-28T15:51:20.798643+00:00,GET /agents/catalog,GET,200,28.969,True
2026-09-28T15:51:20.817688+00:00,GET /workflows/{id},GET,200,27.361,True
2026-09-28T15:51:20.753844+00:00,PUT /workflows/{id},PUT,200,91.573,True
2026-09-28T15:51:20.752844+00:00,PUT /workflows/{id},PUT,500,102.190,False
2026-09-28T15:51:20.855440+00:00,PUT /workflows/{id},PUT,0,1.026,False
2026-09-28T15:51:20.816688+00:00,GET /workflows/{id},GET,200,39.266,True
2026-09-28T15:51:20.816688+00:00,GET /runs/{id},GET,200,41.927,True
2026-09-28T15:51:20.845442+00:00,GET /health,GET,200,13.604,True
2026-09-28T15:51:20.827080+00:00,GET /runs/{id}/logs,GET,200,31.725,True
2026-09-28T15:51:20.811688+00:00,GET /runs/{id}/logs,GET,200,47.779,True
2026-09-28T15:51:20.845442+00:00,GET /health,GET,200,14.754,True
2026-09-28T15:51:20.808686+00:00,GET /workflows,GET,200,56.452,True
2026-09-28T15:51:20.859442+00:00,GET /health,GET,200,9.275,True
2026-09-28T15:51:20.856442+00:00,GET /agents/catalog,GET,200,31.622,True
2026-09-28T15:51:20.859442+00:00,GET /workflows/{id},GET,200,31.668,True
2026-09-28T15:51:20.887513+00:00,GET /health,GET,200,7.335,True
2026-09-28T15:51:20.865721+00:00,GET /workflows/{id},GET,200,33.973,True
2026-09-28T15:51:20.868721+00:00,GET /workflows/{id},GET,200,31.469,True
2026-09-28T15:51:20.860703+00:00,GET /runs/{id},GET,200,39.777,True
2026-09-28T15:51:20.895281+00:00,GET /health,GET,200,10.723,True
2026-09-28T15:51:20.856442+00:00,GET /runs/{id}/logs,GET,200,51.654,True
2026-09-28T15:51:20.891651+00:00,GET /workflows/{id},GET,200,29.342,True
2026-09-28T15:51:20.859442+00:00,GET /workflows,GET,200,68.788,True
2026-09-28T15:51:20.906287+00:00,GET /runs/{id}/logs,GET,200,29.407,True
2026-09-28T15:51:20.908050+00:00,GET /workflows/{id},GET,200,27.938,True
2026-09-28T15:51:20.899280+00:00,GET /runs/{id},GET,200,36.686,True
2026-09-28T15:51:20.858441+00:00,GET /workflows,GET,200,77.973,True
2026-09-28T15:51:20.899280+00:00,GET /runs/{id},GET,200,38.034,True
2026-09-28T15:51:20.927736+00:00,GET /workflows/{id},GET,200,20.164,True
2026-09-28T15:51:20.921065+00:00,GET /workflows/{id},GET,200,27.754,True
2026-09-28T15:51:20.935762+00:00,GET /workflows/{id},GET,200,18.552,True
2026-09-28T15:51:20.936763+00:00,GET /runs/{id}/logs,GET,200,31.299,True
2026-09-28T15:51:20.936763+00:00,GET /runs/{id},GET,200,35.799,True
2026-09-28T15:51:20.935762+00:00,GET /runs/{id},GET,200,37.411,True
2026-09-28T15:51:20.948794+00:00,GET /runs/{id}/logs,GET,200,25.932,True
2026-09-28T15:51:20.947290+00:00,GET /runs/{id},GET,200,35.111,True
2026-09-28T15:51:20.900281+00:00,PUT /workflows/{id},PUT,200,91.323,True
2026-09-28T15:51:20.974638+00:00,GET /runs/{id},GET,200,32.245,True
2026-09-28T15:51:20.972639+00:00,GET /runs/{id},GET,200,40.958,True
2026-09-28T15:51:20.954123+00:00,GET /workflows,GET,200,75.155,True
2026-09-28T15:51:21.029880+00:00,GET /health,GET,200,7.464,True
2026-09-28T15:51:20.937889+00:00,PUT /workflows/{id},PUT,200,101.614,True
2026-09-28T15:51:20.968123+00:00,GET /workflows,GET,200,97.322,True
2026-09-28T15:51:21.013691+00:00,GET /runs/{id},GET,200,54.709,True
2026-09-28T15:51:21.065438+00:00,GET /health,GET,200,7.597,True
2026-09-28T15:51:21.006693+00:00,GET /runs/{id},GET,200,68.953,True
2026-09-28T15:51:20.972639+00:00,PUT /workflows/{id},PUT,200,109.954,True
2026-09-28T15:51:21.038889+00:00,GET /runs/{id}/logs,GET,200,47.621,True
2026-09-28T15:51:20.991548+00:00,GET /workflows,GET,200,95.484,True
2026-09-28T15:51:21.037458+00:00,GET /runs/{id}/logs,GET,200,50.326,True
2026-09-28T15:51:20.983655+00:00,GET /workflows,GET,200,108.631,True
2026-09-28T15:51:21.086942+00:00,GET /health,GET,200,5.107,True
2026-09-28T15:51:21.092941+00:00,GET /health,GET,200,6.066,True
2026-09-28T15:51:21.091941+00:00,GET /health,GET,200,8.935,True
2026-09-28T15:51:21.068938+00:00,GET /runs/{id}/logs,GET,200,46.017,True
2026-09-28T15:51:21.075940+00:00,GET /runs/{id}/logs,GET,200,40.124,True
2026-09-28T15:51:21.072941+00:00,GET /runs/{id},GET,200,50.010,True
2026-09-28T15:51:21.086942+00:00,GET /runs/{id},GET,200,42.517,True
2026-09-28T15:51:21.086942+00:00,GET /runs/{id},GET,200,42.455,True
2026-09-28T15:51:21.098945+00:00,GET /workflows/{id},GET,200,33.519,True
2026-09-28T15:51:21.081942+00:00,GET /runs/{id},GET,200,50.477,True
2026-09-28T15:51:21.100944+00:00,GET /agents/catalog,GET,200,34.725,True
2026-09-28T15:51:21.122730+00:00,GET /workflows/{id},GET,200,19.777,True
2026-09-28T15:51:21.115993+00:00,GET /agents/catalog,GET,200,29.900,True
2026-09-28T15:51:21.114996+00:00,GET /runs/{id},GET,200,35.223,True
2026-09-28T15:51:21.135527+00:00,GET /workflows/{id},GET,200,17.851,True
2026-09-28T15:51:21.128849+00:00,GET /runs/{id},GET,200,30.304,True
2026-09-28T15:51:21.128849+00:00,POST /workflows/{id}/validate,POST,200,31.440,True
2026-09-28T15:51:21.131871+00:00,GET /runs/{id}/logs,GET,200,31.720,True
2026-09-28T15:51:21.132874+00:00,GET /runs/{id}/logs,GET,200,31.690,True
2026-09-28T15:51:21.145238+00:00,GET /workflows/{id},GET,200,22.107,True
2026-09-28T15:51:21.142238+00:00,POST /workflows/{id}/validate,POST,200,30.207,True
2026-09-28T15:51:21.153239+00:00,GET /runs/{id},GET,200,28.106,True
2026-09-28T15:51:21.160237+00:00,GET /workflows/{id},GET,200,21.826,True
2026-09-28T15:51:21.150239+00:00,GET /runs/{id},GET,200,35.009,True
2026-09-28T15:51:21.168239+00:00,GET /workflows/{id},GET,200,19.960,True
2026-09-28T15:51:21.164239+00:00,GET /runs/{id}/logs,GET,200,27.879,True
2026-09-28T15:51:21.173241+00:00,GET /agents/catalog,GET,200,19.546,True
2026-09-28T15:51:21.181244+00:00,GET /runs/{id}/logs,GET,200,35.682,True
2026-09-28T15:51:21.182244+00:00,GET /runs/{id},GET,200,44.480,True
2026-09-28T15:51:21.161238+00:00,GET /workflows,GET,200,68.019,True
2026-09-28T15:51:21.188242+00:00,GET /runs/{id},GET,200,43.791,True
2026-09-28T15:51:21.185242+00:00,GET /runs/{id},GET,200,50.240,True
2026-09-28T15:51:21.192243+00:00,GET /runs/{id}/logs,GET,200,43.092,True
2026-09-28T15:51:21.192243+00:00,GET /runs/{id}/logs,GET,200,46.559,True
2026-09-28T15:51:21.217381+00:00,GET /agents/catalog,GET,200,29.911,True
2026-09-28T15:51:21.226044+00:00,GET /agents/catalog,GET,200,32.606,True
2026-09-28T15:51:21.164239+00:00,PUT /workflows/{id},PUT,200,101.253,True
2026-09-28T15:51:21.229174+00:00,GET /runs/{id},GET,200,40.321,True
2026-09-28T15:51:21.235852+00:00,GET /runs/{id},GET,200,34.731,True
2026-09-28T15:51:21.239060+00:00,GET /agents/catalog,GET,200,34.556,True
2026-09-28T15:51:21.269077+00:00,GET /health,GET,200,6.320,True
2026-09-28T15:51:21.247078+00:00,GET /workflows/{id},GET,200,28.755,True
2026-09-28T15:51:21.234833+00:00,GET /runs/{id},GET,200,41.429,True
2026-09-28T15:51:21.270077+00:00,GET /health,GET,200,7.393,True
2026-09-28T15:51:21.276081+00:00,GET /health,GET,200,7.608,True
2026-09-28T15:51:21.259079+00:00,GET /workflows/{id},GET,200,24.936,True
2026-09-28T15:51:21.231325+00:00,GET /workflows,GET,200,59.127,True
2026-09-28T15:51:21.275080+00:00,GET /runs/{id}/logs,GET,200,29.281,True
2026-09-28T15:51:21.277083+00:00,GET /runs/{id}/logs,GET,200,28.379,True
2026-09-28T15:51:21.265076+00:00,GET /workflows,GET,200,67.760,True
2026-09-28T15:51:21.305140+00:00,GET /runs/{id},GET,200,45.474,True
2026-09-28T15:51:21.277083+00:00,GET /workflows,GET,200,73.400,True
2026-09-28T15:51:21.284080+00:00,GET /workflows,GET,200,73.588,True
2026-09-28T15:51:21.290586+00:00,GET /workflows,GET,200,71.894,True
2026-09-28T15:51:21.284080+00:00,PUT /workflows/{id},PUT,500,93.716,False
2026-09-28T15:51:21.349970+00:00,GET /runs/{id},GET,200,30.079,True
2026-09-28T15:51:21.274080+00:00,PUT /workflows/{id},PUT,200,106.989,True
2026-09-28T15:51:21.350971+00:00,GET /runs/{id},GET,200,30.086,True
2026-09-28T15:51:21.380630+00:00,GET /health,GET,200,6.490,True
2026-09-28T15:51:21.333320+00:00,GET /workflows,GET,200,54.571,True
2026-09-28T15:51:21.356971+00:00,GET /runs/{id}/logs,GET,200,35.047,True
2026-09-28T15:51:21.377630+00:00,GET /workflows/{id},GET,200,26.376,True
2026-09-28T15:51:21.305140+00:00,PUT /workflows/{id},PUT,200,101.232,True
2026-09-28T15:51:21.380630+00:00,GET /runs/{id},GET,200,41.304,True
2026-09-28T15:51:21.380630+00:00,GET /runs/{id}/logs,GET,200,42.294,True
2026-09-28T15:51:21.387634+00:00,GET /runs/{id},GET,200,42.389,True
2026-09-28T15:51:21.392634+00:00,GET /runs/{id},GET,200,41.525,True
2026-09-28T15:51:21.362974+00:00,GET /workflows,GET,200,71.600,True
2026-09-28T15:51:21.433950+00:00,GET /health,GET,200,6.638,True
2026-09-28T15:51:21.422938+00:00,GET /workflows/{id},GET,200,24.695,True
2026-09-28T15:51:21.421933+00:00,GET /runs/{id}/logs,GET,200,28.516,True
2026-09-28T15:51:21.450953+00:00,GET /health,GET,200,5.855,True
2026-09-28T15:51:21.429950+00:00,POST /workflows/{id}/validate,POST,200,33.769,True
2026-09-28T15:51:21.433950+00:00,POST /workflows/{id}/validate,POST,200,30.658,True
2026-09-28T15:51:21.440954+00:00,GET /workflows/{id},GET,200,29.650,True
2026-09-28T15:51:21.464006+00:00,GET /health,GET,200,8.023,True
2026-09-28T15:51:21.404072+00:00,GET /workflows,GET,200,75.781,True
2026-09-28T15:51:21.406189+00:00,GET /workflows,GET,200,78.249,True
2026-09-28T15:51:21.386633+00:00,PUT /workflows/{id},PUT,200,106.431,True
2026-09-28T15:51:21.470771+00:00,GET /workflows/{id},GET,200,26.271,True
2026-09-28T15:51:21.471771+00:00,GET /agents/catalog,GET,200,25.771,True
2026-09-28T15:51:21.464525+00:00,GET /runs/{id}/logs,GET,200,41.086,True
2026-09-28T15:51:21.496612+00:00,GET /health,GET,200,10.640,True
2026-09-28T15:51:21.480026+00:00,GET /workflows/{id},GET,200,28.627,True
2026-09-28T15:51:21.497612+00:00,GET /workflows/{id},GET,200,33.175,True
2026-09-28T15:51:21.447954+00:00,GET /workflows,GET,200,83.353,True
2026-09-28T15:51:21.484609+00:00,GET /runs/{id},GET,200,47.863,True
2026-09-28T15:51:21.493612+00:00,GET /runs/{id},GET,200,45.516,True
2026-09-28T15:51:21.507876+00:00,GET /runs/{id}/logs,GET,200,32.421,True
2026-09-28T15:51:21.505874+00:00,GET /runs/{id}/logs,GET,200,34.877,True
2026-09-28T15:51:21.457222+00:00,PUT /workflows/{id},PUT,200,88.300,True
2026-09-28T15:51:21.531184+00:00,GET /runs/{id},GET,200,29.319,True
2026-09-28T15:51:21.530664+00:00,POST /workflows/{id}/validate,POST,200,35.321,True
2026-09-28T15:51:21.545065+00:00,GET /workflows/{id},GET,200,21.441,True
2026-09-28T15:51:21.538426+00:00,POST /workflows/{id}/validate,POST,200,29.412,True
2026-09-28T15:51:21.532188+00:00,GET /runs/{id}/logs,GET,200,36.742,True
2026-09-28T15:51:21.540432+00:00,GET /agents/catalog,GET,200,28.964,True
2026-09-28T15:51:21.539429+00:00,GET /runs/{id},GET,200,32.826,True
2026-09-28T15:51:21.560442+00:00,GET /workflows/{id},GET,200,23.122,True
2026-09-28T15:51:21.566745+00:00,GET /workflows/{id},GET,200,26.699,True
2026-09-28T15:51:21.566223+00:00,GET /runs/{id}/logs,GET,200,31.929,True
2026-09-28T15:51:21.508873+00:00,PUT /workflows/{id},PUT,200,98.556,True
2026-09-28T15:51:21.572884+00:00,GET /runs/{id},GET,200,37.468,True
2026-09-28T15:51:21.610391+00:00,GET /health,GET,200,5.726,True
2026-09-28T15:51:21.583289+00:00,GET /runs/{id},GET,200,36.287,True
2026-09-28T15:51:21.597795+00:00,GET /workflows/{id},GET,200,23.580,True
2026-09-28T15:51:21.593288+00:00,GET /runs/{id},GET,200,32.441,True
2026-09-28T15:51:21.568310+00:00,GET /workflows,GET,200,71.602,True
2026-09-28T15:51:21.569880+00:00,GET /workflows,GET,200,71.713,True
2026-09-28T15:51:21.639918+00:00,GET /health,GET,200,5.327,True
2026-09-28T15:51:21.621050+00:00,GET /workflows/{id},GET,200,26.875,True
2026-09-28T15:51:21.569353+00:00,GET /workflows,GET,200,82.343,True
2026-09-28T15:51:21.616049+00:00,GET /workflows/{id},GET,200,36.111,True
2026-09-28T15:51:21.607392+00:00,GET /runs/{id}/logs,GET,200,46.567,True
2026-09-28T15:51:21.625958+00:00,GET /runs/{id},GET,200,32.546,True
2026-09-28T15:51:21.640918+00:00,GET /runs/{id}/logs,GET,200,28.386,True
2026-09-28T15:51:21.651831+00:00,GET /workflows/{id},GET,200,24.032,True
2026-09-28T15:51:21.651831+00:00,GET /workflows/{id},GET,200,24.085,True
2026-09-28T15:51:21.645266+00:00,GET /runs/{id},GET,200,37.180,True
2026-09-28T15:51:21.653442+00:00,GET /runs/{id},GET,200,29.713,True
2026-09-28T15:51:21.620051+00:00,GET /workflows,GET,200,79.104,True
2026-09-28T15:51:21.676611+00:00,GET /workflows/{id},GET,200,27.656,True
2026-09-28T15:51:21.675611+00:00,GET /runs/{id}/logs,GET,200,35.900,True
2026-09-28T15:51:21.683614+00:00,POST /workflows/{id}/validate,POST,200,31.849,True
2026-09-28T15:51:21.648425+00:00,GET /workflows,GET,200,75.192,True
2026-09-28T15:51:21.657849+00:00,GET /workflows,GET,200,82.183,True
2026-09-28T15:51:21.699123+00:00,GET /runs/{id},GET,200,49.254,True
2026-09-28T15:51:21.704264+00:00,GET /runs/{id},GET,200,48.033,True
2026-09-28T15:51:21.669607+00:00,GET /workflows,GET,200,82.954,True
2026-09-28T15:51:21.714771+00:00,GET /runs/{id},GET,200,41.933,True
2026-09-28T15:51:21.711771+00:00,GET /runs/{id},GET,200,49.071,True
2026-09-28T15:51:21.723109+00:00,GET /runs/{id},GET,200,42.936,True
2026-09-28T15:51:21.682614+00:00,GET /workflows,GET,200,89.615,True
2026-09-28T15:51:21.748625+00:00,POST /workflows/{id}/validate,POST,200,36.326,True
2026-09-28T15:51:21.757031+00:00,GET /agents/catalog,GET,200,28.805,True
2026-09-28T15:51:21.784037+00:00,GET /health,GET,200,5.880,True
2026-09-28T15:51:21.767031+00:00,GET /workflows/{id},GET,200,32.372,True
2026-09-28T15:51:21.786037+00:00,GET /health,GET,200,13.606,True
2026-09-28T15:51:21.752031+00:00,PUT /workflows/{id},PUT,500,47.837,False
2026-09-28T15:51:21.740817+00:00,PUT /workflows/{id},PUT,200,59.860,True
2026-09-28T15:51:21.752031+00:00,GET /workflows,GET,200,49.036,True
2026-09-28T15:51:21.761031+00:00,GET /runs/{id}/logs,GET,200,41.404,True
2026-09-28T15:51:21.772032+00:00,PUT /workflows/{id},PUT,200,50.633,True
2026-09-28T15:51:21.799613+00:00,GET /workflows/{id},GET,200,26.254,True
2026-09-28T15:51:21.798222+00:00,GET /agents/catalog,GET,200,30.693,True
2026-09-28T15:51:21.825519+00:00,GET /health,GET,200,9.097,True
2026-09-28T15:51:21.801616+00:00,GET /runs/{id},GET,200,34.923,True
2026-09-28T15:51:21.800617+00:00,GET /runs/{id}/logs,GET,200,40.790,True
2026-09-28T15:51:21.790038+00:00,GET /runs/{id},GET,200,54.899,True
2026-09-28T15:51:21.799613+00:00,GET /runs/{id},GET,200,49.868,True
2026-09-28T15:51:21.823127+00:00,GET /workflows/{id},GET,200,30.356,True
2026-09-28T15:51:21.829545+00:00,GET /runs/{id}/logs,GET,200,31.823,True
2026-09-28T15:51:21.837298+00:00,GET /runs/{id}/logs,GET,200,30.214,True
2026-09-28T15:51:21.835054+00:00,GET /runs/{id},GET,200,40.519,True
2026-09-28T15:51:21.841278+00:00,GET /runs/{id},GET,200,36.100,True
2026-09-28T15:51:21.845277+00:00,GET /runs/{id},GET,200,32.124,True
2026-09-28T15:51:21.852934+00:00,GET /agents/catalog,GET,200,25.380,True
2026-09-28T15:51:21.801616+00:00,GET /workflows,GET,200,77.088,True
2026-09-28T15:51:21.861704+00:00,GET /runs/{id},GET,200,23.712,True
2026-09-28T15:51:21.849930+00:00,PUT /workflows/{id},PUT,200,44.341,True
2026-09-28T15:51:21.877703+00:00,GET /agents/catalog,GET,200,20.946,True
2026-09-28T15:51:21.884704+00:00,GET /workflows/{id},GET,200,16.999,True
2026-09-28T15:51:21.875704+00:00,GET /runs/{id},GET,200,27.674,True
2026-09-28T15:51:21.878704+00:00,GET /runs/{id},GET,200,24.773,True
2026-09-28T15:51:21.898210+00:00,GET /health,GET,200,5.807,True
2026-09-28T15:51:21.877703+00:00,GET /runs/{id}/logs,GET,200,27.026,True
2026-09-28T15:51:21.902213+00:00,GET /health,GET,200,6.806,True
2026-09-28T15:51:21.894211+00:00,GET /workflows/{id},GET,200,20.235,True
2026-09-28T15:51:21.866705+00:00,GET /workflows,GET,200,54.255,True
2026-09-28T15:51:21.904213+00:00,GET /runs/{id}/logs,GET,200,29.072,True
2026-09-28T15:51:21.904213+00:00,GET /runs/{id},GET,200,31.134,True
2026-09-28T15:51:21.903213+00:00,GET /runs/{id}/logs,GET,200,32.884,True
2026-09-28T15:51:21.909215+00:00,GET /runs/{id},GET,200,30.332,True
2026-09-28T15:51:21.935362+00:00,GET /runs/{id}/logs,GET,200,31.230,True
2026-09-28T15:51:21.933363+00:00,GET /runs/{id}/logs,GET,200,34.009,True
2026-09-28T15:51:21.878704+00:00,PUT /workflows/{id},PUT,200,93.359,True
2026-09-28T15:51:21.903213+00:00,GET /workflows,GET,200,70.380,True
2026-09-28T15:51:21.972003+00:00,GET /health,GET,200,6.220,True
2026-09-28T15:51:21.920910+00:00,GET /workflows,GET,200,68.598,True
2026-09-28T15:51:21.967006+00:00,GET /workflows/{id},GET,200,27.949,True
2026-09-28T15:51:21.939375+00:00,GET /workflows,GET,200,56.564,True
2026-09-28T15:51:21.935362+00:00,GET /workflows,GET,200,73.258,True
2026-09-28T15:51:21.974003+00:00,GET /runs/{id}/logs,GET,200,37.170,True
2026-09-28T15:51:21.914213+00:00,PUT /workflows/{id},PUT,200,97.206,True
2026-09-28T15:51:22.011405+00:00,GET /health,GET,200,8.727,True
2026-09-28T15:51:21.996314+00:00,GET /workflows/{id},GET,200,31.845,True
2026-09-28T15:51:21.994811+00:00,GET /runs/{id},GET,200,38.999,True
2026-09-28T15:51:21.989735+00:00,GET /runs/{id}/logs,GET,200,44.100,True
2026-09-28T15:51:22.009404+00:00,GET /workflows/{id},GET,200,29.374,True
2026-09-28T15:51:21.967006+00:00,GET /workflows,GET,200,88.096,True
2026-09-28T15:51:21.978132+00:00,GET /workflows,GET,200,77.813,True
2026-09-28T15:51:22.027421+00:00,GET /workflows/{id},GET,200,35.131,True
2026-09-28T15:51:22.019418+00:00,GET /runs/{id},GET,200,46.347,True
2026-09-28T15:51:22.033428+00:00,POST /workflows/{id}/validate,POST,200,41.368,True
2026-09-28T15:51:22.011405+00:00,PUT /workflows/{id},PUT,200,64.237,True
2026-09-28T15:51:22.034427+00:00,GET /runs/{id}/logs,GET,200,41.996,True
2026-09-28T15:51:22.038516+00:00,GET /runs/{id}/logs,GET,200,38.409,True
2026-09-28T15:51:22.055876+00:00,GET /workflows/{id},GET,200,31.592,True
2026-09-28T15:51:22.054877+00:00,GET /workflows/{id},GET,200,34.154,True
2026-09-28T15:51:22.062932+00:00,GET /runs/{id},GET,200,42.022,True
2026-09-28T15:51:22.074968+00:00,POST /workflows/{id}/validate,POST,200,35.729,True
2026-09-28T15:51:22.077008+00:00,GET /runs/{id}/logs,GET,200,41.179,True
2026-09-28T15:51:22.076006+00:00,GET /runs/{id}/logs,GET,200,43.719,True
2026-09-28T15:51:22.089824+00:00,POST /workflows/{id}/validate,POST,200,30.713,True
2026-09-28T15:51:22.087292+00:00,GET /runs/{id}/logs,GET,200,34.858,True
2026-09-28T15:51:22.065943+00:00,PUT /workflows/{id},PUT,200,56.565,True
2026-09-28T15:51:22.122770+00:00,GET /workflows/{id},GET,200,31.008,True
2026-09-28T15:51:22.122770+00:00,GET /agents/catalog,GET,200,31.508,True
2026-09-28T15:51:22.110570+00:00,GET /runs/{id}/logs,GET,200,50.556,True
2026-09-28T15:51:22.119694+00:00,GET /runs/{id},GET,200,42.719,True
2026-09-28T15:51:22.076006+00:00,GET /workflows,GET,200,96.779,True
2026-09-28T15:51:22.154010+00:00,GET /runs/{id},GET,200,41.059,True
2026-09-28T15:51:22.104717+00:00,GET /workflows,GET,200,91.078,True
2026-09-28T15:51:22.173012+00:00,GET /workflows/{id},GET,200,24.610,True
2026-09-28T15:51:22.119694+00:00,PUT /workflows/{id},PUT,200,94.486,True
2026-09-28T15:51:22.118472+00:00,GET /workflows,GET,200,96.590,True
2026-09-28T15:51:22.195015+00:00,POST /workflows/{id}/validate,POST,200,36.740,True
2026-09-28T15:51:22.196519+00:00,GET /runs/{id}/logs,GET,200,44.030,True
2026-09-28T15:51:22.153010+00:00,PUT /workflows/{id},PUT,200,95.825,True
2026-09-28T15:51:22.162010+00:00,GET /workflows,GET,200,87.584,True
2026-09-28T15:51:22.162010+00:00,GET /workflows,GET,200,108.850,True
2026-09-28T15:51:22.250026+00:00,GET /workflows/{id},GET,200,34.362,True
2026-09-28T15:51:22.240031+00:00,GET /runs/{id}/logs,GET,200,53.987,True
2026-09-28T15:51:22.249025+00:00,GET /workflows/{id},GET,200,51.411,True
2026-09-28T15:51:22.231971+00:00,GET /runs/{id}/logs,GET,200,69.431,True
2026-09-28T15:51:22.197522+00:00,GET /workflows,GET,200,104.304,True
2026-09-28T15:51:22.301086+00:00,GET /health,GET,200,11.074,True
2026-09-28T15:51:22.214866+00:00,GET /workflows,GET,200,105.207,True
2026-09-28T15:51:22.283653+00:00,GET /runs/{id}/logs,GET,200,47.959,True
2026-09-28T15:51:22.214866+00:00,GET /workflows,GET,200,118.088,True
2026-09-28T15:51:22.294087+00:00,GET /workflows/{id},GET,200,45.940,True
2026-09-28T15:51:22.270118+00:00,PUT /workflows/{id},PUT,200,69.829,True
2026-09-28T15:51:22.302086+00:00,GET /runs/{id},GET,200,45.210,True
2026-09-28T15:51:22.340279+00:00,GET /health,GET,200,9.652,True
2026-09-28T15:51:22.350355+00:00,GET /health,GET,200,8.509,True
2026-09-28T15:51:22.319603+00:00,GET /workflows/{id},GET,200,39.030,True
2026-09-28T15:51:22.312593+00:00,GET /runs/{id}/logs,GET,200,46.773,True
2026-09-28T15:51:22.332690+00:00,GET /runs/{id},GET,200,38.550,True
2026-09-28T15:51:22.301086+00:00,PUT /workflows/{id},PUT,200,74.856,True
2026-09-28T15:51:22.331651+00:00,GET /runs/{id},GET,200,46.216,True
2026-09-28T15:51:22.375882+00:00,GET /health,GET,200,5.691,True
2026-09-28T15:51:22.358645+00:00,GET /workflows/{id},GET,200,27.629,True
2026-09-28T15:51:22.359644+00:00,GET /agents/catalog,GET,200,28.846,True
2026-09-28T15:51:22.358645+00:00,GET /runs/{id},GET,200,33.110,True
2026-09-28T15:51:22.347250+00:00,PUT /workflows/{id},PUT,200,46.811,True
2026-09-28T15:51:22.381173+00:00,GET /workflows/{id},GET,200,23.336,True
2026-09-28T15:51:22.371723+00:00,GET /runs/{id},GET,200,33.299,True
2026-09-28T15:51:22.385791+00:00,GET /workflows/{id},GET,200,28.098,True
2026-09-28T15:51:22.378576+00:00,GET /runs/{id},GET,200,36.151,True
2026-09-28T15:51:22.340279+00:00,GET /workflows,GET,200,90.764,True
2026-09-28T15:51:22.394017+00:00,GET /runs/{id}/logs,GET,200,38.249,True
2026-09-28T15:51:22.404736+00:00,GET /workflows/{id},GET,200,29.994,True
2026-09-28T15:51:22.392412+00:00,GET /runs/{id},GET,200,45.034,True
2026-09-28T15:51:22.404736+00:00,GET /runs/{id}/logs,GET,200,39.486,True
2026-09-28T15:51:22.413918+00:00,GET /agents/catalog,GET,200,36.936,True
2026-09-28T15:51:22.444191+00:00,GET /health,GET,200,9.913,True
2026-09-28T15:51:22.414919+00:00,GET /runs/{id},GET,200,42.733,True
2026-09-28T15:51:22.437105+00:00,GET /workflows/{id},GET,200,22.724,True
2026-09-28T15:51:22.435090+00:00,GET /workflows/{id},GET,200,30.374,True
2026-09-28T15:51:22.430078+00:00,GET /runs/{id},GET,200,41.712,True
2026-09-28T15:51:22.432585+00:00,GET /runs/{id},GET,200,41.124,True
2026-09-28T15:51:22.473290+00:00,GET /health,GET,200,7.673,True
2026-09-28T15:51:22.387883+00:00,GET /workflows,GET,200,100.983,True
2026-09-28T15:51:22.454319+00:00,GET /runs/{id}/logs,GET,200,39.530,True
2026-09-28T15:51:22.451191+00:00,GET /runs/{id}/logs,GET,200,47.404,True
2026-09-28T15:51:22.465386+00:00,GET /workflows/{id},GET,200,33.821,True
2026-09-28T15:51:22.460240+00:00,GET /runs/{id}/logs,GET,200,39.983,True
2026-09-28T15:51:22.472762+00:00,GET /runs/{id},GET,200,43.880,True
2026-09-28T15:51:22.481080+00:00,GET /runs/{id},GET,200,49.027,True
2026-09-28T15:51:22.499345+00:00,GET /workflows/{id},GET,200,39.836,True
2026-09-28T15:51:22.499345+00:00,GET /agents/catalog,GET,200,45.000,True
2026-09-28T15:51:22.498345+00:00,GET /runs/{id},GET,200,53.937,True
2026-09-28T15:51:22.516772+00:00,GET /workflows/{id},GET,200,36.943,True
2026-09-28T15:51:22.545034+00:00,GET /health,GET,200,9.483,True
2026-09-28T15:51:22.489560+00:00,PUT /workflows/{id},PUT,200,68.737,True
2026-09-28T15:51:22.456886+00:00,GET /workflows,GET,200,104.404,True
2026-09-28T15:51:22.530429+00:00,GET /runs/{id}/logs,GET,200,33.037,True
2026-09-28T15:51:22.553622+00:00,GET /runs/{id}/logs,GET,200,33.867,True
2026-09-28T15:51:22.493751+00:00,GET /workflows,GET,200,94.280,True
2026-09-28T15:51:22.554622+00:00,GET /runs/{id},GET,200,35.554,True
2026-09-28T15:51:22.557621+00:00,GET /runs/{id}/logs,GET,200,35.941,True
2026-09-28T15:51:22.552622+00:00,GET /runs/{id},GET,200,41.972,True
2026-09-28T15:51:22.561622+00:00,GET /runs/{id},GET,200,35.443,True
2026-09-28T15:51:22.562622+00:00,GET /runs/{id},GET,200,37.858,True
2026-09-28T15:51:22.539034+00:00,GET /workflows,GET,200,116.823,True
2026-09-28T15:51:22.589888+00:00,GET /workflows/{id},GET,200,69.566,True
2026-09-28T15:51:22.587888+00:00,GET /runs/{id}/logs,GET,200,71.956,True
2026-09-28T15:51:22.655952+00:00,GET /health,GET,200,4.575,True
2026-09-28T15:51:22.586888+00:00,GET /runs/{id},GET,200,78.502,True
2026-09-28T15:51:22.597167+00:00,GET /runs/{id},GET,200,76.717,True
2026-09-28T15:51:22.659954+00:00,GET /runs/{id}/logs,GET,200,31.075,True
2026-09-28T15:51:22.659954+00:00,GET /runs/{id}/logs,GET,200,33.858,True
2026-09-28T15:51:22.666021+00:00,GET /runs/{id},GET,200,32.645,True
2026-09-28T15:51:22.673561+00:00,GET /workflows/{id},GET,200,27.740,True
2026-09-28T15:51:22.690862+00:00,GET /workflows/{id},GET,200,33.974,True
2026-09-28T15:51:22.658953+00:00,PUT /workflows/{id},PUT,200,65.956,True
2026-09-28T15:51:22.594163+00:00,GET /workflows,GET,200,131.305,True
2026-09-28T15:51:22.601133+00:00,GET /workflows,GET,200,131.854,True
2026-09-28T15:51:22.693861+00:00,GET /runs/{id},GET,200,38.896,True
2026-09-28T15:51:22.594163+00:00,GET /workflows,GET,200,139.505,True
2026-09-28T15:51:22.701614+00:00,GET /workflows/{id},GET,200,32.763,True
2026-09-28T15:51:22.725335+00:00,GET /health,GET,200,9.915,True
2026-09-28T15:51:22.698862+00:00,GET /runs/{id},GET,200,39.354,True
2026-09-28T15:51:22.725335+00:00,GET /runs/{id},GET,200,33.926,True
2026-09-28T15:51:22.733342+00:00,GET /workflows/{id},GET,200,25.790,True
2026-09-28T15:51:22.734347+00:00,GET /runs/{id}/logs,GET,200,30.188,True
2026-09-28T15:51:22.737346+00:00,GET /workflows/{id},GET,200,29.331,True
2026-09-28T15:51:22.735346+00:00,GET /runs/{id},GET,200,32.230,True
2026-09-28T15:51:22.733342+00:00,GET /runs/{id}/logs,GET,200,34.792,True
2026-09-28T15:51:22.768229+00:00,GET /health,GET,200,6.485,True
2026-09-28T15:51:22.732741+00:00,PUT /workflows/{id},PUT,200,47.057,True
2026-09-28T15:51:22.725335+00:00,GET /workflows,GET,200,67.867,True
2026-09-28T15:51:22.759228+00:00,GET /runs/{id}/logs,GET,200,39.136,True
2026-09-28T15:51:22.759228+00:00,GET /runs/{id},GET,200,40.861,True
2026-09-28T15:51:22.767229+00:00,GET /runs/{id}/logs,GET,200,36.700,True
2026-09-28T15:51:22.767229+00:00,GET /runs/{id},GET,200,42.236,True
2026-09-28T15:51:22.774249+00:00,GET /workflows/{id},GET,200,38.936,True
2026-09-28T15:51:22.780249+00:00,POST /workflows/{id}/validate,POST,200,41.800,True
2026-09-28T15:51:22.793252+00:00,GET /agents/catalog,GET,200,32.803,True
2026-09-28T15:51:22.800435+00:00,GET /workflows/{id},GET,200,29.041,True
2026-09-28T15:51:22.804437+00:00,GET /agents/catalog,GET,200,31.788,True
2026-09-28T15:51:22.813519+00:00,GET /agents/catalog,GET,200,23.859,True
2026-09-28T15:51:22.822113+00:00,GET /runs/{id},GET,200,24.698,True
2026-09-28T15:51:22.764229+00:00,GET /workflows,GET,200,86.937,True
2026-09-28T15:51:22.826113+00:00,POST /workflows/{id}/validate,POST,200,28.009,True
2026-09-28T15:51:22.837512+00:00,GET /runs/{id},GET,200,26.841,True
2026-09-28T15:51:22.836513+00:00,GET /runs/{id},GET,200,34.223,True
2026-09-28T15:51:22.846514+00:00,GET /runs/{id},GET,200,30.702,True
2026-09-28T15:51:22.854514+00:00,GET /workflows/{id},GET,200,26.817,True
2026-09-28T15:51:22.881401+00:00,GET /health,GET,200,5.278,True
2026-09-28T15:51:22.797252+00:00,PUT /workflows/{id},PUT,200,89.491,True
2026-09-28T15:51:22.829483+00:00,GET /workflows,GET,200,68.520,True
2026-09-28T15:51:22.808945+00:00,PUT /workflows/{id},PUT,200,91.815,True
2026-09-28T15:51:22.877350+00:00,GET /workflows/{id},GET,200,29.749,True
2026-09-28T15:51:22.901048+00:00,GET /health,GET,200,12.773,True
2026-09-28T15:51:22.886402+00:00,GET /agents/catalog,GET,200,31.647,True
2026-09-28T15:51:22.851512+00:00,GET /workflows,GET,200,85.119,True
2026-09-28T15:51:22.914423+00:00,GET /workflows/{id},GET,200,29.274,True
2026-09-28T15:51:22.907167+00:00,POST /workflows/{id}/validate,POST,200,36.695,True
2026-09-28T15:51:22.897450+00:00,GET /runs/{id}/logs,GET,200,50.302,True
2026-09-28T15:51:22.864513+00:00,GET /workflows,GET,200,87.468,True
2026-09-28T15:51:22.918547+00:00,GET /runs/{id}/logs,GET,200,44.633,True
2026-09-28T15:51:22.870445+00:00,GET /workflows,GET,200,94.294,True
2026-09-28T15:51:22.948332+00:00,GET /workflows/{id},GET,200,23.175,True
2026-09-28T15:51:22.887401+00:00,GET /workflows,GET,200,89.008,True
2026-09-28T15:51:22.936660+00:00,GET /runs/{id}/logs,GET,200,43.000,True
2026-09-28T15:51:22.943120+00:00,GET /runs/{id},GET,200,36.635,True
2026-09-28T15:51:22.971095+00:00,GET /workflows/{id},GET,200,26.079,True
2026-09-28T15:51:22.976095+00:00,GET /runs/{id}/logs,GET,200,31.948,True
2026-09-28T15:51:22.980209+00:00,GET /runs/{id},GET,200,33.545,True
2026-09-28T15:51:22.951120+00:00,GET /workflows,GET,200,77.132,True
2026-09-28T15:51:22.943120+00:00,PUT /workflows/{id},PUT,200,102.746,True
2026-09-28T15:51:22.962644+00:00,GET /workflows,GET,200,83.920,True
2026-09-28T15:51:23.012948+00:00,GET /runs/{id},GET,200,38.416,True
2026-09-28T15:51:22.963641+00:00,GET /workflows,GET,200,88.104,True
2026-09-28T15:51:23.046385+00:00,GET /health,GET,200,7.336,True
2026-09-28T15:51:23.007947+00:00,GET /runs/{id},GET,200,45.478,True
2026-09-28T15:51:22.980209+00:00,GET /workflows,GET,200,77.058,True
2026-09-28T15:51:23.028742+00:00,POST /workflows/{id}/validate,POST,200,31.960,True
2026-09-28T15:51:23.057195+00:00,GET /workflows/{id},GET,200,18.934,True
2026-09-28T15:51:23.047385+00:00,GET /runs/{id},GET,200,31.215,True
2026-09-28T15:51:23.051961+00:00,GET /agents/catalog,GET,200,26.944,True
2026-09-28T15:51:23.053028+00:00,GET /runs/{id}/logs,GET,200,31.515,True
2026-09-28T15:51:23.054068+00:00,POST /workflows/{id}/validate,POST,200,32.670,True
2026-09-28T15:51:22.997336+00:00,PUT /workflows/{id},PUT,200,89.872,True
2026-09-28T15:51:23.084569+00:00,GET /health,GET,200,7.197,True
2026-09-28T15:51:23.078566+00:00,GET /workflows/{id},GET,200,24.965,True
2026-09-28T15:51:23.078566+00:00,POST /workflows/{id}/validate,POST,200,30.045,True
2026-09-28T15:51:23.075566+00:00,GET /runs/{id},GET,200,38.595,True
2026-09-28T15:51:23.087569+00:00,GET /workflows/{id},GET,200,27.593,True
2026-09-28T15:51:23.086569+00:00,GET /workflows/{id},GET,200,28.636,True
2026-09-28T15:51:23.091569+00:00,GET /workflows/{id},GET,200,27.816,True
2026-09-28T15:51:23.061006+00:00,GET /workflows,GET,200,69.543,True
2026-09-28T15:51:23.130457+00:00,GET /health,GET,200,3.355,True
2026-09-28T15:51:23.108738+00:00,GET /agents/catalog,GET,200,30.327,True
2026-09-28T15:51:23.114738+00:00,GET /workflows/{id},GET,200,31.493,True
2026-09-28T15:51:23.102734+00:00,GET /runs/{id},GET,200,44.068,True
2026-09-28T15:51:23.054068+00:00,PUT /workflows/{id},PUT,200,97.340,True
2026-09-28T15:51:23.114738+00:00,GET /runs/{id}/logs,GET,200,39.015,True
2026-09-28T15:51:23.147107+00:00,GET /health,GET,200,9.049,True
2026-09-28T15:51:23.114738+00:00,GET /runs/{id},GET,200,42.083,True
2026-09-28T15:51:23.151107+00:00,GET /health,GET,200,7.164,True
2026-09-28T15:51:23.133458+00:00,GET /workflows/{id},GET,200,25.853,True
2026-09-28T15:51:23.158107+00:00,GET /health,GET,200,5.529,True
2026-09-28T15:51:23.139374+00:00,GET /runs/{id},GET,200,26.821,True
2026-09-28T15:51:23.156107+00:00,GET /workflows/{id},GET,200,22.365,True
2026-09-28T15:51:23.147107+00:00,GET /runs/{id}/logs,GET,200,33.170,True
2026-09-28T15:51:23.178418+00:00,GET /health,GET,200,5.839,True
2026-09-28T15:51:23.159106+00:00,GET /runs/{id}/logs,GET,200,29.744,True
2026-09-28T15:51:23.119239+00:00,GET /workflows,GET,200,71.665,True
2026-09-28T15:51:23.165908+00:00,GET /runs/{id},GET,200,28.655,True
2026-09-28T15:51:23.157108+00:00,GET /workflows,GET,200,70.237,True
2026-09-28T15:51:23.194422+00:00,GET /runs/{id},GET,200,32.969,True
2026-09-28T15:51:23.163904+00:00,GET /workflows,GET,200,67.142,True
2026-09-28T15:51:23.154107+00:00,PUT /workflows/{id},PUT,200,95.412,True
2026-09-28T15:51:23.249335+00:00,GET /health,GET,200,7.919,True
2026-09-28T15:51:23.227866+00:00,GET /workflows/{id},GET,200,29.968,True
2026-09-28T15:51:23.189421+00:00,GET /workflows,GET,200,76.544,True
2026-09-28T15:51:23.180418+00:00,GET /workflows,GET,200,86.217,True
2026-09-28T15:51:23.184420+00:00,GET /workflows,GET,200,83.363,True
2026-09-28T15:51:23.190420+00:00,GET /workflows,GET,200,77.391,True
2026-09-28T15:51:23.226861+00:00,GET /runs/{id},GET,200,41.660,True
2026-09-28T15:51:23.257624+00:00,GET /workflows/{id},GET,200,26.947,True
2026-09-28T15:51:23.256624+00:00,GET /runs/{id},GET,200,33.102,True
2026-09-28T15:51:23.265623+00:00,GET /workflows/{id},GET,200,24.942,True
2026-09-28T15:51:23.268625+00:00,GET /agents/catalog,GET,200,25.109,True
2026-09-28T15:51:23.289623+00:00,GET /health,GET,200,7.280,True
2026-09-28T15:51:23.284624+00:00,GET /workflows/{id},GET,200,20.905,True
2026-09-28T15:51:23.266626+00:00,PUT /workflows/{id},PUT,200,44.689,True
2026-09-28T15:51:23.230867+00:00,GET /workflows,GET,200,80.596,True
2026-09-28T15:51:23.267623+00:00,PUT /workflows/{id},PUT,500,54.102,False
2026-09-28T15:51:23.293626+00:00,GET /runs/{id},GET,200,31.323,True
2026-09-28T15:51:23.290627+00:00,GET /runs/{id},GET,200,34.560,True
2026-09-28T15:51:23.268625+00:00,GET /workflows,GET,200,63.236,True
2026-09-28T15:51:23.305757+00:00,GET /workflows/{id},GET,200,34.700,True
2026-09-28T15:51:23.311807+00:00,GET /workflows/{id},GET,200,37.039,True
2026-09-28T15:51:23.322311+00:00,GET /agents/catalog,GET,200,31.893,True
2026-09-28T15:51:23.310804+00:00,POST /workflows/{id}/validate,POST,200,44.502,True
2026-09-28T15:51:23.325373+00:00,GET /agents/catalog,GET,200,34.312,True
2026-09-28T15:51:23.323907+00:00,GET /runs/{id}/logs,GET,200,35.219,True
2026-09-28T15:51:23.354075+00:00,GET /health,GET,200,7.930,True
2026-09-28T15:51:23.332378+00:00,GET /runs/{id}/logs,GET,200,34.009,True
2026-09-28T15:51:23.297627+00:00,GET /workflows,GET,200,69.087,True
2026-09-28T15:51:23.348074+00:00,GET /runs/{id},GET,200,32.444,True
2026-09-28T15:51:23.366381+00:00,GET /workflows/{id},GET,200,22.453,True
2026-09-28T15:51:23.360378+00:00,GET /agents/catalog,GET,200,28.878,True
2026-09-28T15:51:23.355074+00:00,GET /runs/{id}/logs,GET,200,36.843,True
2026-09-28T15:51:23.388386+00:00,GET /health,GET,200,9.828,True
2026-09-28T15:51:23.366381+00:00,GET /runs/{id},GET,200,34.425,True
2026-09-28T15:51:23.361382+00:00,GET /runs/{id},GET,200,39.601,True
2026-09-28T15:51:23.400602+00:00,GET /health,GET,200,6.826,True
2026-09-28T15:51:23.381383+00:00,GET /workflows/{id},GET,200,29.708,True
2026-09-28T15:51:23.388386+00:00,GET /runs/{id}/logs,GET,200,37.226,True
2026-09-28T15:51:23.392386+00:00,GET /workflows/{id},GET,200,38.860,True
2026-09-28T15:51:23.400602+00:00,GET /runs/{id},GET,200,36.436,True
2026-09-28T15:51:23.339689+00:00,PUT /workflows/{id},PUT,200,100.429,True
2026-09-28T15:51:23.438076+00:00,GET /health,GET,200,9.244,True
2026-09-28T15:51:23.359875+00:00,GET /workflows,GET,200,89.273,True
2026-09-28T15:51:23.440832+00:00,GET /health,GET,200,10.760,True
2026-09-28T15:51:23.410197+00:00,GET /agents/catalog,GET,200,42.455,True
2026-09-28T15:51:23.431180+00:00,GET /agents/catalog,GET,200,31.692,True
2026-09-28T15:51:23.447288+00:00,GET /runs/{id},GET,200,35.575,True
2026-09-28T15:51:23.448476+00:00,GET /runs/{id},GET,200,41.483,True
2026-09-28T15:51:23.398598+00:00,GET /workflows,GET,200,93.222,True
2026-09-28T15:51:23.408191+00:00,PUT /workflows/{id},PUT,200,104.127,True
2026-09-28T15:51:23.491889+00:00,GET /workflows/{id},GET,200,28.957,True
2026-09-28T15:51:23.482886+00:00,GET /runs/{id}/logs,GET,200,41.629,True
2026-09-28T15:51:23.425793+00:00,GET /workflows,GET,200,98.656,True
2026-09-28T15:51:23.524480+00:00,GET /health,GET,200,7.613,True
2026-09-28T15:51:23.489890+00:00,PUT /workflows/{id},PUT,200,46.160,True
2026-09-28T15:51:23.512048+00:00,GET /agents/catalog,GET,200,33.150,True
2026-09-28T15:51:23.451461+00:00,PUT /workflows/{id},PUT,500,99.066,False
2026-09-28T15:51:23.452964+00:00,GET /workflows,GET,200,99.700,True
2026-09-28T15:51:23.462972+00:00,GET /workflows,GET,200,92.225,True
2026-09-28T15:51:23.524480+00:00,GET /workflows/{id},GET,200,36.336,True
2026-09-28T15:51:23.554688+00:00,GET /health,GET,200,7.526,True
2026-09-28T15:51:23.520995+00:00,GET /runs/{id},GET,200,50.604,True
2026-09-28T15:51:23.550684+00:00,GET /workflows/{id},GET,200,35.234,True
2026-09-28T15:51:23.535930+00:00,GET /runs/{id},GET,200,49.801,True
2026-09-28T15:51:23.552686+00:00,GET /runs/{id}/logs,GET,200,50.433,True
2026-09-28T15:51:23.560712+00:00,GET /runs/{id}/logs,GET,200,46.819,True
2026-09-28T15:51:23.570765+00:00,POST /workflows/{id}/validate,POST,200,43.239,True
2026-09-28T15:51:23.585338+00:00,GET /agents/catalog,GET,200,38.630,True
2026-09-28T15:51:23.531721+00:00,GET /workflows,GET,200,115.020,True
2026-09-28T15:51:23.603208+00:00,GET /workflows/{id},GET,200,46.746,True
2026-09-28T15:51:23.613998+00:00,GET /workflows/{id},GET,200,36.593,True
2026-09-28T15:51:23.586342+00:00,PUT /workflows/{id},PUT,200,69.170,True
2026-09-28T15:51:23.607527+00:00,POST /workflows/{id}/validate,POST,200,50.585,True
2026-09-28T15:51:23.545179+00:00,GET /workflows,GET,200,115.329,True
2026-09-28T15:51:23.562717+00:00,GET /workflows,GET,200,101.732,True
2026-09-28T15:51:23.647135+00:00,GET /runs/{id},GET,200,32.414,True
2026-09-28T15:51:23.650194+00:00,GET /runs/{id},GET,200,29.683,True
2026-09-28T15:51:23.664332+00:00,GET /workflows/{id},GET,200,18.152,True
2026-09-28T15:51:23.679332+00:00,GET /health,GET,200,7.750,True
2026-09-28T15:51:23.660327+00:00,GET /runs/{id},GET,200,29.143,True
2026-09-28T15:51:23.679332+00:00,GET /workflows/{id},GET,200,24.417,True
2026-09-28T15:51:23.687330+00:00,GET /workflows/{id},GET,200,26.828,True
2026-09-28T15:51:23.624300+00:00,PUT /workflows/{id},PUT,200,90.304,True
2026-09-28T15:51:23.682333+00:00,GET /runs/{id},GET,200,37.981,True
2026-09-28T15:51:23.714830+00:00,GET /health,GET,200,12.285,True
2026-09-28T15:51:23.689331+00:00,POST /workflows/{id}/validate,POST,200,42.823,True
2026-09-28T15:51:23.658818+00:00,GET /workflows,GET,200,74.294,True
2026-09-28T15:51:23.703590+00:00,GET /agents/catalog,GET,200,36.392,True
2026-09-28T15:51:23.655306+00:00,GET /workflows,GET,200,85.159,True
2026-09-28T15:51:23.650759+00:00,PUT /workflows/{id},PUT,200,93.503,True
2026-09-28T15:51:23.714830+00:00,GET /runs/{id},GET,200,35.496,True
2026-09-28T15:51:23.726969+00:00,GET /runs/{id},GET,200,29.788,True
2026-09-28T15:51:23.720942+00:00,GET /runs/{id}/logs,GET,200,38.194,True
2026-09-28T15:51:23.732597+00:00,GET /workflows/{id},GET,200,32.609,True
2026-09-28T15:51:23.740166+00:00,GET /workflows/{id},GET,200,24.658,True
2026-09-28T15:51:23.744910+00:00,GET /runs/{id},GET,200,23.366,True
2026-09-28T15:51:23.765290+00:00,GET /health,GET,200,4.066,True
2026-09-28T15:51:23.749915+00:00,GET /agents/catalog,GET,200,21.292,True
2026-09-28T15:51:23.768311+00:00,GET /health,GET,200,4.454,True
2026-09-28T15:51:23.769460+00:00,GET /workflows/{id},GET,200,14.404,True
2026-09-28T15:51:23.765807+00:00,GET /runs/{id},GET,200,23.391,True
2026-09-28T15:51:23.771500+00:00,GET /runs/{id},GET,200,20.946,True
2026-09-28T15:51:23.732597+00:00,GET /workflows,GET,200,60.272,True
2026-09-28T15:51:23.793445+00:00,GET /agents/catalog,GET,200,30.036,True
2026-09-28T15:51:23.783443+00:00,GET /runs/{id}/logs,GET,200,43.264,True
2026-09-28T15:51:23.788444+00:00,GET /runs/{id}/logs,GET,200,40.873,True
2026-09-28T15:51:23.792445+00:00,GET /runs/{id},GET,200,41.167,True
2026-09-28T15:51:23.830114+00:00,GET /health,GET,200,9.792,True
2026-09-28T15:51:23.740166+00:00,PUT /workflows/{id},PUT,200,104.912,True
2026-09-28T15:51:23.823530+00:00,GET /runs/{id},GET,200,33.110,True
2026-09-28T15:51:23.772499+00:00,GET /workflows,GET,200,84.595,True
2026-09-28T15:51:23.758967+00:00,PUT /workflows/{id},PUT,200,106.511,True
2026-09-28T15:51:23.827112+00:00,GET /runs/{id},GET,200,42.007,True
2026-09-28T15:51:23.756893+00:00,PUT /workflows/{id},PUT,500,120.743,False
2026-09-28T15:51:23.839619+00:00,GET /runs/{id},GET,200,40.735,True
2026-09-28T15:51:23.865619+00:00,GET /workflows/{id},GET,200,25.278,True
2026-09-28T15:51:23.856618+00:00,GET /runs/{id}/logs,GET,200,36.824,True
2026-09-28T15:51:23.856618+00:00,GET /runs/{id}/logs,GET,200,37.918,True
2026-09-28T15:51:23.880621+00:00,GET /workflows/{id},GET,200,25.099,True
2026-09-28T15:51:23.833620+00:00,GET /workflows,GET,200,72.652,True
2026-09-28T15:51:23.868619+00:00,GET /runs/{id}/logs,GET,200,48.362,True
2026-09-28T15:51:23.893621+00:00,GET /agents/catalog,GET,200,28.576,True
2026-09-28T15:51:23.917156+00:00,GET /health,GET,200,7.958,True
2026-09-28T15:51:23.890619+00:00,GET /workflows/{id},GET,200,35.223,True
2026-09-28T15:51:23.845620+00:00,GET /workflows,GET,200,82.154,True
2026-09-28T15:51:23.927200+00:00,GET /health,GET,200,3.170,True
2026-09-28T15:51:23.906128+00:00,POST /workflows/{id}/validate,POST,200,35.285,True
2026-09-28T15:51:23.877620+00:00,GET /runs/{id},GET,200,66.191,True
2026-09-28T15:51:23.922692+00:00,GET /runs/{id},GET,200,34.179,True
2026-09-28T15:51:23.926199+00:00,GET /runs/{id},GET,200,31.642,True
2026-09-28T15:51:23.930706+00:00,GET /runs/{id}/logs,GET,200,28.778,True
2026-09-28T15:51:23.941760+00:00,GET /runs/{id},GET,200,30.705,True
2026-09-28T15:51:23.894620+00:00,GET /workflows,GET,200,78.127,True
2026-09-28T15:51:23.956357+00:00,GET /agents/catalog,GET,200,22.472,True
2026-09-28T15:51:23.957358+00:00,GET /runs/{id}/logs,GET,200,25.437,True
2026-09-28T15:51:23.905621+00:00,GET /workflows,GET,200,83.733,True
2026-09-28T15:51:23.943760+00:00,PUT /workflows/{id},PUT,200,45.845,True
2026-09-28T15:51:23.972360+00:00,GET /runs/{id},GET,200,20.764,True
2026-09-28T15:51:23.993557+00:00,GET /health,GET,200,5.461,True
2026-09-28T15:51:23.979475+00:00,POST /workflows/{id}/validate,POST,200,27.078,True
2026-09-28T15:51:23.989475+00:00,GET /workflows/{id},GET,200,35.898,True
2026-09-28T15:51:24.025539+00:00,GET /health,GET,200,9.804,True
2026-09-28T15:51:23.925200+00:00,PUT /workflows/{id},PUT,200,110.253,True
2026-09-28T15:51:23.998560+00:00,GET /runs/{id},GET,200,51.314,True
2026-09-28T15:51:24.005775+00:00,GET /runs/{id},GET,200,50.526,True
2026-09-28T15:51:23.959355+00:00,PUT /workflows/{id},PUT,200,112.705,True
2026-09-28T15:51:24.035332+00:00,GET /runs/{id},GET,200,36.811,True
2026-09-28T15:51:23.972360+00:00,GET /workflows,GET,200,108.522,True
2026-09-28T15:51:24.072280+00:00,GET /health,GET,200,12.197,True
2026-09-28T15:51:23.989475+00:00,GET /workflows,GET,200,98.308,True
2026-09-28T15:51:23.982476+00:00,GET /workflows,GET,200,108.124,True
2026-09-28T15:51:24.087678+00:00,GET /health,GET,200,6.611,True
2026-09-28T15:51:24.056705+00:00,GET /runs/{id},GET,200,58.260,True
2026-09-28T15:51:24.050342+00:00,PUT /workflows/{id},PUT,200,65.640,True
2026-09-28T15:51:24.072280+00:00,POST /workflows/{id}/validate,POST,200,49.356,True
2026-09-28T15:51:24.084629+00:00,GET /runs/{id},GET,200,37.761,True
2026-09-28T15:51:24.115731+00:00,GET /health,GET,200,8.945,True
2026-09-28T15:51:24.035332+00:00,GET /workflows,GET,200,95.170,True
2026-09-28T15:51:24.121523+00:00,GET /health,GET,200,12.185,True
2026-09-28T15:51:24.093678+00:00,GET /runs/{id}/logs,GET,200,43.308,True
2026-09-28T15:51:24.121523+00:00,GET /workflows/{id},GET,200,27.276,True
2026-09-28T15:51:24.114731+00:00,GET /runs/{id},GET,200,38.858,True
2026-09-28T15:51:24.124525+00:00,GET /runs/{id}/logs,GET,200,40.618,True
2026-09-28T15:51:24.130027+00:00,POST /workflows/{id}/validate,POST,200,34.960,True
2026-09-28T15:51:24.090678+00:00,GET /workflows,GET,200,82.131,True
2026-09-28T15:51:24.137672+00:00,GET /runs/{id},GET,200,36.365,True
2026-09-28T15:51:24.080552+00:00,GET /workflows,GET,200,96.282,True
2026-09-28T15:51:24.149511+00:00,GET /runs/{id},GET,200,36.493,True
2026-09-28T15:51:24.153527+00:00,PUT /workflows/{id},PUT,200,45.383,True
2026-09-28T15:51:24.176603+00:00,GET /runs/{id}/logs,GET,200,24.474,True
2026-09-28T15:51:24.173600+00:00,GET /runs/{id},GET,200,30.852,True
2026-09-28T15:51:24.133158+00:00,GET /workflows,GET,200,79.949,True
2026-09-28T15:51:24.173600+00:00,PUT /workflows/{id},PUT,200,43.607,True
2026-09-28T15:51:24.200607+00:00,GET /workflows/{id},GET,200,19.528,True
2026-09-28T15:51:24.204804+00:00,GET /workflows/{id},GET,200,19.328,True
2026-09-28T15:51:24.199607+00:00,GET /runs/{id}/logs,GET,200,27.946,True
2026-09-28T15:51:24.165032+00:00,GET /workflows,GET,200,62.288,True
2026-09-28T15:51:24.216443+00:00,GET /runs/{id}/logs,GET,200,27.706,True
2026-09-28T15:51:24.220935+00:00,GET /agents/catalog,GET,200,27.808,True
2026-09-28T15:51:24.165032+00:00,PUT /workflows/{id},PUT,200,88.066,True
2026-09-28T15:51:24.223811+00:00,GET /runs/{id},GET,200,34.381,True
2026-09-28T15:51:24.227182+00:00,GET /runs/{id},GET,200,34.614,True
2026-09-28T15:51:24.248921+00:00,GET /workflows/{id},GET,200,23.501,True
2026-09-28T15:51:24.243990+00:00,GET /runs/{id}/logs,GET,200,29.991,True
2026-09-28T15:51:24.185606+00:00,PUT /workflows/{id},PUT,200,89.012,True
2026-09-28T15:51:24.257930+00:00,GET /workflows/{id},GET,200,23.030,True
2026-09-28T15:51:24.252931+00:00,POST /workflows/{id}/validate,POST,200,30.456,True
2026-09-28T15:51:24.213443+00:00,GET /workflows,GET,200,81.056,True
2026-09-28T15:51:24.274976+00:00,GET /workflows/{id},GET,200,32.369,True
2026-09-28T15:51:24.227182+00:00,GET /workflows,GET,200,79.780,True
2026-09-28T15:51:24.274976+00:00,GET /runs/{id},GET,200,39.445,True
2026-09-28T15:51:24.283978+00:00,GET /runs/{id},GET,200,30.911,True
2026-09-28T15:51:24.280977+00:00,GET /runs/{id},GET,200,33.858,True
2026-09-28T15:51:24.294481+00:00,GET /workflows/{id},GET,200,26.288,True
2026-09-28T15:51:24.307488+00:00,GET /workflows/{id},GET,200,37.073,True
2026-09-28T15:51:24.315568+00:00,POST /workflows/{id}/validate,POST,200,32.698,True
2026-09-28T15:51:24.306488+00:00,GET /runs/{id}/logs,GET,200,46.723,True
2026-09-28T15:51:24.261930+00:00,PUT /workflows/{id},PUT,200,93.478,True
2026-09-28T15:51:24.321074+00:00,GET /agents/catalog,GET,200,36.491,True
2026-09-28T15:51:24.271976+00:00,GET /workflows,GET,200,96.162,True
2026-09-28T15:51:24.344452+00:00,GET /workflows/{id},GET,200,25.600,True
2026-09-28T15:51:24.355551+00:00,GET /workflows/{id},GET,200,23.348,True
2026-09-28T15:51:24.357550+00:00,POST /workflows/{id}/validate,POST,200,32.542,True
2026-09-28T15:51:24.347884+00:00,GET /runs/{id}/logs,GET,200,43.084,True
2026-09-28T15:51:24.370553+00:00,GET /runs/{id},GET,200,40.280,True
2026-09-28T15:51:24.314567+00:00,GET /workflows,GET,200,99.626,True
2026-09-28T15:51:24.314567+00:00,GET /workflows,GET,200,101.495,True
2026-09-28T15:51:24.390554+00:00,GET /runs/{id},GET,200,36.772,True
2026-09-28T15:51:24.390554+00:00,GET /runs/{id},GET,200,36.435,True
2026-09-28T15:51:24.410572+00:00,GET /agents/catalog,GET,200,27.389,True
2026-09-28T15:51:24.416204+00:00,GET /workflows/{id},GET,200,28.112,True
2026-09-28T15:51:24.353549+00:00,GET /workflows,GET,200,98.993,True
2026-09-28T15:51:24.426740+00:00,GET /workflows/{id},GET,200,28.363,True
2026-09-28T15:51:24.414204+00:00,GET /runs/{id}/logs,GET,200,41.908,True
2026-09-28T15:51:24.455688+00:00,GET /health,GET,200,8.075,True
2026-09-28T15:51:24.368551+00:00,GET /workflows,GET,200,95.988,True
2026-09-28T15:51:24.437987+00:00,POST /workflows/{id}/validate,POST,200,27.409,True
2026-09-28T15:51:24.444233+00:00,GET /agents/catalog,GET,200,23.321,True
2026-09-28T15:51:24.465691+00:00,GET /health,GET,200,4.589,True
2026-09-28T15:51:24.452688+00:00,GET /workflows/{id},GET,200,19.406,True
2026-09-28T15:51:24.455688+00:00,GET /runs/{id}/logs,GET,200,25.527,True
2026-09-28T15:51:24.464694+00:00,POST /workflows/{id}/validate,POST,200,22.128,True
2026-09-28T15:51:24.463693+00:00,GET /runs/{id}/logs,GET,200,22.977,True
2026-09-28T15:51:24.467692+00:00,GET /runs/{id},GET,200,25.948,True
2026-09-28T15:51:24.480855+00:00,GET /workflows/{id},GET,200,16.560,True
2026-09-28T15:51:24.472349+00:00,GET /runs/{id},GET,200,26.145,True
2026-09-28T15:51:24.426740+00:00,GET /workflows,GET,200,70.901,True
2026-09-28T15:51:24.498506+00:00,GET /health,GET,200,5.312,True
2026-09-28T15:51:24.486855+00:00,POST /workflows/{id}/validate,POST,200,21.252,True
2026-09-28T15:51:24.486855+00:00,GET /runs/{id},GET,200,21.230,True
2026-09-28T15:51:24.498506+00:00,GET /workflows/{id},GET,200,19.405,True
2026-09-28T15:51:24.497506+00:00,GET /runs/{id}/logs,GET,200,21.772,True
2026-09-28T15:51:24.503377+00:00,GET /runs/{id}/logs,GET,200,19.456,True
2026-09-28T15:51:24.507890+00:00,GET /agents/catalog,GET,200,31.277,True
2026-09-28T15:51:24.517890+00:00,GET /runs/{id}/logs,GET,200,29.457,True
2026-09-28T15:51:24.547057+00:00,GET /health,GET,200,5.480,True
2026-09-28T15:51:24.523224+00:00,GET /runs/{id},GET,200,33.172,True
2026-09-28T15:51:24.518890+00:00,GET /runs/{id}/logs,GET,200,40.074,True
2026-09-28T15:51:24.555521+00:00,GET /health,GET,200,8.484,True
2026-09-28T15:51:24.559089+00:00,GET /health,GET,200,6.378,True
2026-09-28T15:51:24.539264+00:00,GET /agents/catalog,GET,200,27.058,True
2026-09-28T15:51:24.493506+00:00,GET /workflows,GET,200,73.074,True
2026-09-28T15:51:24.551850+00:00,GET /workflows/{id},GET,200,20.554,True
2026-09-28T15:51:24.507890+00:00,GET /workflows,GET,200,77.601,True
2026-09-28T15:51:24.565040+00:00,GET /runs/{id}/logs,GET,200,22.698,True
2026-09-28T15:51:24.566077+00:00,GET /runs/{id}/logs,GET,200,26.167,True
2026-09-28T15:51:24.566077+00:00,GET /runs/{id},GET,200,30.755,True
2026-09-28T15:51:24.566607+00:00,GET /runs/{id}/logs,GET,200,30.423,True
2026-09-28T15:51:24.573452+00:00,GET /runs/{id}/logs,GET,200,29.763,True
2026-09-28T15:51:24.585871+00:00,GET /workflows/{id},GET,200,19.257,True
2026-09-28T15:51:24.378551+00:00,PUT /workflows/{id},PUT,200,248.577,True
2026-09-28T15:51:24.470350+00:00,PUT /workflows/{id},PUT,500,157.978,False
2026-09-28T15:51:24.591514+00:00,GET /runs/{id}/logs,GET,200,37.811,True
2026-09-28T15:51:24.597022+00:00,GET /runs/{id}/logs,GET,200,32.821,True
2026-09-28T15:51:24.597022+00:00,POST /workflows/{id}/validate,POST,200,33.296,True
2026-09-28T15:51:24.627752+00:00,GET /health,GET,200,6.732,True
2026-09-28T15:51:24.602925+00:00,GET /agents/catalog,GET,200,31.694,True
2026-09-28T15:51:24.634104+00:00,GET /health,GET,200,4.454,True
2026-09-28T15:51:24.630100+00:00,GET /runs/{id},GET,200,29.687,True
2026-09-28T15:51:24.587960+00:00,GET /workflows,GET,200,73.017,True
2026-09-28T15:51:24.638105+00:00,GET /workflows/{id},GET,200,25.734,True
2026-09-28T15:51:24.635105+00:00,GET /runs/{id}/logs,GET,200,34.749,True
2026-09-28T15:51:24.669613+00:00,GET /health,GET,200,4.478,True
2026-09-28T15:51:24.627752+00:00,GET /runs/{id}/logs,GET,200,52.043,True
2026-09-28T15:51:24.659608+00:00,GET /runs/{id},GET,200,34.983,True
2026-09-28T15:51:24.664613+00:00,GET /runs/{id}/logs,GET,200,38.518,True
2026-09-28T15:51:24.605005+00:00,PUT /workflows/{id},PUT,200,98.289,True
2026-09-28T15:51:24.673611+00:00,GET /runs/{id},GET,200,31.961,True
2026-09-28T15:51:24.630100+00:00,GET /workflows,GET,200,76.391,True
2026-09-28T15:51:24.630100+00:00,GET /workflows,GET,200,81.066,True
2026-09-28T15:51:24.679612+00:00,GET /runs/{id}/logs,GET,200,31.790,True
2026-09-28T15:51:24.702612+00:00,GET /workflows/{id},GET,200,19.838,True
2026-09-28T15:51:24.705611+00:00,GET /workflows/{id},GET,200,22.415,True
2026-09-28T15:51:24.703612+00:00,GET /workflows/{id},GET,200,27.949,True
2026-09-28T15:51:24.706612+00:00,GET /runs/{id}/logs,GET,200,28.511,True
2026-09-28T15:51:24.660615+00:00,GET /workflows,GET,200,76.833,True
2026-09-28T15:51:24.710617+00:00,POST /workflows/{id}/validate,POST,200,28.531,True
2026-09-28T15:51:24.738986+00:00,GET /health,GET,200,4.988,True
2026-09-28T15:51:24.722117+00:00,GET /runs/{id},GET,200,30.421,True
2026-09-28T15:51:24.731391+00:00,POST /workflows/{id}/validate,POST,200,28.212,True
2026-09-28T15:51:24.736981+00:00,GET /workflows/{id},GET,200,23.254,True
2026-09-28T15:51:24.744325+00:00,GET /runs/{id},GET,200,26.902,True
2026-09-28T15:51:24.759160+00:00,GET /workflows/{id},GET,200,17.185,True
2026-09-28T15:51:24.694613+00:00,PUT /workflows/{id},PUT,200,87.309,True
2026-09-28T15:51:24.752923+00:00,GET /runs/{id}/logs,GET,200,29.696,True
2026-09-28T15:51:24.711616+00:00,GET /workflows,GET,200,74.353,True
2026-09-28T15:51:24.771193+00:00,GET /workflows/{id},GET,200,19.060,True
2026-09-28T15:51:24.782193+00:00,GET /workflows/{id},GET,200,18.237,True
2026-09-28T15:51:24.734391+00:00,GET /workflows,GET,200,69.629,True
2026-09-28T15:51:24.800363+00:00,GET /health,GET,200,5.253,True
2026-09-28T15:51:24.783193+00:00,POST /workflows/{id}/validate,POST,200,23.564,True
2026-09-28T15:51:24.790197+00:00,GET /workflows/{id},GET,200,16.630,True
2026-09-28T15:51:24.728388+00:00,PUT /workflows/{id},PUT,200,79.272,True
2026-09-28T15:51:24.786194+00:00,GET /runs/{id},GET,200,21.762,True
2026-09-28T15:51:24.807870+00:00,GET /health,GET,200,5.414,True
2026-09-28T15:51:24.805870+00:00,GET /workflows/{id},GET,200,14.604,True
2026-09-28T15:51:24.804870+00:00,GET /runs/{id},GET,200,23.225,True
2026-09-28T15:51:24.806871+00:00,GET /runs/{id},GET,200,28.478,True
2026-09-28T15:51:24.826801+00:00,GET /health,GET,200,9.833,True
2026-09-28T15:51:24.807870+00:00,GET /runs/{id},GET,200,33.904,True
2026-09-28T15:51:24.761161+00:00,PUT /workflows/{id},PUT,200,84.321,True
2026-09-28T15:51:24.820790+00:00,GET /runs/{id},GET,200,42.962,True
2026-09-28T15:51:24.844280+00:00,GET /workflows/{id},GET,200,25.007,True
2026-09-28T15:51:24.835185+00:00,GET /runs/{id},GET,200,38.487,True
2026-09-28T15:51:24.837673+00:00,GET /runs/{id},GET,200,45.372,True
2026-09-28T15:51:24.842258+00:00,POST /workflows/{id}/validate,POST,200,41.780,True
2026-09-28T15:51:24.776193+00:00,PUT /workflows/{id},PUT,200,108.021,True
2026-09-28T15:51:24.870375+00:00,GET /agents/catalog,GET,200,22.261,True
2026-09-28T15:51:24.863376+00:00,GET /workflows/{id},GET,200,31.295,True
2026-09-28T15:51:24.805870+00:00,PUT /workflows/{id},PUT,200,103.053,True
2026-09-28T15:51:24.874376+00:00,GET /runs/{id}/logs,GET,200,37.403,True
2026-09-28T15:51:24.812871+00:00,PUT /workflows/{id},PUT,500,104.693,False
2026-09-28T15:51:24.883376+00:00,GET /runs/{id},GET,200,36.383,True
2026-09-28T15:51:24.883376+00:00,GET /runs/{id},GET,200,38.364,True
2026-09-28T15:51:24.884377+00:00,GET /runs/{id},GET,200,38.974,True
2026-09-28T15:51:24.892375+00:00,GET /runs/{id},GET,200,31.988,True
2026-09-28T15:51:24.921878+00:00,GET /runs/{id}/logs,GET,200,41.166,True
2026-09-28T15:51:24.919374+00:00,GET /runs/{id},GET,200,44.186,True
2026-09-28T15:51:24.911374+00:00,GET /runs/{id},GET,200,52.914,True
2026-09-28T15:51:24.917374+00:00,GET /runs/{id},GET,200,46.839,True
2026-09-28T15:51:24.923952+00:00,GET /runs/{id}/logs,GET,200,45.260,True
2026-09-28T15:51:24.908372+00:00,PUT /workflows/{id},PUT,200,61.025,True
2026-09-28T15:51:24.923952+00:00,GET /runs/{id},GET,200,53.777,True
2026-09-28T15:51:24.969721+00:00,GET /workflows/{id},GET,200,30.007,True
2026-09-28T15:51:24.964559+00:00,POST /workflows/{id}/validate,POST,200,35.765,True
2026-09-28T15:51:24.895376+00:00,GET /workflows,GET,200,105.797,True
2026-09-28T15:51:24.963519+00:00,POST /workflows/{id}/validate,POST,200,40.827,True
2026-09-28T15:51:24.968718+00:00,GET /runs/{id},GET,200,38.280,True
2026-09-28T15:51:24.977849+00:00,GET /workflows/{id},GET,200,29.592,True
2026-09-28T15:51:24.964559+00:00,PUT /workflows/{id},PUT,200,48.255,True
2026-09-28T15:51:25.003936+00:00,GET /runs/{id}/logs,GET,200,38.941,True
2026-09-28T15:51:25.000351+00:00,GET /runs/{id}/logs,GET,200,43.286,True
2026-09-28T15:51:25.007936+00:00,POST /workflows/{id}/validate,POST,200,36.752,True
2026-09-28T15:51:25.006935+00:00,POST /workflows/{id}/validate,POST,200,37.747,True
2026-09-28T15:51:24.999350+00:00,GET /runs/{id},GET,200,45.414,True
2026-09-28T15:51:24.963519+00:00,GET /workflows,GET,200,90.918,True
2026-09-28T15:51:25.043721+00:00,GET /workflows/{id},GET,200,24.501,True
2026-09-28T15:51:25.068464+00:00,GET /health,GET,200,5.931,True
2026-09-28T15:51:25.043203+00:00,POST /workflows/{id}/validate,POST,200,31.412,True
2026-09-28T15:51:25.044724+00:00,GET /workflows/{id},GET,200,30.617,True
2026-09-28T15:51:25.044724+00:00,GET /runs/{id},GET,200,44.070,True
2026-09-28T15:51:25.074974+00:00,GET /workflows/{id},GET,200,32.154,True
2026-09-28T15:51:25.054431+00:00,PUT /workflows/{id},PUT,200,57.428,True
2026-09-28T15:51:25.000351+00:00,GET /workflows,GET,200,119.148,True
2026-09-28T15:51:25.106817+00:00,GET /health,GET,200,13.398,True
2026-09-28T15:51:25.073976+00:00,GET /runs/{id},GET,200,47.355,True
2026-09-28T15:51:25.111815+00:00,GET /health,GET,200,13.113,True
2026-09-28T15:51:25.073976+00:00,GET /runs/{id}/logs,GET,200,51.860,True
2026-09-28T15:51:25.012438+00:00,GET /workflows,GET,200,118.121,True
2026-09-28T15:51:25.044724+00:00,PUT /workflows/{id},PUT,200,98.603,True
2026-09-28T15:51:25.120325+00:00,GET /workflows/{id},GET,200,41.711,True
2026-09-28T15:51:25.124585+00:00,GET /runs/{id},GET,200,44.895,True
2026-09-28T15:51:25.121323+00:00,PUT /workflows/{id},PUT,200,75.585,True
2026-09-28T15:51:25.143899+00:00,GET /runs/{id}/logs,GET,200,54.175,True
2026-09-28T15:51:25.131103+00:00,PUT /workflows/{id},PUT,500,67.327,False
2026-09-28T15:51:25.161925+00:00,GET /runs/{id},GET,200,36.522,True
2026-09-28T15:51:25.120325+00:00,PUT /workflows/{id},PUT,500,79.085,False
2026-09-28T15:51:25.088492+00:00,GET /workflows,GET,200,110.959,True
2026-09-28T15:51:25.125590+00:00,GET /workflows,GET,200,75.139,True
2026-09-28T15:51:25.169474+00:00,GET /runs/{id}/logs,GET,200,38.631,True
2026-09-28T15:51:25.197835+00:00,GET /runs/{id},GET,200,38.549,True
2026-09-28T15:51:25.200343+00:00,GET /runs/{id},GET,200,43.201,True
2026-09-28T15:51:25.197835+00:00,GET /workflows/{id},GET,200,48.458,True
2026-09-28T15:51:25.201344+00:00,GET /runs/{id},GET,200,45.939,True
2026-09-28T15:51:25.199339+00:00,GET /runs/{id}/logs,GET,200,56.193,True
2026-09-28T15:51:25.196834+00:00,PUT /workflows/{id},PUT,200,67.750,True
2026-09-28T15:51:25.243366+00:00,GET /workflows/{id},GET,200,25.608,True
2026-09-28T15:51:25.235948+00:00,GET /runs/{id},GET,200,39.196,True
2026-09-28T15:51:25.255385+00:00,GET /workflows/{id},GET,200,20.644,True
2026-09-28T15:51:25.246847+00:00,GET /agents/catalog,GET,200,29.563,True
2026-09-28T15:51:25.269387+00:00,GET /health,GET,200,7.594,True
2026-09-28T15:51:25.246847+00:00,GET /runs/{id},GET,200,34.195,True
2026-09-28T15:51:25.199339+00:00,PUT /workflows/{id},PUT,200,82.812,True
2026-09-28T15:51:25.276387+00:00,GET /health,GET,200,6.414,True
2026-09-28T15:51:25.265384+00:00,PUT /workflows/{id},PUT,200,30.657,True
2026-09-28T15:51:25.208160+00:00,GET /workflows,GET,200,92.256,True
2026-09-28T15:51:25.275387+00:00,GET /runs/{id}/logs,GET,200,25.785,True
2026-09-28T15:51:25.280896+00:00,POST /workflows/{id}/validate,POST,200,20.726,True
2026-09-28T15:51:25.281900+00:00,GET /runs/{id},GET,200,20.361,True
2026-09-28T15:51:25.301092+00:00,GET /health,GET,200,10.398,True
2026-09-28T15:51:25.295412+00:00,GET /workflows/{id},GET,200,22.708,True
2026-09-28T15:51:25.302098+00:00,GET /workflows/{id},GET,200,22.355,True
2026-09-28T15:51:25.302098+00:00,GET /agents/catalog,GET,200,27.237,True
2026-09-28T15:51:25.311649+00:00,GET /runs/{id},GET,200,34.712,True
2026-09-28T15:51:25.318486+00:00,GET /runs/{id},GET,200,33.229,True
2026-09-28T15:51:25.324177+00:00,GET /runs/{id},GET,200,47.143,True
2026-09-28T15:51:25.276387+00:00,PUT /workflows/{id},PUT,200,100.322,True
2026-09-28T15:51:25.351722+00:00,POST /workflows/{id}/validate,POST,200,35.801,True
2026-09-28T15:51:25.282904+00:00,PUT /workflows/{id},PUT,200,129.814,True
2026-09-28T15:51:25.275387+00:00,PUT /workflows/{id},PUT,500,137.607,False
2026-09-28T15:51:25.301092+00:00,GET /workflows,GET,200,115.754,True
2026-09-28T15:51:25.371983+00:00,GET /runs/{id},GET,200,47.206,True
2026-09-28T15:51:25.376758+00:00,PUT /workflows/{id},PUT,200,48.365,True
2026-09-28T15:51:25.419155+00:00,GET /health,GET,200,8.170,True
2026-09-28T15:51:25.329685+00:00,GET /workflows,GET,200,97.802,True
2026-09-28T15:51:25.423972+00:00,GET /health,GET,200,8.516,True
2026-09-28T15:51:25.426485+00:00,GET /health,GET,200,8.202,True
2026-09-28T15:51:25.387490+00:00,GET /runs/{id}/logs,GET,200,54.204,True
2026-09-28T15:51:25.345716+00:00,GET /workflows,GET,200,97.390,True
2026-09-28T15:51:25.427485+00:00,GET /workflows/{id},GET,200,25.126,True
2026-09-28T15:51:25.413447+00:00,GET /runs/{id},GET,200,42.301,True
2026-09-28T15:51:25.417602+00:00,GET /runs/{id}/logs,GET,200,40.650,True
2026-09-28T15:51:25.435494+00:00,GET /workflows/{id},GET,200,25.849,True
2026-09-28T15:51:25.413447+00:00,GET /runs/{id}/logs,GET,200,48.823,True
2026-09-28T15:51:25.433486+00:00,POST /workflows/{id}/validate,POST,200,32.268,True
2026-09-28T15:51:25.441691+00:00,GET /runs/{id}/logs,GET,200,30.586,True
2026-09-28T15:51:25.455569+00:00,GET /runs/{id},GET,200,28.590,True
2026-09-28T15:51:25.462574+00:00,GET /runs/{id},GET,200,77.521,True
2026-09-28T15:51:25.460568+00:00,GET /runs/{id}/logs,GET,200,78.920,True
2026-09-28T15:51:25.465573+00:00,GET /agents/catalog,GET,200,74.955,True
2026-09-28T15:51:25.472574+00:00,GET /runs/{id}/logs,GET,200,78.975,True
2026-09-28T15:51:25.484083+00:00,GET /runs/{id},GET,200,82.312,True
2026-09-28T15:51:25.539958+00:00,GET /workflows/{id},GET,200,28.159,True
2026-09-28T15:51:25.539958+00:00,GET /runs/{id}/logs,GET,200,32.366,True
2026-09-28T15:51:25.443785+00:00,GET /workflows,GET,200,143.033,True
2026-09-28T15:51:25.457569+00:00,GET /workflows,GET,200,144.090,True
2026-09-28T15:51:25.566535+00:00,GET /runs/{id}/logs,GET,200,58.023,True
2026-09-28T15:51:25.452569+00:00,PUT /workflows/{id},PUT,200,171.849,True
2026-09-28T15:51:25.571535+00:00,GET /runs/{id}/logs,GET,200,61.754,True
2026-09-28T15:51:25.624115+00:00,GET /health,GET,200,10.773,True
2026-09-28T15:51:25.586035+00:00,GET /workflows/{id},GET,200,49.092,True
2026-09-28T15:51:25.601992+00:00,GET /workflows/{id},GET,200,58.962,True
2026-09-28T15:51:25.540958+00:00,GET /workflows,GET,200,126.083,True
2026-09-28T15:51:25.634787+00:00,GET /agents/catalog,GET,200,31.917,True
2026-09-28T15:51:25.660803+00:00,GET /health,GET,200,8.678,True
2026-09-28T15:51:25.551531+00:00,GET /workflows,GET,200,119.559,True
2026-09-28T15:51:25.633785+00:00,GET /runs/{id},GET,200,43.036,True
2026-09-28T15:51:25.666809+00:00,GET /health,GET,200,10.139,True
2026-09-28T15:51:25.568534+00:00,PUT /workflows/{id},PUT,200,109.894,True
2026-09-28T15:51:25.624115+00:00,PUT /workflows/{id},PUT,500,54.379,False
2026-09-28T15:51:25.669807+00:00,GET /health,GET,200,9.811,True
2026-09-28T15:51:25.635787+00:00,POST /workflows/{id}/validate,POST,200,44.318,True
2026-09-28T15:51:25.679807+00:00,GET /health,GET,200,7.739,True
2026-09-28T15:51:25.679807+00:00,GET /workflows/{id},GET,200,20.824,True
2026-09-28T15:51:25.670808+00:00,GET /runs/{id},GET,200,34.329,True
2026-09-28T15:51:25.677807+00:00,GET /runs/{id}/logs,GET,200,27.770,True
2026-09-28T15:51:25.676807+00:00,GET /runs/{id}/logs,GET,200,29.020,True
2026-09-28T15:51:25.676807+00:00,GET /runs/{id}/logs,GET,200,38.659,True
2026-09-28T15:51:25.666809+00:00,PUT /workflows/{id},PUT,200,53.069,True
2026-09-28T15:51:25.701029+00:00,GET /workflows/{id},GET,200,24.710,True
2026-09-28T15:51:25.705535+00:00,GET /runs/{id}/logs,GET,200,29.149,True
2026-09-28T15:51:25.705535+00:00,GET /agents/catalog,GET,200,34.257,True
2026-09-28T15:51:25.678807+00:00,GET /workflows,GET,200,80.337,True
2026-09-28T15:51:25.725699+00:00,GET /runs/{id}/logs,GET,200,34.169,True
2026-09-28T15:51:25.720058+00:00,PUT /workflows/{id},PUT,200,40.606,True
2026-09-28T15:51:25.734956+00:00,GET /runs/{id},GET,200,29.602,True
2026-09-28T15:51:25.739955+00:00,GET /runs/{id},GET,200,25.850,True
2026-09-28T15:51:25.760045+00:00,GET /health,GET,200,6.093,True
2026-09-28T15:51:25.765048+00:00,GET /health,GET,200,6.173,True
2026-09-28T15:51:25.687021+00:00,PUT /workflows/{id},PUT,200,91.558,True
2026-09-28T15:51:25.759047+00:00,GET /workflows/{id},GET,200,23.747,True
2026-09-28T15:51:25.705535+00:00,GET /workflows,GET,200,77.306,True
2026-09-28T15:51:25.764045+00:00,GET /workflows/{id},GET,200,22.972,True
2026-09-28T15:51:25.766046+00:00,GET /runs/{id},GET,200,24.789,True
2026-09-28T15:51:25.715882+00:00,PUT /workflows/{id},PUT,200,82.406,True
2026-09-28T15:51:25.791554+00:00,GET /health,GET,200,7.191,True
2026-09-28T15:51:25.779045+00:00,GET /runs/{id}/logs,GET,200,20.560,True
2026-09-28T15:51:25.798062+00:00,GET /health,GET,200,6.469,True
2026-09-28T15:51:25.787554+00:00,GET /workflows/{id},GET,200,22.710,True
2026-09-28T15:51:25.782551+00:00,GET /runs/{id}/logs,GET,200,28.195,True
2026-09-28T15:51:25.783554+00:00,GET /runs/{id}/logs,GET,200,33.709,True
2026-09-28T15:51:25.771045+00:00,GET /runs/{id},GET,200,45.771,True
2026-09-28T15:51:25.798062+00:00,GET /workflows/{id},GET,200,24.086,True
2026-09-28T15:51:25.799063+00:00,GET /runs/{id}/logs,GET,200,26.862,True
2026-09-28T15:51:25.810597+00:00,GET /runs/{id},GET,200,23.501,True
2026-09-28T15:51:25.817711+00:00,POST /workflows/{id}/validate,POST,200,20.131,True
2026-09-28T15:51:25.760045+00:00,PUT /workflows/{id},PUT,200,82.923,True
2026-09-28T15:51:25.826246+00:00,GET /workflows/{id},GET,200,16.855,True
2026-09-28T15:51:25.822245+00:00,GET /runs/{id},GET,200,22.452,True
2026-09-28T15:51:25.834753+00:00,GET /workflows/{id},GET,200,14.569,True
2026-09-28T15:51:25.837761+00:00,GET /workflows/{id},GET,200,12.360,True
2026-09-28T15:51:25.843328+00:00,GET /workflows/{id},GET,200,13.361,True
2026-09-28T15:51:25.842329+00:00,GET /workflows/{id},GET,200,20.658,True
2026-09-28T15:51:25.844328+00:00,GET /runs/{id},GET,200,26.585,True
2026-09-28T15:51:25.849990+00:00,GET /runs/{id},GET,200,30.680,True
2026-09-28T15:51:25.856531+00:00,POST /workflows/{id}/validate,POST,200,37.275,True
2026-09-28T15:51:25.863036+00:00,GET /workflows/{id},GET,200,30.711,True
2026-09-28T15:51:25.894053+00:00,GET /health,GET,200,5.773,True
2026-09-28T15:51:25.872050+00:00,GET /workflows/{id},GET,200,28.653,True
2026-09-28T15:51:25.804569+00:00,PUT /workflows/{id},PUT,200,109.277,True
2026-09-28T15:51:25.816706+00:00,PUT /workflows/{id},PUT,500,97.669,False
2026-09-28T15:51:25.810597+00:00,PUT /workflows/{id},PUT,500,104.689,False
2026-09-28T15:51:25.848941+00:00,GET /workflows,GET,200,66.181,True
2026-09-28T15:51:25.881049+00:00,GET /workflows/{id},GET,200,35.497,True
2026-09-28T15:51:25.915404+00:00,GET /health,GET,200,10.773,True
2026-09-28T15:51:25.900054+00:00,GET /workflows/{id},GET,200,27.939,True
2026-09-28T15:51:25.894053+00:00,GET /runs/{id},GET,200,38.157,True
2026-09-28T15:51:25.899054+00:00,GET /workflows/{id},GET,200,36.454,True
2026-09-28T15:51:25.928287+00:00,GET /health,GET,200,8.236,True
2026-09-28T15:51:25.935915+00:00,GET /health,GET,200,6.467,True
2026-09-28T15:51:25.916444+00:00,GET /runs/{id}/logs,GET,200,36.406,True
2026-09-28T15:51:25.914881+00:00,GET /runs/{id}/logs,GET,200,38.823,True
2026-09-28T15:51:25.914365+00:00,GET /runs/{id},GET,200,39.805,True
2026-09-28T15:51:25.915921+00:00,GET /runs/{id},GET,200,38.913,True
2026-09-28T15:51:25.925626+00:00,GET /agents/catalog,GET,200,33.588,True
2026-09-28T15:51:25.942066+00:00,GET /workflows/{id},GET,200,23.743,True
2026-09-28T15:51:25.931462+00:00,GET /runs/{id}/logs,GET,200,39.155,True
2026-09-28T15:51:25.954164+00:00,GET /runs/{id}/logs,GET,200,27.366,True
2026-09-28T15:51:25.954684+00:00,GET /runs/{id}/logs,GET,200,29.299,True
2026-09-28T15:51:25.953643+00:00,POST /workflows/{id}/validate,POST,200,30.438,True
2026-09-28T15:51:25.959825+00:00,GET /runs/{id}/logs,GET,200,25.530,True
2026-09-28T15:51:25.952618+00:00,GET /runs/{id},GET,200,32.720,True
2026-09-28T15:51:25.970828+00:00,GET /agents/catalog,GET,200,18.996,True
2026-09-28T15:51:25.984657+00:00,GET /runs/{id}/logs,GET,200,23.205,True
2026-09-28T15:51:25.983653+00:00,GET /runs/{id}/logs,GET,200,27.748,True
2026-09-28T15:51:25.935915+00:00,GET /workflows,GET,200,75.612,True
2026-09-28T15:51:26.012507+00:00,GET /health,GET,200,5.502,True
2026-09-28T15:51:26.008505+00:00,GET /runs/{id}/logs,GET,200,31.044,True
2026-09-28T15:51:26.011506+00:00,GET /runs/{id}/logs,GET,200,36.705,True
2026-09-28T15:51:25.981028+00:00,GET /workflows,GET,200,78.800,True
2026-09-28T15:51:26.017138+00:00,GET /runs/{id}/logs,GET,200,42.820,True
2026-09-28T15:51:25.985657+00:00,GET /workflows,GET,200,76.002,True
2026-09-28T15:51:25.965830+00:00,PUT /workflows/{id},PUT,200,100.661,True
2026-09-28T15:51:25.983653+00:00,PUT /workflows/{id},PUT,500,83.688,False
2026-09-28T15:51:26.038990+00:00,GET /runs/{id}/logs,GET,200,29.709,True
2026-09-28T15:51:25.990661+00:00,GET /workflows,GET,200,79.068,True
2026-09-28T15:51:26.060638+00:00,GET /health,GET,200,9.486,True
2026-09-28T15:51:26.066923+00:00,GET /runs/{id}/logs,GET,200,25.330,True
2026-09-28T15:51:26.068914+00:00,GET /agents/catalog,GET,200,29.335,True
2026-09-28T15:51:26.067917+00:00,PUT /workflows/{id},PUT,500,47.269,False
2026-09-28T15:51:26.069917+00:00,GET /runs/{id},GET,200,44.966,True
2026-09-28T15:51:26.059638+00:00,PUT /workflows/{id},PUT,200,55.392,True
2026-09-28T15:51:26.092223+00:00,GET /runs/{id}/logs,GET,200,41.065,True
2026-09-28T15:51:26.099222+00:00,GET /workflows/{id},GET,200,43.604,True
2026-09-28T15:51:26.061638+00:00,GET /workflows,GET,200,81.614,True
2026-09-28T15:51:26.114624+00:00,GET /workflows/{id},GET,200,33.573,True
2026-09-28T15:51:26.047914+00:00,PUT /workflows/{id},PUT,200,108.989,True
2026-09-28T15:51:26.068914+00:00,GET /workflows,GET,200,88.939,True
2026-09-28T15:51:26.133154+00:00,GET /workflows/{id},GET,200,31.356,True
2026-09-28T15:51:26.114624+00:00,GET /runs/{id},GET,200,50.425,True
2026-09-28T15:51:26.142955+00:00,GET /workflows/{id},GET,200,28.833,True
2026-09-28T15:51:26.115710+00:00,PUT /workflows/{id},PUT,200,59.380,True
2026-09-28T15:51:26.149008+00:00,GET /workflows/{id},GET,200,28.365,True
2026-09-28T15:51:26.171788+00:00,GET /health,GET,200,7.864,True
2026-09-28T15:51:26.176787+00:00,GET /health,GET,200,9.593,True
2026-09-28T15:51:26.157737+00:00,GET /runs/{id}/logs,GET,200,41.010,True
2026-09-28T15:51:26.164736+00:00,GET /runs/{id},GET,200,36.745,True
2026-09-28T15:51:26.174797+00:00,GET /runs/{id},GET,200,37.818,True
2026-09-28T15:51:26.179800+00:00,GET /runs/{id}/logs,GET,200,42.662,True
2026-09-28T15:51:26.198921+00:00,GET /workflows/{id},GET,200,25.041,True
2026-09-28T15:51:26.200920+00:00,GET /runs/{id},GET,200,34.292,True
2026-09-28T15:51:26.213035+00:00,GET /runs/{id},GET,200,33.088,True
2026-09-28T15:51:26.141707+00:00,GET /workflows,GET,200,105.864,True
2026-09-28T15:51:26.221877+00:00,GET /runs/{id}/logs,GET,200,32.478,True
2026-09-28T15:51:26.157737+00:00,GET /workflows,GET,200,97.509,True
2026-09-28T15:51:26.164736+00:00,GET /workflows,GET,200,95.219,True
2026-09-28T15:51:26.223247+00:00,GET /runs/{id},GET,200,41.646,True
2026-09-28T15:51:26.235897+00:00,POST /workflows/{id}/validate,POST,200,30.213,True
2026-09-28T15:51:26.186910+00:00,PUT /workflows/{id},PUT,200,88.130,True
2026-09-28T15:51:26.247906+00:00,GET /runs/{id}/logs,GET,200,35.894,True
2026-09-28T15:51:26.265033+00:00,POST /workflows/{id}/validate,POST,200,27.140,True
2026-09-28T15:51:26.292033+00:00,GET /health,GET,200,6.608,True
2026-09-28T15:51:26.255026+00:00,PUT /workflows/{id},PUT,200,44.828,True
2026-09-28T15:51:26.260034+00:00,PUT /workflows/{id},PUT,500,54.542,False
2026-09-28T15:51:26.284033+00:00,GET /runs/{id}/logs,GET,200,34.914,True
2026-09-28T15:51:26.315368+00:00,GET /health,GET,200,12.006,True
2026-09-28T15:51:26.245778+00:00,GET /workflows,GET,200,92.365,True
2026-09-28T15:51:26.338500+00:00,GET /health,GET,200,8.312,True
2026-09-28T15:51:26.255026+00:00,GET /workflows,GET,200,92.205,True
2026-09-28T15:51:26.299045+00:00,GET /runs/{id},GET,200,53.732,True
2026-09-28T15:51:26.319368+00:00,GET /runs/{id}/logs,GET,200,36.922,True
2026-09-28T15:51:26.300040+00:00,GET /runs/{id},GET,200,56.608,True
2026-09-28T15:51:26.266026+00:00,GET /workflows,GET,200,91.064,True
2026-09-28T15:51:26.275039+00:00,GET /workflows,GET,200,84.692,True
2026-09-28T15:51:26.326916+00:00,GET /runs/{id},GET,200,36.018,True
2026-09-28T15:51:26.347268+00:00,GET /runs/{id}/logs,GET,200,32.138,True
2026-09-28T15:51:26.362777+00:00,GET /workflows/{id},GET,200,22.941,True
2026-09-28T15:51:26.356780+00:00,GET /workflows/{id},GET,200,29.361,True
2026-09-28T15:51:26.359779+00:00,GET /runs/{id},GET,200,28.727,True
2026-09-28T15:51:26.355771+00:00,GET /runs/{id}/logs,GET,200,33.704,True
2026-09-28T15:51:26.356780+00:00,GET /runs/{id}/logs,GET,200,33.567,True
2026-09-28T15:51:26.389304+00:00,GET /health,GET,200,7.717,True
2026-09-28T15:51:26.388304+00:00,GET /agents/catalog,GET,200,22.288,True
2026-09-28T15:51:26.390303+00:00,GET /runs/{id},GET,200,33.537,True
2026-09-28T15:51:26.397826+00:00,GET /workflows/{id},GET,200,32.525,True
2026-09-28T15:51:26.345793+00:00,GET /workflows,GET,200,91.361,True
2026-09-28T15:51:26.429999+00:00,GET /health,GET,200,10.860,True
2026-09-28T15:51:26.352243+00:00,GET /workflows,GET,200,88.620,True
2026-09-28T15:51:26.409885+00:00,GET /workflows/{id},GET,200,33.269,True
2026-09-28T15:51:26.438000+00:00,GET /health,GET,200,16.110,True
2026-09-28T15:51:26.440998+00:00,GET /health,GET,200,13.240,True
2026-09-28T15:51:26.453998+00:00,GET /health,GET,200,8.017,True
2026-09-28T15:51:26.423715+00:00,GET /runs/{id},GET,200,38.741,True
2026-09-28T15:51:26.461998+00:00,GET /health,GET,200,11.713,True
2026-09-28T15:51:26.386302+00:00,GET /workflows,GET,200,95.975,True
2026-09-28T15:51:26.444000+00:00,POST /workflows/{id}/validate,POST,200,42.527,True
2026-09-28T15:51:26.379303+00:00,PUT /workflows/{id},PUT,200,107.555,True
2026-09-28T15:51:26.453998+00:00,POST /workflows/{id}/validate,POST,200,38.613,True
2026-09-28T15:51:26.440998+00:00,GET /runs/{id},GET,200,53.159,True
2026-09-28T15:51:26.386302+00:00,GET /workflows,GET,200,108.344,True
2026-09-28T15:51:26.492866+00:00,GET /health,GET,200,11.496,True
2026-09-28T15:51:26.473511+00:00,GET /workflows/{id},GET,200,33.528,True
2026-09-28T15:51:26.494282+00:00,GET /agents/catalog,GET,200,31.908,True
2026-09-28T15:51:26.481634+00:00,GET /runs/{id},GET,200,54.728,True
2026-09-28T15:51:26.486691+00:00,GET /runs/{id},GET,200,51.471,True
2026-09-28T15:51:26.494282+00:00,GET /runs/{id}/logs,GET,200,43.638,True
2026-09-28T15:51:26.504017+00:00,GET /workflows/{id},GET,200,34.390,True
2026-09-28T15:51:26.486691+00:00,PUT /workflows/{id},PUT,200,58.007,True
2026-09-28T15:51:26.463005+00:00,GET /workflows,GET,200,98.848,True
2026-09-28T15:51:26.538609+00:00,GET /workflows/{id},GET,200,33.737,True
2026-09-28T15:51:26.538609+00:00,GET /workflows/{id},GET,200,33.819,True
2026-09-28T15:51:26.537296+00:00,POST /workflows/{id}/validate,POST,200,38.496,True
2026-09-28T15:51:26.544746+00:00,GET /runs/{id}/logs,GET,200,32.508,True
2026-09-28T15:51:26.560761+00:00,GET /agents/catalog,GET,200,26.190,True
2026-09-28T15:51:26.535980+00:00,PUT /workflows/{id},PUT,200,53.655,True
2026-09-28T15:51:26.507309+00:00,PUT /workflows/{id},PUT,500,92.375,False
2026-09-28T15:51:26.572087+00:00,GET /runs/{id}/logs,GET,200,30.240,True
2026-09-28T15:51:26.572087+00:00,GET /workflows/{id},GET,200,30.193,True
2026-09-28T15:51:26.576457+00:00,GET /workflows/{id},GET,200,29.538,True
2026-09-28T15:51:26.526138+00:00,PUT /workflows/{id},PUT,200,88.763,True
2026-09-28T15:51:26.577086+00:00,GET /runs/{id},GET,200,38.540,True
2026-09-28T15:51:26.590600+00:00,GET /workflows/{id},GET,200,35.435,True
2026-09-28T15:51:26.602168+00:00,GET /workflows/{id},GET,200,29.029,True
2026-09-28T15:51:26.602168+00:00,GET /workflows/{id},GET,200,30.113,True
2026-09-28T15:51:26.615683+00:00,GET /agents/catalog,GET,200,31.558,True
2026-09-28T15:51:26.615683+00:00,GET /agents/catalog,GET,200,35.312,True
2026-09-28T15:51:26.646708+00:00,GET /health,GET,200,12.481,True
2026-09-28T15:51:26.632493+00:00,GET /runs/{id}/logs,GET,200,44.419,True
2026-09-28T15:51:26.625753+00:00,GET /runs/{id}/logs,GET,200,51.233,True
2026-09-28T15:51:26.677446+00:00,GET /health,GET,200,7.456,True
2026-09-28T15:51:26.659389+00:00,GET /runs/{id}/logs,GET,200,46.955,True
2026-09-28T15:51:26.676922+00:00,GET /workflows/{id},GET,200,34.894,True
2026-09-28T15:51:26.711166+00:00,GET /health,GET,200,10.426,True
2026-09-28T15:51:26.600170+00:00,GET /workflows,GET,200,129.206,True
2026-09-28T15:51:26.587595+00:00,GET /workflows,GET,200,141.592,True
2026-09-28T15:51:26.684781+00:00,GET /runs/{id}/logs,GET,200,51.559,True
2026-09-28T15:51:26.722311+00:00,GET /health,GET,200,14.726,True
2026-09-28T15:51:26.606003+00:00,GET /workflows,GET,200,138.967,True
2026-09-28T15:51:26.729190+00:00,GET /health,GET,200,15.973,True
2026-09-28T15:51:26.736770+00:00,GET /health,GET,200,14.444,True
2026-09-28T15:51:26.651066+00:00,PUT /workflows/{id},PUT,200,108.225,True
2026-09-28T15:51:26.631193+00:00,GET /workflows,GET,200,133.467,True
2026-09-28T15:51:26.729722+00:00,GET /runs/{id}/logs,GET,200,46.153,True
2026-09-28T15:51:26.751319+00:00,GET /workflows/{id},GET,200,26.274,True
2026-09-28T15:51:26.744797+00:00,GET /runs/{id}/logs,GET,200,35.444,True
2026-09-28T15:51:26.759327+00:00,GET /workflows/{id},GET,200,24.436,True
2026-09-28T15:51:26.735768+00:00,PUT /workflows/{id},PUT,200,59.758,True
2026-09-28T15:51:26.775287+00:00,GET /runs/{id}/logs,GET,200,35.137,True
2026-09-28T15:51:26.706673+00:00,GET /workflows,GET,200,104.781,True
2026-09-28T15:51:26.780289+00:00,GET /runs/{id}/logs,GET,200,31.784,True
2026-09-28T15:51:26.810669+00:00,GET /health,GET,200,18.767,True
2026-09-28T15:51:26.745433+00:00,PUT /workflows/{id},PUT,200,92.375,True
2026-09-28T15:51:26.811258+00:00,GET /runs/{id},GET,200,52.961,True
2026-09-28T15:51:26.765178+00:00,GET /workflows,GET,200,105.460,True
2026-09-28T15:51:26.870523+00:00,GET /health,GET,200,8.177,True
2026-09-28T15:51:26.777290+00:00,PUT /workflows/{id},PUT,200,110.377,True
2026-09-28T15:51:26.783793+00:00,GET /workflows,GET,200,104.520,True
2026-09-28T15:51:26.878523+00:00,GET /runs/{id},GET,200,39.570,True
2026-09-28T15:51:26.796122+00:00,GET /workflows,GET,200,151.988,True
2026-09-28T15:51:26.812266+00:00,GET /workflows,GET,200,136.078,True
2026-09-28T15:51:26.888522+00:00,GET /runs/{id},GET,200,61.776,True
2026-09-28T15:51:26.829577+00:00,GET /workflows,GET,200,126.112,True
2026-09-28T15:51:26.837453+00:00,GET /workflows,GET,200,125.625,True
2026-09-28T15:51:26.918544+00:00,GET /runs/{id},GET,200,46.280,True
2026-09-28T15:51:26.948111+00:00,GET /runs/{id},GET,200,38.407,True
2026-09-28T15:51:26.864521+00:00,GET /workflows,GET,200,122.461,True
2026-09-28T15:51:26.948111+00:00,GET /runs/{id}/logs,GET,200,39.652,True
2026-09-28T15:51:26.950233+00:00,GET /runs/{id}/logs,GET,200,42.305,True
2026-09-28T15:51:26.955848+00:00,GET /runs/{id},GET,200,37.721,True
2026-09-28T15:51:26.962861+00:00,GET /runs/{id}/logs,GET,200,32.997,True
2026-09-28T15:51:26.964363+00:00,GET /runs/{id}/logs,GET,200,34.296,True
2026-09-28T15:51:26.887523+00:00,GET /workflows,GET,200,111.359,True
2026-09-28T15:51:26.996472+00:00,GET /health,GET,200,7.045,True
2026-09-28T15:51:26.998470+00:00,GET /workflows/{id},GET,200,28.144,True
2026-09-28T15:51:26.992469+00:00,GET /workflows/{id},GET,200,34.829,True
2026-09-28T15:51:26.987467+00:00,GET /runs/{id}/logs,GET,200,40.299,True
2026-09-28T15:51:26.986469+00:00,GET /runs/{id},GET,200,43.724,True
2026-09-28T15:51:26.999469+00:00,POST /workflows/{id}/validate,POST,200,39.908,True
2026-09-28T15:51:27.026678+00:00,GET /workflows/{id},GET,200,25.028,True
2026-09-28T15:51:27.030039+00:00,GET /workflows/{id},GET,200,26.670,True
2026-09-28T15:51:27.027678+00:00,GET /runs/{id}/logs,GET,200,33.409,True
2026-09-28T15:51:27.027678+00:00,GET /runs/{id}/logs,GET,200,45.109,True
2026-09-28T15:51:27.039049+00:00,GET /runs/{id}/logs,GET,200,38.121,True
2026-09-28T15:51:27.057352+00:00,GET /workflows/{id},GET,200,29.127,True
2026-09-28T15:51:27.061352+00:00,GET /workflows/{id},GET,200,30.799,True
2026-09-28T15:51:26.986469+00:00,GET /workflows,GET,200,106.260,True
2026-09-28T15:51:26.993470+00:00,GET /workflows,GET,200,100.535,True
2026-09-28T15:51:27.052354+00:00,GET /runs/{id}/logs,GET,200,43.483,True
2026-09-28T15:51:27.077459+00:00,GET /workflows/{id},GET,200,21.313,True
2026-09-28T15:51:27.091828+00:00,GET /health,GET,200,7.385,True
2026-09-28T15:51:27.092824+00:00,GET /health,GET,200,9.124,True
2026-09-28T15:51:27.002903+00:00,GET /workflows,GET,200,99.209,True
2026-09-28T15:51:27.086171+00:00,GET /agents/catalog,GET,200,31.656,True
2026-09-28T15:51:27.102288+00:00,GET /agents/catalog,GET,200,30.865,True
2026-09-28T15:51:27.099123+00:00,GET /runs/{id}/logs,GET,200,37.599,True
2026-09-28T15:51:27.095988+00:00,GET /runs/{id},GET,200,43.597,True
2026-09-28T15:51:27.100164+00:00,POST /workflows/{id}/validate,POST,200,40.084,True
2026-09-28T15:51:27.101760+00:00,GET /runs/{id},GET,200,38.858,True
2026-09-28T15:51:27.133437+00:00,GET /workflows/{id},GET,200,20.285,True
2026-09-28T15:51:27.118369+00:00,GET /runs/{id},GET,200,37.987,True
2026-09-28T15:51:27.136443+00:00,POST /workflows/{id}/validate,POST,200,29.420,True
2026-09-28T15:51:27.140063+00:00,GET /runs/{id}/logs,GET,200,31.924,True
2026-09-28T15:51:27.139066+00:00,GET /runs/{id},GET,200,32.987,True
2026-09-28T15:51:27.072724+00:00,PUT /workflows/{id},PUT,200,100.817,True
2026-09-28T15:51:27.155460+00:00,GET /agents/catalog,GET,200,25.337,True
2026-09-28T15:51:27.093851+00:00,GET /workflows,GET,200,101.469,True
2026-09-28T15:51:27.165519+00:00,GET /workflows/{id},GET,200,34.049,True
2026-09-28T15:51:27.181518+00:00,GET /workflows/{id},GET,200,31.599,True
2026-09-28T15:51:27.172518+00:00,GET /runs/{id},GET,200,49.898,True
2026-09-28T15:51:27.171515+00:00,POST /workflows/{id}/validate,POST,200,51.135,True
2026-09-28T15:51:27.173524+00:00,GET /runs/{id},GET,200,49.921,True
2026-09-28T15:51:27.223350+00:00,GET /health,GET,200,7.541,True
2026-09-28T15:51:27.141064+00:00,GET /workflows,GET,200,100.974,True
2026-09-28T15:51:27.222343+00:00,GET /runs/{id}/logs,GET,200,31.910,True
2026-09-28T15:51:27.222343+00:00,GET /runs/{id},GET,200,36.636,True
2026-09-28T15:51:27.230926+00:00,GET /runs/{id}/logs,GET,200,34.739,True
2026-09-28T15:51:27.153446+00:00,GET /workflows,GET,200,116.041,True
2026-09-28T15:51:27.241555+00:00,GET /workflows/{id},GET,200,32.042,True
2026-09-28T15:51:27.253960+00:00,GET /runs/{id},GET,200,29.057,True
2026-09-28T15:51:27.199540+00:00,PUT /workflows/{id},PUT,200,90.168,True
2026-09-28T15:51:27.269958+00:00,GET /runs/{id},GET,200,31.101,True
2026-09-28T15:51:27.273960+00:00,GET /runs/{id},GET,200,27.381,True
2026-09-28T15:51:27.195540+00:00,GET /workflows,GET,200,116.711,True
2026-09-28T15:51:27.212582+00:00,GET /workflows,GET,200,108.621,True
2026-09-28T15:51:27.282971+00:00,GET /runs/{id}/logs,GET,200,44.123,True
2026-09-28T15:51:27.326858+00:00,GET /health,GET,200,7.019,True
2026-09-28T15:51:27.300812+00:00,GET /workflows/{id},GET,200,33.784,True
2026-09-28T15:51:27.300812+00:00,GET /runs/{id}/logs,GET,200,47.822,True
2026-09-28T15:51:27.311964+00:00,GET /runs/{id},GET,200,47.470,True
2026-09-28T15:51:27.334893+00:00,GET /workflows/{id},GET,200,31.836,True
2026-09-28T15:51:27.321502+00:00,GET /runs/{id}/logs,GET,200,45.837,True
2026-09-28T15:51:27.333893+00:00,GET /runs/{id},GET,200,40.299,True
2026-09-28T15:51:27.259967+00:00,GET /workflows,GET,200,119.936,True
2026-09-28T15:51:27.264970+00:00,GET /workflows,GET,200,118.392,True
2026-09-28T15:51:27.347373+00:00,POST /workflows/{id}/validate,POST,200,36.155,True
2026-09-28T15:51:27.367189+00:00,GET /workflows/{id},GET,200,25.095,True
2026-09-28T15:51:27.289960+00:00,GET /workflows,GET,200,106.796,True
2026-09-28T15:51:27.359188+00:00,GET /runs/{id}/logs,GET,200,39.349,True
2026-09-28T15:51:27.366190+00:00,GET /runs/{id},GET,200,33.235,True
2026-09-28T15:51:27.374336+00:00,GET /runs/{id}/logs,GET,200,35.003,True
2026-09-28T15:51:27.379841+00:00,GET /runs/{id},GET,200,30.676,True
2026-09-28T15:51:27.383356+00:00,GET /runs/{id},GET,200,26.488,True
2026-09-28T15:51:27.392385+00:00,GET /runs/{id}/logs,GET,200,31.448,True
2026-09-28T15:51:27.399375+00:00,GET /runs/{id}/logs,GET,200,33.864,True
2026-09-28T15:51:27.400366+00:00,GET /runs/{id}/logs,GET,200,33.625,True
2026-09-28T15:51:27.395854+00:00,GET /runs/{id},GET,200,37.160,True
2026-09-28T15:51:27.410255+00:00,GET /runs/{id},GET,200,30.610,True
2026-09-28T15:51:27.408801+00:00,GET /runs/{id},GET,200,35.822,True
2026-09-28T15:51:27.410255+00:00,GET /runs/{id}/logs,GET,200,35.483,True
2026-09-28T15:51:27.445411+00:00,GET /health,GET,200,6.194,True
2026-09-28T15:51:27.433226+00:00,GET /workflows/{id},GET,200,22.205,True
2026-09-28T15:51:27.424285+00:00,GET /runs/{id},GET,200,35.229,True
2026-09-28T15:51:27.455571+00:00,GET /health,GET,200,6.639,True
2026-09-28T15:51:27.433226+00:00,GET /runs/{id},GET,200,31.345,True
2026-09-28T15:51:27.440761+00:00,POST /workflows/{id}/validate,POST,200,26.468,True
2026-09-28T15:51:27.445411+00:00,POST /workflows/{id}/validate,POST,200,29.030,True
2026-09-28T15:51:27.467585+00:00,GET /health,GET,200,7.273,True
2026-09-28T15:51:27.459578+00:00,GET /workflows/{id},GET,200,17.644,True
2026-09-28T15:51:27.384358+00:00,PUT /workflows/{id},PUT,200,94.180,True
2026-09-28T15:51:27.474582+00:00,GET /health,GET,200,7.123,True
2026-09-28T15:51:27.478954+00:00,GET /runs/{id}/logs,GET,200,33.452,True
2026-09-28T15:51:27.476940+00:00,GET /runs/{id}/logs,GET,200,39.047,True
2026-09-28T15:51:27.433226+00:00,PUT /workflows/{id},PUT,200,105.198,True
2026-09-28T15:51:27.451336+00:00,GET /workflows,GET,200,90.862,True
2026-09-28T15:51:27.512700+00:00,POST /workflows/{id}/validate,POST,200,41.772,True
2026-09-28T15:51:27.516119+00:00,GET /runs/{id},GET,200,44.581,True
2026-09-28T15:51:27.462584+00:00,GET /workflows,GET,200,107.466,True
2026-09-28T15:51:27.542521+00:00,GET /runs/{id},GET,200,32.095,True
2026-09-28T15:51:27.569513+00:00,GET /health,GET,200,7.635,True
2026-09-28T15:51:27.465585+00:00,GET /workflows,GET,200,112.603,True
2026-09-28T15:51:27.538309+00:00,PUT /workflows/{id},PUT,500,50.043,False
2026-09-28T15:51:27.474582+00:00,PUT /workflows/{id},PUT,200,113.743,True
2026-09-28T15:51:27.577533+00:00,GET /health,GET,200,11.470,True
2026-09-28T15:51:27.481529+00:00,GET /workflows,GET,200,109.319,True
2026-09-28T15:51:27.560999+00:00,GET /runs/{id},GET,200,30.872,True
2026-09-28T15:51:27.588512+00:00,GET /workflows/{id},GET,200,20.769,True
2026-09-28T15:51:27.589513+00:00,GET /workflows/{id},GET,200,20.589,True
2026-09-28T15:51:27.588512+00:00,GET /agents/catalog,GET,200,27.094,True
2026-09-28T15:51:27.553748+00:00,GET /workflows,GET,200,61.217,True
2026-09-28T15:51:27.591523+00:00,GET /runs/{id},GET,200,26.963,True
2026-09-28T15:51:27.614705+00:00,GET /runs/{id}/logs,GET,200,29.895,True
2026-09-28T15:51:27.615705+00:00,GET /runs/{id}/logs,GET,200,30.298,True
2026-09-28T15:51:27.645631+00:00,GET /health,GET,200,4.899,True
2026-09-28T15:51:27.574522+00:00,GET /workflows,GET,200,76.798,True
2026-09-28T15:51:27.591523+00:00,GET /workflows,GET,200,64.556,True
2026-09-28T15:51:27.577533+00:00,PUT /workflows/{id},PUT,200,79.895,True
2026-09-28T15:51:27.657529+00:00,GET /health,GET,200,4.949,True
2026-09-28T15:51:27.645105+00:00,GET /runs/{id}/logs,GET,200,23.457,True
2026-09-28T15:51:27.651527+00:00,GET /runs/{id}/logs,GET,200,23.897,True
2026-09-28T15:51:27.655526+00:00,GET /runs/{id}/logs,GET,200,24.448,True
2026-09-28T15:51:27.668419+00:00,GET /agents/catalog,GET,200,16.008,True
2026-09-28T15:51:27.679935+00:00,GET /health,GET,200,6.254,True
2026-09-28T15:51:27.662059+00:00,GET /runs/{id},GET,200,25.424,True
2026-09-28T15:51:27.609398+00:00,PUT /workflows/{id},PUT,200,80.182,True
2026-09-28T15:51:27.675924+00:00,GET /workflows/{id},GET,200,14.481,True
2026-09-28T15:51:27.617707+00:00,PUT /workflows/{id},PUT,200,80.634,True
2026-09-28T15:51:27.610465+00:00,PUT /workflows/{id},PUT,500,96.055,False
2026-09-28T15:51:27.684937+00:00,GET /runs/{id},GET,200,24.873,True
2026-09-28T15:51:27.698461+00:00,GET /health,GET,200,11.769,True
2026-09-28T15:51:27.687935+00:00,GET /runs/{id}/logs,GET,200,22.932,True
2026-09-28T15:51:27.689938+00:00,GET /runs/{id}/logs,GET,200,29.069,True
2026-09-28T15:51:27.688936+00:00,GET /runs/{id}/logs,GET,200,30.062,True
2026-09-28T15:51:27.710469+00:00,GET /workflows/{id},GET,200,20.263,True
2026-09-28T15:51:27.710469+00:00,GET /agents/catalog,GET,200,20.836,True
2026-09-28T15:51:27.650520+00:00,PUT /workflows/{id},PUT,200,85.699,True
2026-09-28T15:51:27.709467+00:00,GET /runs/{id},GET,200,27.024,True
2026-09-28T15:51:27.731236+00:00,GET /health,GET,200,8.872,True
2026-09-28T15:51:27.719466+00:00,GET /runs/{id}/logs,GET,200,28.965,True
2026-09-28T15:51:27.719466+00:00,GET /runs/{id}/logs,GET,200,33.790,True
2026-09-28T15:51:27.736156+00:00,GET /workflows/{id},GET,200,34.163,True
2026-09-28T15:51:27.731236+00:00,GET /runs/{id},GET,200,46.711,True
2026-09-28T15:51:27.736156+00:00,GET /runs/{id}/logs,GET,200,44.612,True
2026-09-28T15:51:27.777861+00:00,GET /health,GET,200,8.797,True
2026-09-28T15:51:27.740153+00:00,GET /runs/{id},GET,200,47.930,True
2026-09-28T15:51:27.686936+00:00,PUT /workflows/{id},PUT,200,103.724,True
2026-09-28T15:51:27.748173+00:00,GET /runs/{id}/logs,GET,200,44.790,True
2026-09-28T15:51:27.770871+00:00,GET /workflows/{id},GET,200,33.868,True
2026-09-28T15:51:27.780862+00:00,GET /workflows/{id},GET,200,27.471,True
2026-09-28T15:51:27.786859+00:00,GET /workflows/{id},GET,200,31.855,True
2026-09-28T15:51:27.818501+00:00,GET /health,GET,200,6.549,True
2026-09-28T15:51:27.789947+00:00,GET /runs/{id},GET,200,41.273,True
2026-09-28T15:51:27.706461+00:00,GET /workflows,GET,200,144.393,True
2026-09-28T15:51:27.804965+00:00,GET /runs/{id},GET,200,46.508,True
2026-09-28T15:51:27.792958+00:00,PUT /workflows/{id},PUT,200,66.774,True
2026-09-28T15:51:27.825805+00:00,POST /workflows/{id}/validate,POST,200,38.276,True
2026-09-28T15:51:27.753192+00:00,GET /workflows,GET,200,111.109,True
2026-09-28T15:51:27.863553+00:00,GET /workflows/{id},GET,200,27.130,True
2026-09-28T15:51:27.850000+00:00,GET /runs/{id},GET,200,45.853,True
2026-09-28T15:51:27.859560+00:00,PUT /workflows/{id},PUT,500,66.211,False
2026-09-28T15:51:27.864551+00:00,PUT /workflows/{id},PUT,500,61.973,False
2026-09-28T15:51:27.851390+00:00,PUT /workflows/{id},PUT,200,78.174,True
2026-09-28T15:51:27.787858+00:00,GET /workflows,GET,200,142.079,True
2026-09-28T15:51:27.808497+00:00,GET /workflows,GET,200,122.355,True
2026-09-28T15:51:27.831808+00:00,GET /workflows,GET,200,99.254,True
2026-09-28T15:51:27.896558+00:00,GET /workflows/{id},GET,200,36.051,True
2026-09-28T15:51:27.931326+00:00,GET /health,GET,200,11.807,True
2026-09-28T15:51:27.890552+00:00,GET /runs/{id},GET,200,52.466,True
2026-09-28T15:51:27.925581+00:00,GET /workflows/{id},GET,200,30.256,True
2026-09-28T15:51:27.930318+00:00,POST /workflows/{id}/validate,POST,200,34.886,True
2026-09-28T15:51:27.956384+00:00,GET /health,GET,200,12.773,True
2026-09-28T15:51:27.932717+00:00,GET /runs/{id}/logs,GET,200,40.705,True
2026-09-28T15:51:27.926581+00:00,GET /runs/{id}/logs,GET,200,49.006,True
2026-09-28T15:51:27.942953+00:00,POST /workflows/{id}/validate,POST,200,32.662,True
2026-09-28T15:51:27.928319+00:00,GET /runs/{id},GET,200,46.672,True
2026-09-28T15:51:27.942953+00:00,GET /runs/{id}/logs,GET,200,33.484,True
2026-09-28T15:51:27.968325+00:00,GET /health,GET,200,8.410,True
2026-09-28T15:51:27.965328+00:00,GET /agents/catalog,GET,200,18.089,True
2026-09-28T15:51:27.974835+00:00,GET /workflows/{id},GET,200,18.957,True
2026-09-28T15:51:27.975834+00:00,GET /workflows/{id},GET,200,23.238,True
2026-09-28T15:51:27.994037+00:00,GET /health,GET,200,6.507,True
2026-09-28T15:51:27.977341+00:00,GET /runs/{id},GET,200,30.251,True
2026-09-28T15:51:27.972834+00:00,GET /runs/{id},GET,200,34.748,True
2026-09-28T15:51:27.983347+00:00,POST /workflows/{id}/validate,POST,200,31.486,True
2026-09-28T15:51:27.999038+00:00,POST /workflows/{id}/validate,POST,200,38.400,True
2026-09-28T15:51:28.008076+00:00,GET /runs/{id}/logs,GET,200,43.023,True
2026-09-28T15:51:27.930318+00:00,GET /workflows,GET,200,125.687,True
2026-09-28T15:51:28.008076+00:00,GET /runs/{id},GET,200,52.583,True
2026-09-28T15:51:28.014241+00:00,GET /runs/{id},GET,200,53.106,True
2026-09-28T15:51:28.037748+00:00,GET /workflows/{id},GET,200,40.756,True
2026-09-28T15:51:28.050866+00:00,GET /workflows/{id},GET,200,32.678,True
2026-09-28T15:51:28.082461+00:00,GET /health,GET,200,8.061,True
2026-09-28T15:51:27.975834+00:00,PUT /workflows/{id},PUT,200,120.237,True
2026-09-28T15:51:28.060573+00:00,GET /runs/{id},GET,200,35.734,True
2026-09-28T15:51:28.078463+00:00,GET /workflows/{id},GET,200,24.555,True
2026-09-28T15:51:27.976835+00:00,GET /workflows,GET,200,126.706,True
2026-09-28T15:51:28.056475+00:00,PUT /workflows/{id},PUT,500,62.564,False
2026-09-28T15:51:28.067461+00:00,PUT /workflows/{id},PUT,200,51.622,True
2026-09-28T15:51:28.000039+00:00,GET /workflows,GET,200,121.241,True
2026-09-28T15:51:28.118592+00:00,GET /health,GET,200,13.795,True
2026-09-28T15:51:28.091930+00:00,GET /agents/catalog,GET,200,42.283,True
2026-09-28T15:51:28.095931+00:00,GET /agents/catalog,GET,200,37.697,True
2026-09-28T15:51:28.095931+00:00,GET /runs/{id},GET,200,40.932,True
2026-09-28T15:51:28.102933+00:00,GET /workflows/{id},GET,200,37.254,True
2026-09-28T15:51:28.103933+00:00,POST /workflows/{id}/validate,POST,200,40.039,True
2026-09-28T15:51:28.119599+00:00,GET /runs/{id},GET,200,58.919,True
2026-09-28T15:51:28.133481+00:00,GET /agents/catalog,GET,200,53.567,True
2026-09-28T15:51:28.122120+00:00,GET /runs/{id},GET,200,66.162,True
2026-09-28T15:51:28.136846+00:00,POST /workflows/{id}/validate,POST,200,56.205,True
2026-09-28T15:51:28.132863+00:00,GET /runs/{id}/logs,GET,200,60.528,True
2026-09-28T15:51:28.178492+00:00,GET /workflows/{id},GET,200,19.037,True
2026-09-28T15:51:28.143178+00:00,GET /workflows/{id},GET,200,54.146,True
2026-09-28T15:51:28.138873+00:00,GET /runs/{id},GET,200,61.532,True
2026-09-28T15:51:28.187497+00:00,GET /runs/{id}/logs,GET,200,42.951,True
2026-09-28T15:51:28.188496+00:00,GET /runs/{id},GET,200,43.973,True
2026-09-28T15:51:28.197503+00:00,GET /workflows/{id},GET,200,35.499,True
2026-09-28T15:51:28.231376+00:00,GET /runs/{id},GET,200,34.229,True
2026-09-28T15:51:28.230778+00:00,GET /runs/{id}/logs,GET,200,44.345,True
2026-09-28T15:51:28.133481+00:00,GET /workflows,GET,200,147.407,True
2026-09-28T15:51:28.266140+00:00,GET /workflows/{id},GET,200,27.026,True
2026-09-28T15:51:28.275142+00:00,GET /runs/{id},GET,200,48.041,True
2026-09-28T15:51:28.193496+00:00,GET /workflows,GET,200,137.719,True
2026-09-28T15:51:28.197503+00:00,GET /workflows,GET,200,135.324,True
2026-09-28T15:51:28.201785+00:00,GET /workflows,GET,200,131.440,True
2026-09-28T15:51:28.192496+00:00,GET /workflows,GET,200,144.961,True
2026-09-28T15:51:28.232888+00:00,PUT /workflows/{id},PUT,200,111.961,True
2026-09-28T15:51:28.323321+00:00,GET /agents/catalog,GET,200,24.393,True
2026-09-28T15:51:28.333028+00:00,GET /runs/{id},GET,200,32.252,True
2026-09-28T15:51:28.333028+00:00,GET /runs/{id}/logs,GET,200,33.949,True
2026-09-28T15:51:28.331021+00:00,GET /runs/{id}/logs,GET,200,36.989,True
2026-09-28T15:51:28.347683+00:00,GET /runs/{id},GET,200,30.679,True
2026-09-28T15:51:28.293740+00:00,PUT /workflows/{id},PUT,200,92.285,True
2026-09-28T15:51:28.344678+00:00,PUT /workflows/{id},PUT,500,63.375,False
2026-09-28T15:51:28.281147+00:00,GET /workflows,GET,200,133.822,True
2026-09-28T15:51:28.415382+00:00,GET /health,GET,200,10.245,True
2026-09-28T15:51:28.408382+00:00,GET /runs/{id},GET,200,41.398,True
2026-09-28T15:51:28.449147+00:00,GET /health,GET,200,3.432,True
2026-09-28T15:51:28.337684+00:00,GET /workflows,GET,200,125.404,True
2026-09-28T15:51:28.385987+00:00,PUT /workflows/{id},PUT,200,79.606,True
2026-09-28T15:51:28.453144+00:00,GET /workflows/{id},GET,200,25.695,True
2026-09-28T15:51:28.367985+00:00,GET /workflows,GET,200,110.968,True
2026-09-28T15:51:28.364503+00:00,GET /workflows,GET,200,120.928,True
2026-09-28T15:51:28.478998+00:00,GET /health,GET,200,8.365,True
2026-09-28T15:51:28.366987+00:00,GET /workflows,GET,200,123.101,True
2026-09-28T15:51:28.463498+00:00,GET /agents/catalog,GET,200,30.345,True
2026-09-28T15:51:28.465489+00:00,GET /runs/{id}/logs,GET,200,31.909,True
2026-09-28T15:51:28.490005+00:00,GET /health,GET,200,8.995,True
2026-09-28T15:51:28.478998+00:00,GET /agents/catalog,GET,200,33.375,True
2026-09-28T15:51:28.377991+00:00,GET /workflows,GET,200,139.420,True
2026-09-28T15:51:28.486000+00:00,GET /workflows/{id},GET,200,34.046,True
2026-09-28T15:51:28.425577+00:00,PUT /workflows/{id},PUT,200,106.594,True
2026-09-28T15:51:28.497666+00:00,GET /runs/{id}/logs,GET,200,37.015,True
2026-09-28T15:51:28.493665+00:00,GET /runs/{id},GET,200,42.328,True
2026-09-28T15:51:28.487012+00:00,GET /runs/{id}/logs,GET,200,49.370,True
2026-09-28T15:51:28.511875+00:00,GET /runs/{id}/logs,GET,200,43.680,True
2026-09-28T15:51:28.519146+00:00,GET /agents/catalog,GET,200,35.948,True
2026-09-28T15:51:28.517139+00:00,GET /runs/{id},GET,200,43.877,True
2026-09-28T15:51:28.532291+00:00,GET /agents/catalog,GET,200,35.944,True
2026-09-28T15:51:28.537294+00:00,GET /runs/{id},GET,200,39.449,True
2026-09-28T15:51:28.536291+00:00,GET /runs/{id}/logs,GET,200,41.785,True
2026-09-28T15:51:28.556515+00:00,GET /agents/catalog,GET,200,27.410,True
2026-09-28T15:51:28.555515+00:00,GET /runs/{id},GET,200,38.339,True
2026-09-28T15:51:28.576324+00:00,GET /workflows/{id},GET,200,25.078,True
2026-09-28T15:51:28.568037+00:00,GET /runs/{id},GET,200,34.836,True
2026-09-28T15:51:28.601278+00:00,GET /health,GET,200,7.730,True
2026-09-28T15:51:28.499673+00:00,GET /workflows,GET,200,112.598,True
2026-09-28T15:51:28.577327+00:00,GET /runs/{id}/logs,GET,200,35.689,True
2026-09-28T15:51:28.611795+00:00,GET /health,GET,200,7.584,True
2026-09-28T15:51:28.583758+00:00,GET /runs/{id},GET,200,39.961,True
2026-09-28T15:51:28.602278+00:00,POST /workflows/{id}/validate,POST,200,25.367,True
2026-09-28T15:51:28.594290+00:00,GET /runs/{id}/logs,GET,200,34.228,True
2026-09-28T15:51:28.608782+00:00,GET /agents/catalog,GET,200,28.578,True
2026-09-28T15:51:28.534292+00:00,GET /workflows,GET,200,108.733,True
2026-09-28T15:51:28.612795+00:00,GET /runs/{id},GET,200,33.068,True
2026-09-28T15:51:28.628226+00:00,GET /workflows/{id},GET,200,20.499,True
2026-09-28T15:51:28.619079+00:00,GET /runs/{id}/logs,GET,200,31.938,True
2026-09-28T15:51:28.624071+00:00,GET /agents/catalog,GET,200,33.334,True
2026-09-28T15:51:28.648390+00:00,GET /workflows/{id},GET,200,25.437,True
2026-09-28T15:51:28.561579+00:00,GET /workflows,GET,200,113.221,True
2026-09-28T15:51:28.643161+00:00,GET /runs/{id}/logs,GET,200,37.334,True
2026-09-28T15:51:28.646282+00:00,GET /runs/{id},GET,200,34.279,True
2026-09-28T15:51:28.674931+00:00,GET /health,GET,200,7.002,True
2026-09-28T15:51:28.657112+00:00,GET /runs/{id}/logs,GET,200,29.362,True
2026-09-28T15:51:28.679941+00:00,GET /workflows/{id},GET,200,26.230,True
2026-09-28T15:51:28.673920+00:00,GET /runs/{id},GET,200,33.126,True
2026-09-28T15:51:28.681921+00:00,GET /runs/{id},GET,200,39.295,True
2026-09-28T15:51:28.685941+00:00,GET /runs/{id},GET,200,35.648,True
2026-09-28T15:51:28.628226+00:00,GET /workflows,GET,200,107.950,True
2026-09-28T15:51:28.706492+00:00,GET /workflows/{id},GET,200,32.988,True
2026-09-28T15:51:28.638026+00:00,GET /workflows,GET,200,106.312,True
2026-09-28T15:51:28.736104+00:00,GET /health,GET,200,11.074,True
2026-09-28T15:51:28.707490+00:00,GET /runs/{id},GET,200,43.195,True
2026-09-28T15:51:28.720512+00:00,GET /workflows/{id},GET,200,31.308,True
2026-09-28T15:51:28.750828+00:00,GET /health,GET,200,9.057,True
2026-09-28T15:51:28.651389+00:00,GET /workflows,GET,200,108.909,True
2026-09-28T15:51:28.721513+00:00,GET /runs/{id},GET,200,44.438,True
2026-09-28T15:51:28.747163+00:00,POST /workflows/{id}/validate,POST,200,33.962,True
2026-09-28T15:51:28.743189+00:00,GET /runs/{id}/logs,GET,200,43.873,True
2026-09-28T15:51:28.760721+00:00,GET /runs/{id},GET,200,36.765,True
2026-09-28T15:51:28.680929+00:00,GET /workflows,GET,200,116.512,True
2026-09-28T15:51:28.788249+00:00,GET /runs/{id},GET,200,40.680,True
2026-09-28T15:51:28.828955+00:00,GET /health,GET,200,6.954,True
2026-09-28T15:51:28.797109+00:00,GET /runs/{id},GET,200,47.940,True
2026-09-28T15:51:28.752250+00:00,PUT /workflows/{id},PUT,200,112.570,True
2026-09-28T15:51:28.797636+00:00,PUT /workflows/{id},PUT,500,67.668,False
2026-09-28T15:51:28.740046+00:00,GET /workflows,GET,200,126.886,True
2026-09-28T15:51:28.759474+00:00,GET /workflows,GET,200,108.749,True
2026-09-28T15:51:28.781293+00:00,PUT /workflows/{id},PUT,200,91.034,True
2026-09-28T15:51:28.766463+00:00,GET /workflows,GET,200,108.197,True
2026-09-28T15:51:28.868678+00:00,GET /agents/catalog,GET,200,22.216,True
2026-09-28T15:51:28.874917+00:00,GET /runs/{id},GET,200,38.520,True
2026-09-28T15:51:28.844644+00:00,PUT /workflows/{id},PUT,200,68.781,True
2026-09-28T15:51:28.866170+00:00,PUT /workflows/{id},PUT,500,47.600,False
2026-09-28T15:51:28.871743+00:00,GET /runs/{id},GET,200,45.652,True
2026-09-28T15:51:28.913489+00:00,GET /health,GET,200,9.396,True
2026-09-28T15:51:28.890388+00:00,GET /workflows/{id},GET,200,34.279,True
2026-09-28T15:51:28.834901+00:00,GET /workflows,GET,200,94.357,True
2026-09-28T15:51:28.914488+00:00,GET /workflows/{id},GET,200,29.769,True
2026-09-28T15:51:28.922857+00:00,GET /runs/{id},GET,200,32.141,True
2026-09-28T15:51:28.954897+00:00,GET /health,GET,200,7.856,True
2026-09-28T15:51:28.865165+00:00,GET /workflows,GET,200,98.872,True
2026-09-28T15:51:28.924838+00:00,GET /runs/{id},GET,200,39.097,True
2026-09-28T15:51:28.917837+00:00,GET /runs/{id}/logs,GET,200,46.561,True
2026-09-28T15:51:28.929780+00:00,GET /runs/{id},GET,200,37.209,True
2026-09-28T15:51:28.865165+00:00,GET /workflows,GET,200,104.615,True
2026-09-28T15:51:28.963969+00:00,GET /health,GET,200,9.094,True
2026-09-28T15:51:28.943188+00:00,GET /runs/{id}/logs,GET,200,30.557,True
2026-09-28T15:51:28.969497+00:00,GET /health,GET,200,6.731,True
2026-09-28T15:51:28.967493+00:00,POST /workflows/{id}/validate,POST,200,25.921,True
2026-09-28T15:51:28.962751+00:00,POST /workflows/{id}/validate,POST,200,31.407,True
2026-09-28T15:51:28.963969+00:00,GET /runs/{id}/logs,GET,200,31.991,True
2026-09-28T15:51:28.974496+00:00,GET /runs/{id},GET,200,27.107,True
2026-09-28T15:51:28.973501+00:00,GET /runs/{id}/logs,GET,200,28.501,True
2026-09-28T15:51:28.963969+00:00,PUT /workflows/{id},PUT,200,47.143,True
2026-09-28T15:51:28.913489+00:00,GET /workflows,GET,200,97.283,True
2026-09-28T15:51:28.996115+00:00,GET /workflows/{id},GET,200,16.102,True
2026-09-28T15:51:28.993307+00:00,GET /runs/{id},GET,200,22.689,True
2026-09-28T15:51:29.001205+00:00,GET /runs/{id},GET,200,23.079,True
2026-09-28T15:51:29.012274+00:00,GET /runs/{id},GET,200,30.235,True
2026-09-28T15:51:29.016282+00:00,GET /runs/{id},GET,200,38.349,True
2026-09-28T15:51:29.023925+00:00,POST /workflows/{id}/validate,POST,200,33.349,True
2026-09-28T15:51:28.975497+00:00,PUT /workflows/{id},PUT,200,95.821,True
2026-09-28T15:51:29.072443+00:00,GET /health,GET,200,9.074,True
2026-09-28T15:51:29.042604+00:00,GET /workflows/{id},GET,200,45.600,True
2026-09-28T15:51:29.053748+00:00,GET /runs/{id},GET,200,58.189,True
2026-09-28T15:51:28.994463+00:00,PUT /workflows/{id},PUT,200,130.220,True
2026-09-28T15:51:29.002230+00:00,GET /workflows,GET,200,138.012,True
2026-09-28T15:51:29.081444+00:00,GET /agents/catalog,GET,200,59.191,True
2026-09-28T15:51:29.123744+00:00,GET /health,GET,200,23.485,True
2026-09-28T15:51:29.011275+00:00,GET /workflows,GET,200,146.526,True
2026-09-28T15:51:29.011275+00:00,GET /workflows,GET,200,170.982,True
2026-09-28T15:51:29.111578+00:00,GET /runs/{id}/logs,GET,200,70.157,True
2026-09-28T15:51:29.139772+00:00,GET /workflows/{id},GET,200,42.573,True
2026-09-28T15:51:29.148108+00:00,POST /workflows/{id}/validate,POST,200,43.173,True
2026-09-28T15:51:29.182992+00:00,GET /health,GET,200,10.689,True
2026-09-28T15:51:29.157355+00:00,GET /agents/catalog,GET,200,36.542,True
2026-09-28T15:51:29.181993+00:00,GET /workflows/{id},GET,200,33.201,True
2026-09-28T15:51:29.058353+00:00,GET /workflows,GET,200,161.803,True
2026-09-28T15:51:29.215532+00:00,GET /agents/catalog,GET,200,35.038,True
2026-09-28T15:51:29.192992+00:00,GET /runs/{id},GET,200,57.748,True
2026-09-28T15:51:29.219867+00:00,GET /workflows/{id},GET,200,37.761,True
2026-09-28T15:51:29.087506+00:00,GET /workflows,GET,200,170.067,True
2026-09-28T15:51:29.257444+00:00,GET /health,GET,200,8.456,True
2026-09-28T15:51:29.266111+00:00,GET /health,GET,200,9.346,True
2026-09-28T15:51:29.250208+00:00,GET /workflows/{id},GET,200,32.853,True
2026-09-28T15:51:29.139772+00:00,GET /workflows,GET,200,149.336,True
2026-09-28T15:51:29.250208+00:00,GET /agents/catalog,GET,200,39.117,True
2026-09-28T15:51:29.258448+00:00,POST /workflows/{id}/validate,POST,200,40.038,True
2026-09-28T15:51:29.290511+00:00,GET /health,GET,200,8.284,True
2026-09-28T15:51:29.275109+00:00,GET /workflows/{id},GET,200,29.513,True
2026-09-28T15:51:29.283619+00:00,GET /workflows/{id},GET,200,35.453,True
2026-09-28T15:51:29.298021+00:00,GET /workflows/{id},GET,200,33.672,True
2026-09-28T15:51:29.289513+00:00,GET /runs/{id},GET,200,42.750,True
2026-09-28T15:51:29.182992+00:00,GET /workflows,GET,200,153.469,True
2026-09-28T15:51:29.298021+00:00,GET /runs/{id},GET,200,44.143,True
2026-09-28T15:51:29.190992+00:00,GET /workflows,GET,200,151.841,True
2026-09-28T15:51:29.305021+00:00,GET /runs/{id},GET,200,52.018,True
2026-09-28T15:51:29.193994+00:00,GET /workflows,GET,200,163.701,True
2026-09-28T15:51:29.343001+00:00,GET /health,GET,200,15.674,True
2026-09-28T15:51:29.332001+00:00,GET /workflows/{id},GET,200,31.432,True
2026-09-28T15:51:29.318658+00:00,GET /runs/{id},GET,200,47.523,True
2026-09-28T15:51:29.332001+00:00,GET /workflows/{id},GET,200,34.808,True
2026-09-28T15:51:29.336879+00:00,GET /runs/{id}/logs,GET,200,35.059,True
2026-09-28T15:51:29.371671+00:00,GET /health,GET,200,7.308,True
2026-09-28T15:51:29.343001+00:00,GET /runs/{id},GET,200,38.072,True
2026-09-28T15:51:29.357944+00:00,GET /runs/{id},GET,200,31.971,True
2026-09-28T15:51:29.366419+00:00,GET /runs/{id},GET,200,30.562,True
2026-09-28T15:51:29.366419+00:00,GET /runs/{id}/logs,GET,200,36.111,True
2026-09-28T15:51:29.380814+00:00,GET /runs/{id},GET,200,22.505,True
2026-09-28T15:51:29.378803+00:00,GET /runs/{id}/logs,GET,200,28.864,True
2026-09-28T15:51:29.403830+00:00,GET /workflows/{id},GET,200,39.267,True
2026-09-28T15:51:29.402833+00:00,GET /runs/{id}/logs,GET,200,45.393,True
2026-09-28T15:51:29.442209+00:00,GET /health,GET,200,10.072,True
2026-09-28T15:51:29.356934+00:00,GET /workflows,GET,200,99.283,True
2026-09-28T15:51:29.363386+00:00,PUT /workflows/{id},PUT,200,108.657,True
2026-09-28T15:51:29.357944+00:00,PUT /workflows/{id},PUT,500,114.443,False
2026-09-28T15:51:29.452667+00:00,GET /workflows/{id},GET,200,27.305,True
2026-09-28T15:51:29.448662+00:00,GET /workflows/{id},GET,200,32.564,True
2026-09-28T15:51:29.389811+00:00,PUT /workflows/{id},PUT,200,96.270,True
2026-09-28T15:51:29.456697+00:00,POST /workflows/{id}/validate,POST,200,38.017,True
2026-09-28T15:51:29.472601+00:00,GET /runs/{id},GET,200,27.306,True
2026-09-28T15:51:29.396837+00:00,GET /workflows,GET,200,115.187,True
2026-09-28T15:51:29.407832+00:00,GET /workflows,GET,200,106.450,True
2026-09-28T15:51:29.486114+00:00,GET /agents/catalog,GET,200,28.861,True
2026-09-28T15:51:29.472601+00:00,PUT /workflows/{id},PUT,200,61.357,True
2026-09-28T15:51:29.533903+00:00,GET /health,GET,200,8.271,True
2026-09-28T15:51:29.514365+00:00,GET /workflows/{id},GET,200,33.437,True
2026-09-28T15:51:29.514365+00:00,POST /workflows/{id}/validate,POST,200,39.380,True
2026-09-28T15:51:29.512362+00:00,GET /runs/{id},GET,200,47.552,True
2026-09-28T15:51:29.480113+00:00,PUT /workflows/{id},PUT,200,102.095,True
2026-09-28T15:51:29.542448+00:00,GET /runs/{id},GET,200,40.003,True
2026-09-28T15:51:29.560139+00:00,GET /agents/catalog,GET,200,23.260,True
2026-09-28T15:51:29.548213+00:00,GET /runs/{id},GET,200,35.782,True
2026-09-28T15:51:29.554141+00:00,GET /runs/{id}/logs,GET,200,34.178,True
2026-09-28T15:51:29.499789+00:00,PUT /workflows/{id},PUT,200,98.686,True
2026-09-28T15:51:29.481115+00:00,GET /workflows,GET,200,126.475,True
2026-09-28T15:51:29.581772+00:00,GET /workflows/{id},GET,200,28.357,True
2026-09-28T15:51:29.494789+00:00,GET /workflows,GET,200,123.865,True
2026-09-28T15:51:29.583771+00:00,POST /workflows/{id}/validate,POST,200,36.294,True
2026-09-28T15:51:29.582772+00:00,GET /runs/{id},GET,200,40.651,True
2026-09-28T15:51:29.582772+00:00,GET /runs/{id},GET,200,41.276,True
2026-09-28T15:51:29.588770+00:00,GET /runs/{id},GET,200,38.274,True
2026-09-28T15:51:29.623290+00:00,GET /health,GET,200,7.692,True
2026-09-28T15:51:29.598777+00:00,GET /agents/catalog,GET,200,39.869,True
2026-09-28T15:51:29.607275+00:00,GET /runs/{id}/logs,GET,200,44.408,True
2026-09-28T15:51:29.650916+00:00,GET /health,GET,200,5.118,True
2026-09-28T15:51:29.610276+00:00,GET /runs/{id},GET,200,48.187,True
2026-09-28T15:51:29.619772+00:00,GET /runs/{id},GET,200,45.149,True
2026-09-28T15:51:29.617765+00:00,GET /runs/{id}/logs,GET,200,48.121,True
2026-09-28T15:51:29.626717+00:00,GET /runs/{id},GET,200,43.138,True
2026-09-28T15:51:29.631347+00:00,GET /runs/{id},GET,200,38.661,True
2026-09-28T15:51:29.637798+00:00,GET /runs/{id}/logs,GET,200,43.162,True
2026-09-28T15:51:29.666786+00:00,GET /workflows/{id},GET,200,26.635,True
2026-09-28T15:51:29.664776+00:00,GET /runs/{id},GET,200,29.919,True
2026-09-28T15:51:29.669788+00:00,GET /workflows/{id},GET,200,34.344,True
2026-09-28T15:51:29.681788+00:00,GET /runs/{id},GET,200,46.458,True
2026-09-28T15:51:29.694797+00:00,GET /workflows/{id},GET,200,35.230,True
2026-09-28T15:51:29.704312+00:00,POST /workflows/{id}/validate,POST,200,43.218,True
2026-09-28T15:51:29.746945+00:00,GET /health,GET,200,9.375,True
2026-09-28T15:51:29.623290+00:00,GET /workflows,GET,200,133.651,True
2026-09-28T15:51:29.727868+00:00,GET /runs/{id}/logs,GET,200,35.140,True
2026-09-28T15:51:29.757063+00:00,GET /workflows/{id},GET,200,21.670,True
2026-09-28T15:51:29.658769+00:00,GET /workflows,GET,200,128.872,True
2026-09-28T15:51:29.656463+00:00,GET /workflows,GET,200,136.736,True
2026-09-28T15:51:29.692786+00:00,PUT /workflows/{id},PUT,200,105.073,True
2026-09-28T15:51:29.788080+00:00,GET /health,GET,200,10.593,True
2026-09-28T15:51:29.669788+00:00,GET /workflows,GET,200,132.611,True
2026-09-28T15:51:29.778090+00:00,GET /workflows/{id},GET,200,26.816,True
2026-09-28T15:51:29.793591+00:00,GET /workflows/{id},GET,200,34.803,True
2026-09-28T15:51:29.805549+00:00,POST /workflows/{id}/validate,POST,200,31.969,True
2026-09-28T15:51:29.729869+00:00,GET /workflows,GET,200,119.394,True
2026-09-28T15:51:29.802913+00:00,PUT /workflows/{id},PUT,200,58.078,True
2026-09-28T15:51:29.757063+00:00,GET /workflows,GET,200,121.792,True
2026-09-28T15:51:29.763063+00:00,GET /workflows,GET,200,132.086,True
2026-09-28T15:51:29.798681+00:00,PUT /workflows/{id},PUT,200,101.009,True
2026-09-28T15:51:29.860846+00:00,GET /runs/{id},GET,200,38.813,True
2026-09-28T15:51:29.895065+00:00,GET /health,GET,200,7.720,True
2026-09-28T15:51:29.878896+00:00,GET /runs/{id},GET,200,43.382,True
2026-09-28T15:51:29.903064+00:00,GET /workflows/{id},GET,200,29.114,True
2026-09-28T15:51:29.828185+00:00,PUT /workflows/{id},PUT,200,103.730,True
2026-09-28T15:51:29.798153+00:00,GET /workflows,GET,200,141.351,True
2026-09-28T15:51:29.899064+00:00,GET /runs/{id}/logs,GET,200,40.612,True
2026-09-28T15:51:29.899064+00:00,PUT /workflows/{id},PUT,200,47.045,True
2026-09-28T15:51:29.837656+00:00,GET /workflows,GET,200,114.097,True
2026-09-28T15:51:29.951319+00:00,GET /health,GET,200,8.945,True
2026-09-28T15:51:29.931375+00:00,GET /workflows/{id},GET,200,34.302,True
2026-09-28T15:51:29.939340+00:00,GET /workflows/{id},GET,200,28.790,True
2026-09-28T15:51:29.969286+00:00,GET /health,GET,200,7.870,True
2026-09-28T15:51:29.849627+00:00,GET /workflows,GET,200,134.430,True
2026-09-28T15:51:29.931375+00:00,PUT /workflows/{id},PUT,200,57.824,True
2026-09-28T15:51:29.984424+00:00,GET /workflows/{id},GET,200,25.470,True
2026-09-28T15:51:29.990426+00:00,GET /runs/{id},GET,200,28.724,True
2026-09-28T15:51:30.018621+00:00,GET /health,GET,200,7.030,True
2026-09-28T15:51:30.009432+00:00,GET /runs/{id},GET,200,28.481,True
2026-09-28T15:51:29.939340+00:00,GET /workflows,GET,200,119.892,True
2026-09-28T15:51:29.945887+00:00,GET /workflows,GET,200,113.704,True
2026-09-28T15:51:29.922477+00:00,GET /workflows,GET,200,137.694,True
2026-09-28T15:51:30.025612+00:00,GET /runs/{id},GET,200,37.755,True
2026-09-28T15:51:29.976802+00:00,PUT /workflows/{id},PUT,200,98.722,True
2026-09-28T15:51:30.037954+00:00,GET /runs/{id},GET,200,38.063,True
2026-09-28T15:51:29.960285+00:00,GET /workflows,GET,200,115.985,True
2026-09-28T15:51:29.966284+00:00,GET /workflows,GET,200,113.605,True
2026-09-28T15:51:30.059073+00:00,GET /agents/catalog,GET,200,27.638,True
2026-09-28T15:51:30.060071+00:00,POST /workflows/{id}/validate,POST,200,29.887,True
2026-09-28T15:51:30.060071+00:00,GET /runs/{id},GET,200,30.748,True
2026-09-28T15:51:30.063072+00:00,GET /runs/{id},GET,200,31.240,True
2026-09-28T15:51:30.076482+00:00,GET /runs/{id}/logs,GET,200,33.052,True
2026-09-28T15:51:30.075073+00:00,GET /runs/{id}/logs,GET,200,35.291,True
2026-09-28T15:51:30.076482+00:00,GET /runs/{id},GET,200,38.807,True
2026-09-28T15:51:30.086520+00:00,GET /runs/{id},GET,200,33.694,True
2026-09-28T15:51:30.079489+00:00,PUT /workflows/{id},PUT,200,46.096,True
2026-09-28T15:51:30.108514+00:00,GET /workflows/{id},GET,200,22.590,True
2026-09-28T15:51:30.110712+00:00,GET /runs/{id},GET,200,27.334,True
2026-09-28T15:51:30.120866+00:00,POST /workflows/{id}/validate,POST,200,23.080,True
2026-09-28T15:51:30.126235+00:00,GET /agents/catalog,GET,200,25.577,True
2026-09-28T15:51:30.138574+00:00,GET /agents/catalog,GET,200,28.116,True
2026-09-28T15:51:30.131652+00:00,GET /runs/{id},GET,200,37.418,True
2026-09-28T15:51:30.143718+00:00,GET /workflows/{id},GET,200,27.852,True
2026-09-28T15:51:30.151805+00:00,GET /agents/catalog,GET,200,31.106,True
2026-09-28T15:51:30.094885+00:00,GET /workflows,GET,200,90.982,True
2026-09-28T15:51:30.090522+00:00,PUT /workflows/{id},PUT,500,104.320,False
2026-09-28T15:51:30.090522+00:00,PUT /workflows/{id},PUT,200,104.041,True
2026-09-28T15:51:30.114709+00:00,PUT /workflows/{id},PUT,200,80.774,True
2026-09-28T15:51:30.166141+00:00,GET /workflows/{id},GET,200,30.155,True
2026-09-28T15:51:30.169502+00:00,GET /runs/{id}/logs,GET,200,27.914,True
2026-09-28T15:51:30.171507+00:00,GET /workflows/{id},GET,200,25.807,True
2026-09-28T15:51:30.182885+00:00,POST /workflows/{id}/validate,POST,200,37.188,True
2026-09-28T15:51:30.196393+00:00,GET /agents/catalog,GET,200,32.740,True
2026-09-28T15:51:30.194394+00:00,POST /workflows/{id}/validate,POST,200,37.615,True
2026-09-28T15:51:30.196393+00:00,GET /runs/{id}/logs,GET,200,39.119,True
2026-09-28T15:51:30.194394+00:00,GET /runs/{id},GET,200,48.933,True
2026-09-28T15:51:30.197399+00:00,GET /runs/{id},GET,200,51.058,True
2026-09-28T15:51:30.248724+00:00,GET /workflows/{id},GET,200,23.524,True
2026-09-28T15:51:30.243028+00:00,GET /workflows/{id},GET,200,30.888,True
2026-09-28T15:51:30.232547+00:00,GET /runs/{id},GET,200,45.541,True
2026-09-28T15:51:30.229434+00:00,GET /runs/{id}/logs,GET,200,49.425,True
2026-09-28T15:51:30.220058+00:00,GET /runs/{id},GET,200,59.853,True
2026-09-28T15:51:30.271566+00:00,GET /health,GET,200,11.532,True
2026-09-28T15:51:30.277558+00:00,GET /health,GET,200,10.599,True
2026-09-28T15:51:30.279565+00:00,GET /workflows/{id},GET,200,39.803,True
2026-09-28T15:51:30.274556+00:00,GET /agents/catalog,GET,200,46.034,True
2026-09-28T15:51:30.185395+00:00,GET /workflows,GET,200,134.946,True
2026-09-28T15:51:30.288558+00:00,GET /workflows/{id},GET,200,36.633,True
2026-09-28T15:51:30.197399+00:00,GET /workflows,GET,200,128.668,True
2026-09-28T15:51:30.283557+00:00,POST /workflows/{id}/validate,POST,200,42.620,True
2026-09-28T15:51:30.235249+00:00,PUT /workflows/{id},PUT,200,101.846,True
2026-09-28T15:51:30.319602+00:00,GET /workflows/{id},GET,200,79.153,True
2026-09-28T15:51:30.324924+00:00,GET /agents/catalog,GET,200,83.725,True
2026-09-28T15:51:30.324924+00:00,GET /agents/catalog,GET,200,84.668,True
2026-09-28T15:51:30.320608+00:00,GET /runs/{id},GET,200,99.932,True
2026-09-28T15:51:30.336920+00:00,GET /agents/catalog,GET,200,90.878,True
2026-09-28T15:51:30.427807+00:00,GET /workflows/{id},GET,200,47.221,True
2026-09-28T15:51:30.409851+00:00,GET /runs/{id},GET,200,65.722,True
2026-09-28T15:51:30.398533+00:00,GET /workflows/{id},GET,200,76.996,True
2026-09-28T15:51:30.409851+00:00,GET /runs/{id}/logs,GET,200,66.416,True
2026-09-28T15:51:30.278556+00:00,GET /workflows,GET,200,223.984,True
2026-09-28T15:51:30.475503+00:00,POST /workflows/{id}/validate,POST,200,63.627,True
2026-09-28T15:51:30.475503+00:00,GET /runs/{id},GET,200,63.625,True
2026-09-28T15:51:30.476536+00:00,GET /runs/{id}/logs,GET,200,82.331,True
2026-09-28T15:51:30.502629+00:00,GET /runs/{id},GET,200,68.679,True
2026-09-28T15:51:30.320608+00:00,GET /workflows,GET,200,263.970,True
2026-09-28T15:51:30.326366+00:00,GET /workflows,GET,200,258.810,True
2026-09-28T15:51:30.558754+00:00,GET /workflows/{id},GET,200,32.616,True
2026-09-28T15:51:30.539052+00:00,GET /runs/{id}/logs,GET,200,53.587,True
2026-09-28T15:51:30.539052+00:00,GET /runs/{id},GET,200,53.973,True
2026-09-28T15:51:30.571707+00:00,GET /runs/{id},GET,200,43.839,True
2026-09-28T15:51:30.585071+00:00,GET /workflows/{id},GET,200,44.656,True
2026-09-28T15:51:30.593118+00:00,GET /workflows/{id},GET,200,38.509,True
2026-09-28T15:51:30.585071+00:00,GET /runs/{id},GET,200,54.553,True
2026-09-28T15:51:30.420236+00:00,GET /workflows,GET,200,220.389,True
2026-09-28T15:51:30.591528+00:00,GET /runs/{id},GET,200,51.313,True
2026-09-28T15:51:30.592586+00:00,PUT /workflows/{id},PUT,200,62.548,True
2026-09-28T15:51:30.476019+00:00,GET /workflows,GET,200,179.600,True
2026-09-28T15:51:30.631741+00:00,GET /workflows/{id},GET,200,34.618,True
2026-09-28T15:51:30.614882+00:00,GET /runs/{id},GET,200,57.082,True
2026-09-28T15:51:30.629735+00:00,GET /runs/{id},GET,200,44.147,True
2026-09-28T15:51:30.641165+00:00,GET /runs/{id},GET,200,39.775,True
2026-09-28T15:51:30.640091+00:00,GET /runs/{id},GET,200,46.855,True
2026-09-28T15:51:30.655297+00:00,POST /workflows/{id}/validate,POST,200,43.295,True
2026-09-28T15:51:30.672791+00:00,GET /workflows/{id},GET,200,29.492,True
2026-09-28T15:51:30.666393+00:00,GET /runs/{id}/logs,GET,200,36.017,True
2026-09-28T15:51:30.673790+00:00,GET /runs/{id},GET,200,42.688,True
2026-09-28T15:51:30.655297+00:00,PUT /workflows/{id},PUT,200,62.811,True
2026-09-28T15:51:30.680717+00:00,GET /runs/{id}/logs,GET,200,42.844,True
2026-09-28T15:51:30.701908+00:00,GET /agents/catalog,GET,200,33.642,True
2026-09-28T15:51:30.701908+00:00,GET /runs/{id},GET,200,42.479,True
2026-09-28T15:51:30.686585+00:00,PUT /workflows/{id},PUT,200,63.620,True
2026-09-28T15:51:30.716742+00:00,GET /workflows/{id},GET,200,36.485,True
2026-09-28T15:51:30.735626+00:00,GET /agents/catalog,GET,200,34.021,True
2026-09-28T15:51:30.717736+00:00,GET /runs/{id}/logs,GET,200,56.936,True
2026-09-28T15:51:30.643193+00:00,GET /workflows,GET,200,139.671,True
2026-09-28T15:51:30.753111+00:00,GET /workflows/{id},GET,200,32.681,True
2026-09-28T15:51:30.744929+00:00,POST /workflows/{id}/validate,POST,200,41.776,True
2026-09-28T15:51:30.769591+00:00,GET /runs/{id},GET,200,48.162,True
2026-09-28T15:51:30.749627+00:00,PUT /workflows/{id},PUT,200,78.121,True
2026-09-28T15:51:30.817704+00:00,GET /health,GET,200,11.513,True
2026-09-28T15:51:30.786169+00:00,GET /runs/{id},GET,200,49.198,True
2026-09-28T15:51:30.785171+00:00,GET /runs/{id}/logs,GET,200,52.570,True
2026-09-28T15:51:30.774182+00:00,PUT /workflows/{id},PUT,200,71.643,True
2026-09-28T15:51:30.845546+00:00,GET /health,GET,200,7.210,True
2026-09-28T15:51:30.827928+00:00,GET /agents/catalog,GET,200,31.287,True
2026-09-28T15:51:30.698898+00:00,GET /workflows,GET,200,162.236,True
2026-09-28T15:51:30.858809+00:00,GET /health,GET,200,9.118,True
2026-09-28T15:51:30.838160+00:00,GET /runs/{id}/logs,GET,200,31.166,True
2026-09-28T15:51:30.835991+00:00,GET /agents/catalog,GET,200,35.423,True
2026-09-28T15:51:30.723002+00:00,GET /workflows,GET,200,153.839,True
2026-09-28T15:51:30.861115+00:00,POST /workflows/{id}/validate,POST,200,29.982,True
2026-09-28T15:51:30.852982+00:00,GET /runs/{id}/logs,GET,200,39.498,True
2026-09-28T15:51:30.869114+00:00,GET /agents/catalog,GET,200,27.853,True
2026-09-28T15:51:30.869114+00:00,POST /workflows/{id}/validate,POST,200,38.179,True
2026-09-28T15:51:30.897457+00:00,GET /health,GET,200,13.588,True
2026-09-28T15:51:30.782182+00:00,GET /workflows,GET,200,134.437,True
2026-09-28T15:51:30.890980+00:00,GET /runs/{id},GET,200,38.055,True
2026-09-28T15:51:30.907225+00:00,GET /runs/{id},GET,200,42.263,True
2026-09-28T15:51:30.910320+00:00,POST /workflows/{id}/validate,POST,200,46.439,True
2026-09-28T15:51:30.929138+00:00,GET /workflows/{id},GET,200,33.968,True
2026-09-28T15:51:30.916944+00:00,GET /runs/{id}/logs,GET,200,46.650,True
2026-09-28T15:51:30.828929+00:00,GET /workflows,GET,200,134.621,True
2026-09-28T15:51:30.949130+00:00,GET /workflows/{id},GET,200,26.991,True
2026-09-28T15:51:30.871115+00:00,PUT /workflows/{id},PUT,200,111.343,True
2026-09-28T15:51:30.957169+00:00,GET /runs/{id}/logs,GET,200,35.284,True
2026-09-28T15:51:30.963797+00:00,GET /workflows/{id},GET,200,29.201,True
2026-09-28T15:51:30.962789+00:00,GET /runs/{id}/logs,GET,200,32.548,True
2026-09-28T15:51:30.963797+00:00,GET /runs/{id},GET,200,33.743,True
2026-09-28T15:51:30.992926+00:00,GET /health,GET,200,8.938,True
2026-09-28T15:51:30.877379+00:00,GET /workflows,GET,200,129.281,True
2026-09-28T15:51:30.975983+00:00,GET /runs/{id}/logs,GET,200,31.756,True
2026-09-28T15:51:30.982416+00:00,GET /workflows/{id},GET,200,25.720,True
2026-09-28T15:51:31.008446+00:00,GET /health,GET,200,5.040,True
2026-09-28T15:51:30.994927+00:00,GET /workflows/{id},GET,200,26.052,True
2026-09-28T15:51:30.992926+00:00,GET /runs/{id},GET,200,34.072,True
2026-09-28T15:51:30.893072+00:00,GET /workflows,GET,200,144.719,True
2026-09-28T15:51:31.006451+00:00,GET /runs/{id},GET,200,34.452,True
2026-09-28T15:51:31.012994+00:00,GET /runs/{id},GET,200,31.152,True
2026-09-28T15:51:31.026026+00:00,GET /runs/{id},GET,200,33.218,True
2026-09-28T15:51:31.038092+00:00,GET /agents/catalog,GET,200,22.503,True
2026-09-28T15:51:31.040731+00:00,GET /agents/catalog,GET,200,22.999,True
2026-09-28T15:51:31.059605+00:00,GET /workflows/{id},GET,200,23.962,True
2026-09-28T15:51:31.063619+00:00,GET /runs/{id}/logs,GET,200,37.970,True
2026-09-28T15:51:31.060615+00:00,GET /runs/{id},GET,200,42.461,True
2026-09-28T15:51:31.007444+00:00,PUT /workflows/{id},PUT,200,99.603,True
2026-09-28T15:51:30.997439+00:00,GET /workflows,GET,200,129.283,True
2026-09-28T15:51:31.022008+00:00,PUT /workflows/{id},PUT,200,111.643,True
2026-09-28T15:51:31.002444+00:00,GET /workflows,GET,200,131.873,True
2026-09-28T15:51:31.102448+00:00,GET /workflows/{id},GET,200,43.985,True
2026-09-28T15:51:31.102448+00:00,GET /runs/{id}/logs,GET,200,47.152,True
2026-09-28T15:51:31.107538+00:00,GET /agents/catalog,GET,200,46.240,True
2026-09-28T15:51:31.126116+00:00,GET /workflows/{id},GET,200,35.774,True
2026-09-28T15:51:31.133100+00:00,GET /agents/catalog,GET,200,35.546,True
2026-09-28T15:51:31.145960+00:00,GET /workflows/{id},GET,200,32.796,True
2026-09-28T15:51:31.044655+00:00,GET /workflows,GET,200,135.404,True
2026-09-28T15:51:31.149683+00:00,GET /workflows/{id},GET,200,30.985,True
2026-09-28T15:51:31.162559+00:00,GET /workflows/{id},GET,200,26.674,True
2026-09-28T15:51:31.153049+00:00,POST /workflows/{id}/validate,POST,200,44.806,True
2026-09-28T15:51:31.134360+00:00,PUT /workflows/{id},PUT,200,69.501,True
2026-09-28T15:51:31.179773+00:00,GET /workflows/{id},GET,200,26.692,True
2026-09-28T15:51:31.169227+00:00,GET /runs/{id}/logs,GET,200,38.745,True
2026-09-28T15:51:31.180772+00:00,GET /runs/{id},GET,200,36.048,True
2026-09-28T15:51:31.084136+00:00,GET /workflows,GET,200,136.392,True
2026-09-28T15:51:31.189291+00:00,GET /runs/{id}/logs,GET,200,36.132,True
2026-09-28T15:51:31.206779+00:00,GET /workflows/{id},GET,200,28.979,True
2026-09-28T15:51:31.225294+00:00,GET /health,GET,200,11.131,True
2026-09-28T15:51:31.203781+00:00,GET /runs/{id},GET,200,40.012,True
2026-09-28T15:51:31.198781+00:00,GET /runs/{id},GET,200,45.263,True
2026-09-28T15:51:31.207779+00:00,GET /runs/{id}/logs,GET,200,36.915,True
2026-09-28T15:51:31.217291+00:00,GET /runs/{id},GET,200,36.301,True
2026-09-28T15:51:31.236618+00:00,GET /workflows/{id},GET,200,27.974,True
2026-09-28T15:51:31.242656+00:00,GET /runs/{id},GET,200,33.742,True
2026-09-28T15:51:31.235616+00:00,GET /runs/{id},GET,200,44.142,True
2026-09-28T15:51:31.252712+00:00,GET /workflows/{id},GET,200,26.711,True
2026-09-28T15:51:31.244054+00:00,GET /runs/{id},GET,200,39.122,True
2026-09-28T15:51:31.178780+00:00,GET /workflows,GET,200,125.211,True
2026-09-28T15:51:31.276857+00:00,GET /runs/{id},GET,200,38.775,True
2026-09-28T15:51:31.279881+00:00,GET /runs/{id},GET,200,36.572,True
2026-09-28T15:51:31.279881+00:00,GET /runs/{id}/logs,GET,200,41.210,True
2026-09-28T15:51:31.283885+00:00,GET /runs/{id}/logs,GET,200,43.197,True
2026-09-28T15:51:31.315006+00:00,GET /agents/catalog,GET,200,37.304,True
2026-09-28T15:51:31.220291+00:00,GET /workflows,GET,200,133.418,True
2026-09-28T15:51:31.316533+00:00,GET /runs/{id}/logs,GET,200,43.301,True
2026-09-28T15:51:31.320575+00:00,GET /workflows/{id},GET,200,43.766,True
2026-09-28T15:51:31.326587+00:00,GET /workflows/{id},GET,200,38.215,True
2026-09-28T15:51:31.244054+00:00,GET /workflows,GET,200,129.054,True
2026-09-28T15:51:31.353624+00:00,GET /runs/{id},GET,200,38.558,True
2026-09-28T15:51:31.364717+00:00,GET /workflows/{id},GET,200,27.645,True
2026-09-28T15:51:31.360143+00:00,GET /runs/{id},GET,200,36.831,True
2026-09-28T15:51:31.264858+00:00,GET /workflows,GET,200,140.302,True
2026-09-28T15:51:31.392267+00:00,GET /runs/{id},GET,200,35.706,True
2026-09-28T15:51:31.373235+00:00,PUT /workflows/{id},PUT,200,56.648,True
2026-09-28T15:51:31.392267+00:00,GET /runs/{id},GET,200,45.949,True
2026-09-28T15:51:31.396813+00:00,GET /runs/{id}/logs,GET,200,41.348,True
2026-09-28T15:51:31.437787+00:00,GET /health,GET,200,13.979,True
2026-09-28T15:51:31.304005+00:00,GET /workflows,GET,200,153.033,True
2026-09-28T15:51:31.404860+00:00,GET /runs/{id},GET,200,52.604,True
2026-09-28T15:51:31.457232+00:00,GET /health,GET,200,13.632,True
2026-09-28T15:51:31.429851+00:00,GET /workflows/{id},GET,200,43.524,True
2026-09-28T15:51:31.364717+00:00,PUT /workflows/{id},PUT,200,126.033,True
2026-09-28T15:51:31.452463+00:00,GET /runs/{id},GET,200,48.226,True
2026-09-28T15:51:31.457761+00:00,GET /runs/{id},GET,200,68.556,True
2026-09-28T15:51:31.353624+00:00,GET /workflows,GET,200,180.774,True
2026-09-28T15:51:31.470813+00:00,GET /runs/{id}/logs,GET,200,66.946,True
2026-09-28T15:51:31.472811+00:00,GET /runs/{id}/logs,GET,200,67.608,True
2026-09-28T15:51:31.500065+00:00,GET /runs/{id},GET,200,53.264,True
2026-09-28T15:51:31.525490+00:00,GET /workflows/{id},GET,200,32.659,True
2026-09-28T15:51:31.537898+00:00,GET /workflows/{id},GET,200,29.861,True
2026-09-28T15:51:31.490966+00:00,PUT /workflows/{id},PUT,200,77.911,True
2026-09-28T15:51:31.534055+00:00,POST /workflows/{id}/validate,POST,200,38.295,True
2026-09-28T15:51:31.540469+00:00,GET /workflows/{id},GET,200,37.163,True
2026-09-28T15:51:31.554035+00:00,GET /runs/{id}/logs,GET,200,32.919,True
2026-09-28T15:51:31.567858+00:00,POST /workflows/{id}/validate,POST,200,31.750,True
2026-09-28T15:51:31.428802+00:00,GET /workflows,GET,200,172.393,True
2026-09-28T15:51:31.577856+00:00,GET /workflows/{id},GET,200,29.871,True
2026-09-28T15:51:31.572854+00:00,GET /runs/{id}/logs,GET,200,38.311,True
2026-09-28T15:51:31.568855+00:00,GET /runs/{id},GET,200,42.858,True
2026-09-28T15:51:31.437787+00:00,GET /workflows,GET,200,180.382,True
2026-09-28T15:51:31.611861+00:00,GET /workflows/{id},GET,200,28.166,True
2026-09-28T15:51:31.600861+00:00,GET /runs/{id}/logs,GET,200,41.676,True
2026-09-28T15:51:31.618628+00:00,GET /runs/{id}/logs,GET,200,33.091,True
2026-09-28T15:51:31.610861+00:00,GET /runs/{id}/logs,GET,200,47.317,True
2026-09-28T15:51:31.607862+00:00,GET /runs/{id}/logs,GET,200,53.634,True
2026-09-28T15:51:31.639895+00:00,GET /agents/catalog,GET,200,28.500,True
2026-09-28T15:51:31.586856+00:00,PUT /workflows/{id},PUT,200,95.529,True
2026-09-28T15:51:31.642405+00:00,GET /runs/{id}/logs,GET,200,40.105,True
2026-09-28T15:51:31.658828+00:00,GET /workflows/{id},GET,200,26.402,True
2026-09-28T15:51:31.650965+00:00,GET /runs/{id},GET,200,38.295,True
2026-09-28T15:51:31.558637+00:00,GET /workflows,GET,200,139.425,True
2026-09-28T15:51:31.667558+00:00,GET /runs/{id}/logs,GET,200,34.984,True
2026-09-28T15:51:31.661077+00:00,PUT /workflows/{id},PUT,200,44.881,True
2026-09-28T15:51:31.684308+00:00,GET /runs/{id},GET,200,35.885,True
2026-09-28T15:51:31.599858+00:00,GET /workflows,GET,200,127.227,True
2026-09-28T15:51:31.682310+00:00,GET /runs/{id}/logs,GET,200,47.438,True
2026-09-28T15:51:31.703572+00:00,GET /workflows/{id},GET,200,32.191,True
2026-09-28T15:51:31.682310+00:00,PUT /workflows/{id},PUT,200,59.972,True
2026-09-28T15:51:31.697574+00:00,GET /runs/{id}/logs,GET,200,45.176,True
2026-09-28T15:51:31.706572+00:00,GET /runs/{id}/logs,GET,200,38.763,True
2026-09-28T15:51:31.742679+00:00,GET /health,GET,200,12.489,True
2026-09-28T15:51:31.720571+00:00,GET /runs/{id},GET,200,48.761,True
2026-09-28T15:51:31.745201+00:00,GET /workflows/{id},GET,200,36.569,True
2026-09-28T15:51:31.726730+00:00,GET /runs/{id}/logs,GET,200,55.358,True
2026-09-28T15:51:31.734502+00:00,GET /runs/{id}/logs,GET,200,48.601,True
2026-09-28T15:51:31.755387+00:00,GET /runs/{id},GET,200,32.851,True
2026-09-28T15:51:31.742679+00:00,POST /workflows/{id}/validate,POST,200,46.165,True
2026-09-28T15:51:31.783818+00:00,GET /health,GET,200,7.802,True
2026-09-28T15:51:31.791818+00:00,GET /health,GET,200,6.094,True
2026-09-28T15:51:31.781818+00:00,GET /workflows/{id},GET,200,29.944,True
2026-09-28T15:51:31.781818+00:00,GET /workflows/{id},GET,200,35.816,True
2026-09-28T15:51:31.788818+00:00,GET /runs/{id}/logs,GET,200,45.073,True
2026-09-28T15:51:31.788818+00:00,GET /runs/{id},GET,200,49.157,True
2026-09-28T15:51:31.811355+00:00,GET /runs/{id},GET,200,41.792,True
2026-09-28T15:51:31.689377+00:00,GET /workflows,GET,200,164.371,True
2026-09-28T15:51:31.817725+00:00,GET /runs/{id},GET,200,47.355,True
2026-09-28T15:51:31.834053+00:00,GET /runs/{id}/logs,GET,200,44.693,True
2026-09-28T15:51:31.854492+00:00,GET /workflows/{id},GET,200,29.353,True
2026-09-28T15:51:31.729815+00:00,GET /workflows,GET,200,158.025,True
2026-09-28T15:51:31.865521+00:00,GET /runs/{id},GET,200,35.050,True
2026-09-28T15:51:31.769033+00:00,GET /workflows,GET,200,143.379,True
2026-09-28T15:51:31.878541+00:00,GET /runs/{id},GET,200,40.581,True
2026-09-28T15:51:31.887539+00:00,GET /runs/{id}/logs,GET,200,33.472,True
2026-09-28T15:51:31.899911+00:00,GET /workflows/{id},GET,200,24.222,True
2026-09-28T15:51:31.920949+00:00,GET /health,GET,200,7.068,True
2026-09-28T15:51:31.853486+00:00,PUT /workflows/{id},PUT,200,92.936,True
2026-09-28T15:51:31.912910+00:00,GET /runs/{id},GET,200,34.178,True
2026-09-28T15:51:31.924959+00:00,GET /runs/{id}/logs,GET,200,30.233,True
2026-09-28T15:51:31.918910+00:00,GET /runs/{id},GET,200,36.293,True
2026-09-28T15:51:31.797819+00:00,GET /workflows,GET,200,158.154,True
2026-09-28T15:51:31.946049+00:00,GET /health,GET,200,10.636,True
2026-09-28T15:51:31.947140+00:00,GET /workflows/{id},GET,200,22.966,True
2026-09-28T15:51:31.883540+00:00,PUT /workflows/{id},PUT,200,89.329,True
2026-09-28T15:51:31.957394+00:00,GET /workflows/{id},GET,200,18.164,True
2026-09-28T15:51:31.954880+00:00,GET /workflows/{id},GET,200,21.002,True
2026-09-28T15:51:31.970357+00:00,GET /health,GET,200,8.203,True
2026-09-28T15:51:31.956392+00:00,GET /workflows/{id},GET,200,22.907,True
2026-09-28T15:51:31.837501+00:00,GET /workflows,GET,200,141.810,True
2026-09-28T15:51:31.978505+00:00,GET /health,GET,200,5.183,True
2026-09-28T15:51:31.978505+00:00,GET /workflows/{id},GET,200,17.477,True
2026-09-28T15:51:31.979505+00:00,GET /workflows/{id},GET,200,22.919,True
2026-09-28T15:51:31.972356+00:00,GET /runs/{id},GET,200,29.932,True
2026-09-28T15:51:31.975400+00:00,GET /runs/{id}/logs,GET,200,31.451,True
2026-09-28T15:51:31.975400+00:00,GET /runs/{id},GET,200,31.586,True
2026-09-28T15:51:31.927958+00:00,GET /workflows,GET,200,98.246,True
2026-09-28T15:51:32.002959+00:00,GET /workflows/{id},GET,200,25.225,True
2026-09-28T15:51:32.002959+00:00,GET /runs/{id},GET,200,27.931,True
2026-09-28T15:51:32.006649+00:00,GET /runs/{id}/logs,GET,200,23.831,True
2026-09-28T15:51:31.955387+00:00,PUT /workflows/{id},PUT,200,83.139,True
2026-09-28T15:51:32.030546+00:00,GET /agents/catalog,GET,200,22.277,True
2026-09-28T15:51:32.026424+00:00,GET /workflows/{id},GET,200,28.655,True
2026-09-28T15:51:32.052822+00:00,GET /health,GET,200,7.997,True
2026-09-28T15:51:32.027901+00:00,GET /runs/{id}/logs,GET,200,35.860,True
2026-09-28T15:51:31.983504+00:00,PUT /workflows/{id},PUT,200,92.258,True
2026-09-28T15:51:32.063524+00:00,GET /workflows/{id},GET,200,22.648,True
2026-09-28T15:51:32.086632+00:00,GET /health,GET,200,8.452,True
2026-09-28T15:51:31.996747+00:00,GET /workflows,GET,200,98.906,True
2026-09-28T15:51:32.006649+00:00,PUT /workflows/{id},PUT,200,91.819,True
2026-09-28T15:51:32.060215+00:00,GET /runs/{id},GET,200,38.526,True
2026-09-28T15:51:32.075634+00:00,GET /runs/{id},GET,200,44.001,True
2026-09-28T15:51:32.094645+00:00,GET /agents/catalog,GET,200,25.138,True
2026-09-28T15:51:32.098634+00:00,GET /runs/{id}/logs,GET,200,42.049,True
2026-09-28T15:51:32.031597+00:00,GET /workflows,GET,200,120.081,True
2026-09-28T15:51:32.120140+00:00,GET /runs/{id},GET,200,44.471,True
2026-09-28T15:51:32.140267+00:00,GET /runs/{id}/logs,GET,200,34.310,True
2026-09-28T15:51:32.151673+00:00,GET /agents/catalog,GET,200,23.864,True
2026-09-28T15:51:32.038421+00:00,GET /workflows,GET,200,140.258,True
2026-09-28T15:51:32.054822+00:00,GET /workflows,GET,200,133.287,True
2026-09-28T15:51:32.188707+00:00,GET /agents/catalog,GET,200,22.234,True
2026-09-28T15:51:32.174695+00:00,GET /runs/{id},GET,200,39.608,True
2026-09-28T15:51:32.120140+00:00,PUT /workflows/{id},PUT,200,106.120,True
2026-09-28T15:51:32.095641+00:00,GET /workflows,GET,200,136.532,True
2026-09-28T15:51:32.225760+00:00,GET /health,GET,200,10.602,True
2026-09-28T15:51:32.099642+00:00,GET /workflows,GET,200,142.665,True
2026-09-28T15:51:32.214752+00:00,GET /workflows/{id},GET,200,32.286,True
2026-09-28T15:51:32.174695+00:00,PUT /workflows/{id},PUT,200,90.460,True
2026-09-28T15:51:32.246508+00:00,GET /agents/catalog,GET,200,24.974,True
2026-09-28T15:51:32.231132+00:00,GET /runs/{id}/logs,GET,200,45.891,True
2026-09-28T15:51:32.277947+00:00,GET /agents/catalog,GET,200,20.496,True
2026-09-28T15:51:32.164487+00:00,GET /workflows,GET,200,138.074,True
2026-09-28T15:51:32.271943+00:00,GET /runs/{id}/logs,GET,200,35.915,True
2026-09-28T15:51:32.178708+00:00,GET /workflows,GET,200,129.479,True
2026-09-28T15:51:32.210247+00:00,PUT /workflows/{id},PUT,200,101.140,True
2026-09-28T15:51:32.308703+00:00,GET /workflows/{id},GET,200,27.912,True
2026-09-28T15:51:32.298702+00:00,GET /runs/{id}/logs,GET,200,38.326,True
2026-09-28T15:51:32.302715+00:00,GET /runs/{id}/logs,GET,200,39.552,True
2026-09-28T15:51:32.307711+00:00,GET /runs/{id}/logs,GET,200,37.565,True
2026-09-28T15:51:32.236306+00:00,PUT /workflows/{id},PUT,200,109.250,True
2026-09-28T15:51:32.311709+00:00,PUT /workflows/{id},PUT,200,47.774,True
2026-09-28T15:51:32.241316+00:00,GET /workflows,GET,200,132.195,True
2026-09-28T15:51:32.336704+00:00,GET /workflows/{id},GET,200,43.976,True
2026-09-28T15:51:32.341358+00:00,GET /agents/catalog,GET,200,39.368,True
2026-09-28T15:51:32.336704+00:00,GET /runs/{id},GET,200,45.160,True
2026-09-28T15:51:32.345999+00:00,GET /runs/{id}/logs,GET,200,36.041,True
2026-09-28T15:51:32.345485+00:00,GET /runs/{id},GET,200,38.827,True
2026-09-28T15:51:32.265938+00:00,GET /workflows,GET,200,119.394,True
2026-09-28T15:51:32.359734+00:00,GET /workflows/{id},GET,200,29.214,True
2026-09-28T15:51:32.380401+00:00,GET /agents/catalog,GET,200,28.239,True
2026-09-28T15:51:32.383913+00:00,GET /workflows/{id},GET,200,29.263,True
2026-09-28T15:51:32.381401+00:00,GET /workflows/{id},GET,200,32.127,True
2026-09-28T15:51:32.381401+00:00,POST /workflows/{id}/validate,POST,200,33.011,True
2026-09-28T15:51:32.389019+00:00,POST /workflows/{id}/validate,POST,200,26.575,True
2026-09-28T15:51:32.374215+00:00,PUT /workflows/{id},PUT,200,45.716,True
2026-09-28T15:51:32.381401+00:00,GET /runs/{id},GET,200,39.050,True
2026-09-28T15:51:32.408477+00:00,GET /workflows/{id},GET,200,48.387,True
2026-09-28T15:51:32.414942+00:00,GET /runs/{id}/logs,GET,200,43.091,True
2026-09-28T15:51:32.413939+00:00,GET /runs/{id}/logs,GET,200,45.927,True
2026-09-28T15:51:32.419042+00:00,GET /workflows/{id},GET,200,40.830,True
2026-09-28T15:51:32.420549+00:00,GET /runs/{id},GET,200,47.564,True
2026-09-28T15:51:32.457512+00:00,GET /agents/catalog,GET,200,27.008,True
2026-09-28T15:51:32.468119+00:00,GET /agents/catalog,GET,200,27.408,True
2026-09-28T15:51:32.457512+00:00,GET /runs/{id}/logs,GET,200,40.717,True
2026-09-28T15:51:32.414942+00:00,PUT /workflows/{id},PUT,200,105.728,True
2026-09-28T15:51:32.484128+00:00,GET /runs/{id},GET,200,45.119,True
2026-09-28T15:51:32.385276+00:00,GET /workflows,GET,200,157.888,True
2026-09-28T15:51:32.497946+00:00,GET /runs/{id},GET,200,54.917,True
2026-09-28T15:51:32.495313+00:00,POST /workflows/{id}/validate,POST,200,62.753,True
2026-09-28T15:51:32.521331+00:00,GET /workflows/{id},GET,200,37.346,True
2026-09-28T15:51:32.460816+00:00,PUT /workflows/{id},PUT,200,109.047,True
2026-09-28T15:51:32.529070+00:00,GET /runs/{id},GET,200,49.063,True
2026-09-28T15:51:32.413939+00:00,GET /workflows,GET,200,165.845,True
2026-09-28T15:51:32.579100+00:00,GET /health,GET,200,8.194,True
2026-09-28T15:51:32.542564+00:00,GET /runs/{id}/logs,GET,200,48.353,True
2026-09-28T15:51:32.558834+00:00,GET /runs/{id}/logs,GET,200,40.369,True
2026-09-28T15:51:32.557826+00:00,GET /runs/{id},GET,200,45.202,True
2026-09-28T15:51:32.579100+00:00,GET /agents/catalog,GET,200,32.008,True
2026-09-28T15:51:32.459819+00:00,GET /workflows,GET,200,150.947,True
2026-09-28T15:51:32.587112+00:00,GET /runs/{id}/logs,GET,200,33.121,True
2026-09-28T15:51:32.599099+00:00,GET /workflows/{id},GET,200,24.946,True
2026-09-28T15:51:32.624243+00:00,GET /health,GET,200,4.766,True
2026-09-28T15:51:32.591122+00:00,GET /runs/{id}/logs,GET,200,44.560,True
2026-09-28T15:51:32.603113+00:00,GET /runs/{id},GET,200,38.193,True
2026-09-28T15:51:32.611114+00:00,GET /runs/{id},GET,200,31.150,True
2026-09-28T15:51:32.628719+00:00,GET /workflows/{id},GET,200,28.399,True
2026-09-28T15:51:32.635725+00:00,GET /agents/catalog,GET,200,26.430,True
2026-09-28T15:51:32.641898+00:00,GET /runs/{id}/logs,GET,200,30.923,True
2026-09-28T15:51:32.641898+00:00,PUT /workflows/{id},PUT,200,48.139,True
2026-09-28T15:51:32.552684+00:00,GET /workflows,GET,200,137.153,True
2026-09-28T15:51:32.569591+00:00,GET /workflows,GET,200,127.094,True
2026-09-28T15:51:32.689901+00:00,GET /health,GET,200,11.093,True
2026-09-28T15:51:32.662454+00:00,GET /runs/{id},GET,200,38.908,True
2026-09-28T15:51:32.656940+00:00,GET /runs/{id}/logs,GET,200,44.772,True
2026-09-28T15:51:32.672456+00:00,GET /workflows/{id},GET,200,41.848,True
2026-09-28T15:51:32.689901+00:00,GET /runs/{id}/logs,GET,200,38.515,True
2026-09-28T15:51:32.611114+00:00,GET /workflows,GET,200,118.058,True
2026-09-28T15:51:32.729568+00:00,GET /health,GET,200,6.682,True
2026-09-28T15:51:32.696283+00:00,GET /runs/{id},GET,200,44.606,True
2026-09-28T15:51:32.701721+00:00,GET /runs/{id}/logs,GET,200,40.007,True
2026-09-28T15:51:32.714588+00:00,GET /runs/{id}/logs,GET,200,29.935,True
2026-09-28T15:51:32.736274+00:00,GET /health,GET,200,8.970,True
2026-09-28T15:51:32.620238+00:00,PUT /workflows/{id},PUT,200,124.636,True
2026-09-28T15:51:32.742172+00:00,GET /health,GET,200,7.928,True
2026-09-28T15:51:32.728990+00:00,GET /agents/catalog,GET,200,24.205,True
2026-09-28T15:51:32.753297+00:00,GET /health,GET,200,7.208,True
2026-09-28T15:51:32.749296+00:00,GET /workflows/{id},GET,200,25.081,True
2026-09-28T15:51:32.740764+00:00,GET /runs/{id}/logs,GET,200,33.865,True
2026-09-28T15:51:32.745030+00:00,GET /workflows/{id},GET,200,30.995,True
2026-09-28T15:51:32.745030+00:00,GET /runs/{id},GET,200,43.798,True
2026-09-28T15:51:32.745030+00:00,GET /runs/{id},GET,200,45.176,True
2026-09-28T15:51:32.760075+00:00,GET /runs/{id},GET,200,48.017,True
2026-09-28T15:51:32.701149+00:00,PUT /workflows/{id},PUT,200,111.944,True
2026-09-28T15:51:32.774388+00:00,GET /runs/{id},GET,200,45.004,True
2026-09-28T15:51:32.701149+00:00,GET /workflows,GET,200,124.177,True
2026-09-28T15:51:32.775399+00:00,GET /agents/catalog,GET,200,49.802,True
2026-09-28T15:51:32.789961+00:00,GET /runs/{id},GET,200,38.711,True
2026-09-28T15:51:32.788457+00:00,GET /runs/{id},GET,200,47.411,True
2026-09-28T15:51:32.825377+00:00,GET /health,GET,200,11.382,True
2026-09-28T15:51:32.807346+00:00,GET /workflows/{id},GET,200,38.256,True
2026-09-28T15:51:32.828634+00:00,GET /agents/catalog,GET,200,75.667,True
2026-09-28T15:51:32.825377+00:00,GET /runs/{id},GET,200,84.927,True
2026-09-28T15:51:32.812857+00:00,GET /runs/{id},GET,200,99.664,True
2026-09-28T15:51:32.836734+00:00,GET /agents/catalog,GET,200,76.145,True
2026-09-28T15:51:32.836734+00:00,GET /runs/{id},GET,200,78.069,True
2026-09-28T15:51:32.846328+00:00,GET /runs/{id},GET,200,93.639,True
2026-09-28T15:51:32.912509+00:00,GET /runs/{id},GET,200,38.117,True
2026-09-28T15:51:32.914516+00:00,GET /runs/{id},GET,200,46.751,True
2026-09-28T15:51:32.904675+00:00,PUT /workflows/{id},PUT,200,65.721,True
2026-09-28T15:51:32.911113+00:00,PUT /workflows/{id},PUT,500,80.705,False
2026-09-28T15:51:32.775399+00:00,GET /workflows,GET,200,221.106,True
2026-09-28T15:51:32.819416+00:00,GET /workflows,GET,200,188.106,True
2026-09-28T15:51:32.961265+00:00,GET /runs/{id}/logs,GET,200,47.873,True
2026-09-28T15:51:32.970398+00:00,GET /runs/{id}/logs,GET,200,49.591,True
2026-09-28T15:51:32.991568+00:00,GET /workflows/{id},GET,200,31.745,True
2026-09-28T15:51:32.996927+00:00,POST /workflows/{id}/validate,POST,200,27.408,True
2026-09-28T15:51:32.912509+00:00,GET /workflows,GET,200,130.084,True
2026-09-28T15:51:32.949805+00:00,PUT /workflows/{id},PUT,200,103.849,True
2026-09-28T15:51:32.940169+00:00,GET /workflows,GET,200,128.621,True
2026-09-28T15:51:33.019901+00:00,PUT /workflows/{id},PUT,200,60.356,True
2026-09-28T15:51:33.054368+00:00,GET /runs/{id}/logs,GET,200,33.905,True
2026-09-28T15:51:33.068895+00:00,GET /runs/{id},GET,200,40.431,True
2026-09-28T15:51:33.079860+00:00,POST /workflows/{id}/validate,POST,200,29.726,True
2026-09-28T15:51:33.087868+00:00,GET /agents/catalog,GET,200,25.878,True
2026-09-28T15:51:33.009869+00:00,GET /workflows,GET,200,142.547,True
2026-09-28T15:51:33.113947+00:00,GET /runs/{id},GET,200,44.843,True
2026-09-28T15:51:33.008126+00:00,GET /workflows,GET,200,155.499,True
2026-09-28T15:51:33.023612+00:00,GET /workflows,GET,200,146.184,True
2026-09-28T15:51:33.024200+00:00,GET /workflows,GET,200,147.908,True
2026-09-28T15:51:33.172297+00:00,GET /health,GET,200,8.173,True
2026-09-28T15:51:33.042853+00:00,GET /workflows,GET,200,156.535,True
2026-09-28T15:51:33.169307+00:00,GET /runs/{id}/logs,GET,200,40.230,True
2026-09-28T15:51:33.180299+00:00,GET /workflows/{id},GET,200,35.314,True
2026-09-28T15:51:33.214867+00:00,GET /health,GET,200,7.033,True
2026-09-28T15:51:33.159189+00:00,PUT /workflows/{id},PUT,200,67.701,True
2026-09-28T15:51:33.209877+00:00,GET /workflows/{id},GET,200,32.350,True
2026-09-28T15:51:33.199841+00:00,GET /runs/{id}/logs,GET,200,44.729,True
2026-09-28T15:51:33.222388+00:00,POST /workflows/{id}/validate,POST,200,42.636,True
2026-09-28T15:51:33.226876+00:00,GET /runs/{id}/logs,GET,200,46.084,True
2026-09-28T15:51:33.108920+00:00,GET /workflows,GET,200,164.807,True
2026-09-28T15:51:33.109920+00:00,GET /workflows,GET,200,175.032,True
2026-09-28T15:51:33.273245+00:00,POST /workflows/{id}/validate,POST,200,36.603,True
2026-09-28T15:51:33.151441+00:00,GET /workflows,GET,200,157.716,True
2026-09-28T15:51:33.243908+00:00,PUT /workflows/{id},PUT,200,71.914,True
2026-09-28T15:51:33.265476+00:00,GET /runs/{id}/logs,GET,200,51.489,True
2026-09-28T15:51:33.284465+00:00,GET /runs/{id},GET,200,38.677,True
2026-09-28T15:51:33.163643+00:00,GET /workflows,GET,200,168.682,True
2026-09-28T15:51:33.242449+00:00,PUT /workflows/{id},PUT,200,97.259,True
2026-09-28T15:51:33.309467+00:00,GET /runs/{id}/logs,GET,200,44.141,True
2026-09-28T15:51:33.316878+00:00,GET /runs/{id},GET,200,40.849,True
2026-09-28T15:51:33.323391+00:00,GET /runs/{id},GET,200,39.597,True
2026-09-28T15:51:33.331186+00:00,GET /runs/{id},GET,200,45.898,True
2026-09-28T15:51:33.309467+00:00,PUT /workflows/{id},PUT,200,68.501,True
2026-09-28T15:51:33.363243+00:00,GET /workflows/{id},GET,200,29.573,True
2026-09-28T15:51:33.357389+00:00,GET /runs/{id},GET,200,40.488,True
2026-09-28T15:51:33.352865+00:00,GET /runs/{id}/logs,GET,200,52.991,True
2026-09-28T15:51:33.378283+00:00,GET /agents/catalog,GET,200,33.612,True
2026-09-28T15:51:33.378283+00:00,GET /workflows/{id},GET,200,34.116,True
2026-09-28T15:51:33.273928+00:00,GET /workflows,GET,200,145.732,True
2026-09-28T15:51:33.411553+00:00,GET /health,GET,200,8.306,True
2026-09-28T15:51:33.406330+00:00,GET /workflows/{id},GET,200,24.126,True
2026-09-28T15:51:33.412553+00:00,GET /agents/catalog,GET,200,29.938,True
2026-09-28T15:51:33.397313+00:00,GET /runs/{id},GET,200,48.954,True
2026-09-28T15:51:33.420069+00:00,GET /workflows/{id},GET,200,30.606,True
2026-09-28T15:51:33.430818+00:00,GET /runs/{id}/logs,GET,200,36.527,True
2026-09-28T15:51:33.420069+00:00,PUT /workflows/{id},PUT,200,60.710,True
2026-09-28T15:51:33.451229+00:00,GET /workflows/{id},GET,200,31.641,True
2026-09-28T15:51:33.441634+00:00,POST /workflows/{id}/validate,POST,200,46.392,True
2026-09-28T15:51:33.447139+00:00,GET /runs/{id}/logs,GET,200,42.164,True
2026-09-28T15:51:33.315892+00:00,GET /workflows,GET,200,173.116,True
2026-09-28T15:51:33.392312+00:00,PUT /workflows/{id},PUT,200,99.093,True
2026-09-28T15:51:33.467518+00:00,GET /runs/{id},GET,200,29.442,True
2026-09-28T15:51:33.338576+00:00,GET /workflows,GET,200,157.980,True
2026-09-28T15:51:33.482674+00:00,GET /workflows/{id},GET,200,34.761,True
2026-09-28T15:51:33.489668+00:00,GET /workflows/{id},GET,200,33.804,True
2026-09-28T15:51:33.488673+00:00,GET /runs/{id}/logs,GET,200,43.060,True
2026-09-28T15:51:33.480539+00:00,PUT /workflows/{id},PUT,200,57.714,True
2026-09-28T15:51:33.488673+00:00,GET /runs/{id},GET,200,49.770,True
2026-09-28T15:51:33.496669+00:00,GET /runs/{id},GET,200,43.556,True
2026-09-28T15:51:33.497670+00:00,GET /runs/{id}/logs,GET,200,43.743,True
2026-09-28T15:51:33.523154+00:00,GET /runs/{id}/logs,GET,200,27.898,True
2026-09-28T15:51:33.538399+00:00,GET /agents/catalog,GET,200,23.198,True
2026-09-28T15:51:33.532159+00:00,GET /runs/{id}/logs,GET,200,36.596,True
2026-09-28T15:51:33.551358+00:00,POST /workflows/{id}/validate,POST,200,28.586,True
2026-09-28T15:51:33.541401+00:00,PUT /workflows/{id},PUT,200,44.572,True
2026-09-28T15:51:33.579846+00:00,GET /health,GET,200,7.714,True
2026-09-28T15:51:33.568332+00:00,GET /runs/{id}/logs,GET,200,28.794,True
2026-09-28T15:51:33.561690+00:00,GET /runs/{id},GET,200,37.952,True
2026-09-28T15:51:33.516932+00:00,PUT /workflows/{id},PUT,200,105.514,True
2026-09-28T15:51:33.585337+00:00,GET /runs/{id}/logs,GET,200,38.221,True
2026-09-28T15:51:33.599336+00:00,GET /runs/{id},GET,200,43.276,True
2026-09-28T15:51:33.491665+00:00,GET /workflows,GET,200,159.337,True
2026-09-28T15:51:33.622751+00:00,GET /workflows/{id},GET,200,41.154,True
2026-09-28T15:51:33.540400+00:00,GET /workflows,GET,200,142.549,True
2026-09-28T15:51:33.651577+00:00,GET /runs/{id}/logs,GET,200,36.323,True
2026-09-28T15:51:33.587337+00:00,PUT /workflows/{id},PUT,200,100.717,True
2026-09-28T15:51:33.664387+00:00,GET /agents/catalog,GET,200,24.452,True
2026-09-28T15:51:33.538399+00:00,GET /workflows,GET,200,150.871,True
2026-09-28T15:51:33.623754+00:00,PUT /workflows/{id},PUT,200,83.536,True
2026-09-28T15:51:33.683067+00:00,GET /workflows/{id},GET,200,34.997,True
2026-09-28T15:51:33.688267+00:00,GET /runs/{id}/logs,GET,200,49.269,True
2026-09-28T15:51:33.689316+00:00,GET /runs/{id}/logs,GET,200,51.981,True
2026-09-28T15:51:33.718312+00:00,GET /runs/{id},GET,200,42.224,True
2026-09-28T15:51:33.642574+00:00,PUT /workflows/{id},PUT,200,118.066,True
2026-09-28T15:51:33.706942+00:00,GET /runs/{id}/logs,GET,200,53.943,True
2026-09-28T15:51:33.597337+00:00,GET /workflows,GET,200,170.720,True
2026-09-28T15:51:33.737771+00:00,GET /runs/{id},GET,200,39.780,True
2026-09-28T15:51:33.776587+00:00,GET /health,GET,200,3.567,True
2026-09-28T15:51:33.687268+00:00,PUT /workflows/{id},PUT,200,103.793,True
2026-09-28T15:51:33.760957+00:00,GET /runs/{id},GET,200,34.201,True
2026-09-28T15:51:33.760957+00:00,GET /runs/{id},GET,200,35.758,True
2026-09-28T15:51:33.767954+00:00,GET /runs/{id},GET,200,31.286,True
2026-09-28T15:51:33.780590+00:00,GET /runs/{id}/logs,GET,200,38.960,True
2026-09-28T15:51:33.799593+00:00,GET /workflows/{id},GET,200,32.513,True
2026-09-28T15:51:33.794589+00:00,POST /workflows/{id}/validate,POST,200,42.061,True
2026-09-28T15:51:33.688791+00:00,GET /workflows,GET,200,151.282,True
2026-09-28T15:51:33.791591+00:00,PUT /workflows/{id},PUT,200,49.944,True
2026-09-28T15:51:33.796593+00:00,GET /runs/{id},GET,200,52.850,True
2026-09-28T15:51:33.759954+00:00,PUT /workflows/{id},PUT,500,90.239,False
2026-09-28T15:51:33.740879+00:00,GET /workflows,GET,200,111.888,True
2026-09-28T15:51:33.832209+00:00,GET /runs/{id},GET,200,31.123,True
2026-09-28T15:51:33.840870+00:00,GET /workflows/{id},GET,200,26.378,True
2026-09-28T15:51:33.852952+00:00,GET /workflows/{id},GET,200,20.640,True
2026-09-28T15:51:33.839868+00:00,GET /runs/{id}/logs,GET,200,42.667,True
2026-09-28T15:51:33.882617+00:00,GET /health,GET,200,7.098,True
2026-09-28T15:51:33.873619+00:00,GET /workflows/{id},GET,200,21.487,True
2026-09-28T15:51:33.850442+00:00,PUT /workflows/{id},PUT,200,45.758,True
2026-09-28T15:51:33.862649+00:00,GET /runs/{id}/logs,GET,200,38.353,True
2026-09-28T15:51:33.820097+00:00,PUT /workflows/{id},PUT,200,90.927,True
2026-09-28T15:51:33.895617+00:00,GET /workflows/{id},GET,200,25.641,True
2026-09-28T15:51:33.901619+00:00,GET /workflows/{id},GET,200,21.533,True
2026-09-28T15:51:33.920935+00:00,GET /health,GET,200,7.640,True
2026-09-28T15:51:33.910618+00:00,GET /runs/{id},GET,200,31.817,True
2026-09-28T15:51:33.928411+00:00,GET /workflows/{id},GET,200,28.134,True
2026-09-28T15:51:33.923406+00:00,POST /workflows/{id}/validate,POST,200,38.586,True
2026-09-28T15:51:33.942018+00:00,GET /runs/{id}/logs,GET,200,37.708,True
2026-09-28T15:51:33.980082+00:00,GET /health,GET,200,5.299,True
2026-09-28T15:51:33.957103+00:00,GET /workflows/{id},GET,200,32.418,True
2026-09-28T15:51:33.836862+00:00,GET /workflows,GET,200,153.216,True
2026-09-28T15:51:33.961034+00:00,GET /workflows/{id},GET,200,30.530,True
2026-09-28T15:51:33.895617+00:00,PUT /workflows/{id},PUT,200,100.443,True
2026-09-28T15:51:33.995707+00:00,GET /health,GET,200,7.052,True
2026-09-28T15:51:33.850442+00:00,GET /workflows,GET,200,156.205,True
2026-09-28T15:51:33.867619+00:00,GET /workflows,GET,200,152.172,True
2026-09-28T15:51:33.992706+00:00,GET /agents/catalog,GET,200,30.712,True
2026-09-28T15:51:33.985076+00:00,POST /workflows/{id}/validate,POST,200,43.642,True
2026-09-28T15:51:33.989708+00:00,GET /runs/{id}/logs,GET,200,39.362,True
2026-09-28T15:51:33.889619+00:00,GET /workflows,GET,200,144.443,True
2026-09-28T15:51:34.006713+00:00,GET /runs/{id}/logs,GET,200,38.902,True
2026-09-28T15:51:34.045283+00:00,GET /health,GET,200,9.591,True
2026-09-28T15:51:34.023461+00:00,GET /workflows/{id},GET,200,37.178,True
2026-09-28T15:51:34.029464+00:00,GET /runs/{id}/logs,GET,200,39.897,True
2026-09-28T15:51:34.019448+00:00,GET /runs/{id},GET,200,49.317,True
2026-09-28T15:51:34.029464+00:00,GET /runs/{id}/logs,GET,200,41.084,True
2026-09-28T15:51:34.070980+00:00,GET /health,GET,200,7.216,True
2026-09-28T15:51:34.059563+00:00,GET /workflows/{id},GET,200,26.673,True
2026-09-28T15:51:34.055071+00:00,GET /runs/{id}/logs,GET,200,36.237,True
2026-09-28T15:51:34.068981+00:00,GET /runs/{id},GET,200,32.987,True
2026-09-28T15:51:34.068981+00:00,GET /runs/{id},GET,200,35.277,True
2026-09-28T15:51:34.091085+00:00,GET /workflows/{id},GET,200,21.268,True
2026-09-28T15:51:34.078079+00:00,GET /runs/{id},GET,200,38.032,True
2026-09-28T15:51:34.102091+00:00,GET /agents/catalog,GET,200,23.813,True
2026-09-28T15:51:34.104085+00:00,GET /runs/{id},GET,200,31.905,True
2026-09-28T15:51:33.989708+00:00,GET /workflows,GET,200,147.078,True
2026-09-28T15:51:34.113098+00:00,GET /runs/{id},GET,200,35.976,True
2026-09-28T15:51:34.116086+00:00,GET /runs/{id}/logs,GET,200,38.042,True
2026-09-28T15:51:34.126094+00:00,GET /workflows/{id},GET,200,31.473,True
2026-09-28T15:51:34.002723+00:00,GET /workflows,GET,200,155.077,True
2026-09-28T15:51:34.136559+00:00,GET /runs/{id},GET,200,33.161,True
2026-09-28T15:51:34.136559+00:00,GET /runs/{id},GET,200,35.297,True
2026-09-28T15:51:34.033462+00:00,GET /workflows,GET,200,140.273,True
2026-09-28T15:51:34.170068+00:00,GET /health,GET,200,6.659,True
2026-09-28T15:51:34.153844+00:00,GET /workflows/{id},GET,200,27.344,True
2026-09-28T15:51:34.156963+00:00,GET /workflows/{id},GET,200,24.318,True
2026-09-28T15:51:34.158218+00:00,GET /runs/{id},GET,200,28.815,True
2026-09-28T15:51:34.171620+00:00,GET /runs/{id}/logs,GET,200,28.832,True
2026-09-28T15:51:34.174306+00:00,GET /runs/{id},GET,200,28.577,True
2026-09-28T15:51:34.181244+00:00,GET /workflows/{id},GET,200,25.187,True
2026-09-28T15:51:34.087077+00:00,GET /workflows,GET,200,123.213,True
2026-09-28T15:51:34.186250+00:00,GET /runs/{id},GET,200,26.271,True
2026-09-28T15:51:34.210469+00:00,GET /health,GET,200,5.516,True
2026-09-28T15:51:34.212470+00:00,GET /workflows/{id},GET,200,17.512,True
2026-09-28T15:51:34.215477+00:00,GET /workflows/{id},GET,200,19.374,True
2026-09-28T15:51:34.148692+00:00,PUT /workflows/{id},PUT,200,91.714,True
2026-09-28T15:51:34.230191+00:00,GET /agents/catalog,GET,200,20.181,True
2026-09-28T15:51:34.240621+00:00,GET /workflows/{id},GET,200,25.559,True
2026-09-28T15:51:34.182246+00:00,PUT /workflows/{id},PUT,200,86.905,True
2026-09-28T15:51:34.234713+00:00,GET /runs/{id},GET,200,37.407,True
2026-09-28T15:51:34.250032+00:00,GET /agents/catalog,GET,200,32.461,True
2026-09-28T15:51:34.268898+00:00,GET /workflows/{id},GET,200,33.522,True
2026-09-28T15:51:34.271897+00:00,GET /workflows/{id},GET,200,30.061,True
2026-09-28T15:51:34.199946+00:00,PUT /workflows/{id},PUT,500,110.183,False
2026-09-28T15:51:34.202956+00:00,PUT /workflows/{id},PUT,200,108.008,True
2026-09-28T15:51:34.176562+00:00,GET /workflows,GET,200,136.460,True
2026-09-28T15:51:34.265736+00:00,GET /runs/{id},GET,200,49.110,True
2026-09-28T15:51:34.283391+00:00,GET /runs/{id}/logs,GET,200,33.085,True
2026-09-28T15:51:34.205956+00:00,GET /workflows,GET,200,113.992,True
2026-09-28T15:51:34.315039+00:00,GET /health,GET,200,7.525,True
2026-09-28T15:51:34.311027+00:00,GET /health,GET,200,12.221,True
2026-09-28T15:51:34.301471+00:00,GET /workflows/{id},GET,200,33.871,True
2026-09-28T15:51:34.301471+00:00,GET /runs/{id},GET,200,40.893,True
2026-09-28T15:51:34.311027+00:00,GET /runs/{id}/logs,GET,200,40.194,True
2026-09-28T15:51:34.343201+00:00,GET /runs/{id},GET,200,25.736,True
2026-09-28T15:51:34.350939+00:00,POST /workflows/{id}/validate,POST,200,27.788,True
2026-09-28T15:51:34.323026+00:00,PUT /workflows/{id},PUT,200,85.858,True
2026-09-28T15:51:34.323026+00:00,PUT /workflows/{id},PUT,500,111.838,False
2026-09-28T15:51:34.335735+00:00,PUT /workflows/{id},PUT,200,103.017,True
2026-09-28T15:51:34.316035+00:00,GET /workflows,GET,200,123.701,True
2026-09-28T15:51:34.320049+00:00,GET /workflows,GET,200,120.282,True
2026-09-28T15:51:34.313030+00:00,GET /workflows,GET,200,129.198,True
2026-09-28T15:51:34.408882+00:00,GET /runs/{id},GET,200,64.270,True
2026-09-28T15:51:34.439440+00:00,GET /runs/{id},GET,200,44.282,True
2026-09-28T15:51:34.440681+00:00,GET /runs/{id},GET,200,47.724,True
2026-09-28T15:51:34.439440+00:00,GET /runs/{id}/logs,GET,200,63.495,True
2026-09-28T15:51:34.433686+00:00,PUT /workflows/{id},PUT,500,69.534,False
2026-09-28T15:51:34.378781+00:00,PUT /workflows/{id},PUT,200,128.513,True
2026-09-28T15:51:34.368782+00:00,PUT /workflows/{id},PUT,500,160.034,False
2026-09-28T15:51:34.441809+00:00,PUT /workflows/{id},PUT,500,87.540,False
2026-09-28T15:51:34.483505+00:00,GET /runs/{id},GET,200,47.572,True
2026-09-28T15:51:34.488964+00:00,GET /workflows/{id},GET,200,49.796,True
2026-09-28T15:51:34.503068+00:00,GET /agents/catalog,GET,200,46.468,True
2026-09-28T15:51:34.504455+00:00,GET /workflows/{id},GET,200,51.802,True
2026-09-28T15:51:34.530676+00:00,GET /workflows/{id},GET,200,27.952,True
2026-09-28T15:51:34.538389+00:00,POST /workflows/{id}/validate,POST,200,26.092,True
2026-09-28T15:51:34.530171+00:00,POST /workflows/{id}/validate,POST,200,38.569,True
2026-09-28T15:51:34.529171+00:00,GET /runs/{id}/logs,GET,200,41.883,True
2026-09-28T15:51:34.555704+00:00,GET /workflows/{id},GET,200,19.245,True
2026-09-28T15:51:34.549928+00:00,GET /workflows/{id},GET,200,26.600,True
2026-09-28T15:51:34.570589+00:00,GET /health,GET,200,7.627,True
2026-09-28T15:51:34.506967+00:00,PUT /workflows/{id},PUT,200,72.148,True
2026-09-28T15:51:34.473341+00:00,GET /workflows,GET,200,107.717,True
2026-09-28T15:51:34.559260+00:00,GET /runs/{id}/logs,GET,200,33.375,True
2026-09-28T15:51:34.568589+00:00,GET /runs/{id},GET,200,29.971,True
2026-09-28T15:51:34.576587+00:00,GET /workflows/{id},GET,200,29.381,True
2026-09-28T15:51:34.578789+00:00,GET /workflows/{id},GET,200,38.443,True
2026-09-28T15:51:34.574600+00:00,GET /runs/{id}/logs,GET,200,49.944,True
2026-09-28T15:51:34.579788+00:00,GET /runs/{id}/logs,GET,200,47.619,True
2026-09-28T15:51:34.580791+00:00,PUT /workflows/{id},PUT,200,58.397,True
2026-09-28T15:51:34.592787+00:00,GET /runs/{id},GET,200,51.268,True
2026-09-28T15:51:34.639207+00:00,GET /health,GET,200,10.543,True
2026-09-28T15:51:34.597864+00:00,GET /runs/{id},GET,200,54.820,True
2026-09-28T15:51:34.627491+00:00,POST /workflows/{id}/validate,POST,200,43.351,True
2026-09-28T15:51:34.649455+00:00,GET /workflows/{id},GET,200,36.769,True
2026-09-28T15:51:34.653455+00:00,PUT /workflows/{id},PUT,200,61.766,True
2026-09-28T15:51:34.686858+00:00,GET /runs/{id}/logs,GET,200,71.575,True
2026-09-28T15:51:34.617378+00:00,PUT /workflows/{id},PUT,500,141.269,False
2026-09-28T15:51:34.564590+00:00,GET /workflows,GET,200,197.654,True
2026-09-28T15:51:34.605662+00:00,GET /workflows,GET,200,168.062,True
2026-09-28T15:51:34.624581+00:00,GET /workflows,GET,200,156.689,True
2026-09-28T15:51:34.757565+00:00,GET /runs/{id},GET,200,49.379,True
2026-09-28T15:51:34.774219+00:00,POST /workflows/{id}/validate,POST,200,43.322,True
2026-09-28T15:51:34.761703+00:00,GET /runs/{id},GET,200,62.063,True
2026-09-28T15:51:34.643780+00:00,GET /workflows,GET,200,180.922,True
2026-09-28T15:51:34.671061+00:00,GET /workflows,GET,200,164.478,True
2026-09-28T15:51:34.758633+00:00,GET /agents/catalog,GET,200,80.666,True
2026-09-28T15:51:34.823808+00:00,GET /health,GET,200,17.242,True
2026-09-28T15:51:34.841612+00:00,GET /health,GET,200,11.218,True
2026-09-28T15:51:34.781490+00:00,GET /runs/{id},GET,200,75.767,True
2026-09-28T15:51:34.807250+00:00,GET /runs/{id}/logs,GET,200,56.475,True
2026-09-28T15:51:34.839421+00:00,GET /workflows/{id},GET,200,34.753,True
2026-09-28T15:51:34.874323+00:00,GET /health,GET,200,4.703,True
2026-09-28T15:51:34.852464+00:00,GET /runs/{id}/logs,GET,200,39.733,True
2026-09-28T15:51:34.857322+00:00,GET /runs/{id},GET,200,40.328,True
2026-09-28T15:51:34.864321+00:00,GET /runs/{id}/logs,GET,200,35.836,True
2026-09-28T15:51:34.878873+00:00,GET /runs/{id},GET,200,52.488,True
2026-09-28T15:51:34.897873+00:00,GET /runs/{id},GET,200,79.945,True
2026-09-28T15:51:34.714647+00:00,GET /workflows,GET,200,263.414,True
2026-09-28T15:51:34.892874+00:00,GET /runs/{id},GET,200,86.475,True
2026-09-28T15:51:34.978553+00:00,GET /runs/{id}/logs,GET,200,36.785,True
2026-09-28T15:51:34.978553+00:00,GET /runs/{id},GET,200,44.570,True
2026-09-28T15:51:34.977026+00:00,GET /runs/{id},GET,200,45.593,True
2026-09-28T15:51:34.899873+00:00,PUT /workflows/{id},PUT,200,135.344,True
2026-09-28T15:51:34.824814+00:00,GET /workflows,GET,200,217.832,True
2026-09-28T15:51:35.041798+00:00,GET /health,GET,200,8.472,True
2026-09-28T15:51:35.015754+00:00,GET /workflows/{id},GET,200,41.742,True
2026-09-28T15:51:34.817618+00:00,GET /workflows,GET,200,240.651,True
2026-09-28T15:51:35.023518+00:00,GET /workflows/{id},GET,200,44.275,True
2026-09-28T15:51:34.835286+00:00,GET /workflows,GET,200,235.902,True
2026-09-28T15:51:35.022518+00:00,GET /runs/{id},GET,200,66.923,True
2026-09-28T15:51:35.035590+00:00,GET /runs/{id}/logs,GET,200,55.531,True
2026-09-28T15:51:35.057981+00:00,GET /agents/catalog,GET,200,39.671,True
2026-09-28T15:51:35.089783+00:00,GET /health,GET,200,10.591,True
2026-09-28T15:51:35.057981+00:00,GET /runs/{id}/logs,GET,200,42.901,True
2026-09-28T15:51:35.050967+00:00,GET /runs/{id},GET,200,52.136,True
2026-09-28T15:51:35.090782+00:00,GET /agents/catalog,GET,200,25.677,True
2026-09-28T15:51:35.067898+00:00,PUT /workflows/{id},PUT,200,59.883,True
2026-09-28T15:51:35.127975+00:00,GET /health,GET,200,8.041,True
2026-09-28T15:51:35.100786+00:00,GET /runs/{id},GET,200,38.858,True
2026-09-28T15:51:35.096783+00:00,GET /runs/{id},GET,200,43.799,True
2026-09-28T15:51:34.930984+00:00,GET /workflows,GET,200,218.306,True
2026-09-28T15:51:35.100786+00:00,PUT /workflows/{id},PUT,200,55.888,True
2026-09-28T15:51:35.136082+00:00,GET /workflows/{id},GET,200,32.900,True
2026-09-28T15:51:35.149797+00:00,GET /workflows/{id},GET,200,27.389,True
2026-09-28T15:51:35.140592+00:00,GET /runs/{id},GET,200,37.841,True
2026-09-28T15:51:35.157139+00:00,GET /runs/{id},GET,200,29.789,True
2026-09-28T15:51:35.168063+00:00,GET /runs/{id}/logs,GET,200,33.077,True
2026-09-28T15:51:35.179126+00:00,GET /runs/{id},GET,200,26.173,True
2026-09-28T15:51:35.187129+00:00,GET /workflows/{id},GET,200,20.837,True
2026-09-28T15:51:35.116369+00:00,PUT /workflows/{id},PUT,200,97.998,True
2026-09-28T15:51:35.071059+00:00,GET /workflows,GET,200,156.233,True
2026-09-28T15:51:35.205145+00:00,GET /agents/catalog,GET,200,26.239,True
2026-09-28T15:51:35.139084+00:00,PUT /workflows/{id},PUT,200,94.163,True
2026-09-28T15:51:35.202140+00:00,GET /runs/{id},GET,200,40.570,True
2026-09-28T15:51:35.214151+00:00,GET /runs/{id},GET,200,34.236,True
2026-09-28T15:51:35.103095+00:00,GET /workflows,GET,200,153.487,True
2026-09-28T15:51:35.227415+00:00,POST /workflows/{id}/validate,POST,200,40.258,True
2026-09-28T15:51:35.233928+00:00,GET /workflows/{id},GET,200,35.673,True
2026-09-28T15:51:35.242622+00:00,GET /workflows/{id},GET,200,31.459,True
2026-09-28T15:51:35.177128+00:00,PUT /workflows/{id},PUT,200,98.339,True
2026-09-28T15:51:35.231416+00:00,GET /runs/{id}/logs,GET,200,44.980,True
2026-09-28T15:51:35.248974+00:00,GET /workflows/{id},GET,200,31.814,True
2026-09-28T15:51:35.274058+00:00,GET /health,GET,200,7.594,True
2026-09-28T15:51:35.257052+00:00,GET /agents/catalog,GET,200,24.873,True
2026-09-28T15:51:35.276058+00:00,GET /health,GET,200,6.799,True
2026-09-28T15:51:35.269058+00:00,GET /agents/catalog,GET,200,23.932,True
2026-09-28T15:51:35.267056+00:00,GET /runs/{id},GET,200,32.587,True
2026-09-28T15:51:35.281057+00:00,GET /workflows/{id},GET,200,25.762,True
2026-09-28T15:51:35.275059+00:00,GET /runs/{id},GET,200,43.504,True
2026-09-28T15:51:35.281057+00:00,GET /runs/{id}/logs,GET,200,39.395,True
2026-09-28T15:51:35.292581+00:00,GET /runs/{id}/logs,GET,200,39.657,True
2026-09-28T15:51:35.332649+00:00,GET /health,GET,200,7.212,True
2026-09-28T15:51:35.207145+00:00,GET /workflows,GET,200,151.060,True
2026-09-28T15:51:35.339082+00:00,GET /runs/{id}/logs,GET,200,38.534,True
2026-09-28T15:51:35.358717+00:00,GET /runs/{id},GET,200,47.459,True
2026-09-28T15:51:35.307040+00:00,PUT /workflows/{id},PUT,200,115.766,True
2026-09-28T15:51:35.320521+00:00,PUT /workflows/{id},PUT,500,124.861,False
2026-09-28T15:51:35.283056+00:00,GET /workflows,GET,200,168.369,True
2026-09-28T15:51:35.280065+00:00,GET /workflows,GET,200,179.771,True
2026-09-28T15:51:35.405951+00:00,GET /runs/{id},GET,200,66.489,True
2026-09-28T15:51:35.445449+00:00,GET /workflows/{id},GET,200,39.511,True
2026-09-28T15:51:35.300039+00:00,GET /workflows,GET,200,185.780,True
2026-09-28T15:51:35.423034+00:00,POST /workflows/{id}/validate,POST,200,81.906,True
2026-09-28T15:51:35.451710+00:00,GET /runs/{id},GET,200,54.231,True
2026-09-28T15:51:35.460337+00:00,GET /runs/{id}/logs,GET,200,53.371,True
2026-09-28T15:51:35.486225+00:00,GET /workflows/{id},GET,200,38.380,True
2026-09-28T15:51:35.318520+00:00,GET /workflows,GET,200,206.230,True
2026-09-28T15:51:35.472380+00:00,GET /agents/catalog,GET,200,58.086,True
2026-09-28T15:51:35.485219+00:00,GET /runs/{id},GET,200,46.281,True
2026-09-28T15:51:35.525287+00:00,GET /health,GET,200,15.917,True
2026-09-28T15:51:35.505683+00:00,GET /runs/{id},GET,200,49.405,True
2026-09-28T15:51:35.505146+00:00,POST /workflows/{id}/validate,POST,200,54.783,True
2026-09-28T15:51:35.514040+00:00,POST /workflows/{id}/validate,POST,200,46.557,True
2026-09-28T15:51:35.524287+00:00,GET /runs/{id},GET,200,54.043,True
2026-09-28T15:51:35.540672+00:00,GET /workflows/{id},GET,200,42.338,True
2026-09-28T15:51:35.378947+00:00,GET /workflows,GET,200,211.700,True
2026-09-28T15:51:35.559864+00:00,GET /workflows/{id},GET,200,50.126,True
2026-09-28T15:51:35.554798+00:00,GET /runs/{id},GET,200,57.276,True
2026-09-28T15:51:35.530793+00:00,PUT /workflows/{id},PUT,200,91.841,True
2026-09-28T15:51:35.577626+00:00,GET /agents/catalog,GET,200,46.782,True
2026-09-28T15:51:35.583539+00:00,GET /runs/{id}/logs,GET,200,61.205,True
2026-09-28T15:51:35.559864+00:00,PUT /workflows/{id},PUT,200,88.410,True
2026-09-28T15:51:35.612518+00:00,GET /runs/{id},GET,200,55.852,True
2026-09-28T15:51:35.610064+00:00,PUT /workflows/{id},PUT,200,66.702,True
2026-09-28T15:51:35.624878+00:00,PUT /workflows/{id},PUT,200,64.836,True
2026-09-28T15:51:35.690430+00:00,GET /health,GET,200,7.009,True
2026-09-28T15:51:35.697431+00:00,GET /workflows/{id},GET,200,24.989,True
2026-09-28T15:51:35.667653+00:00,PUT /workflows/{id},PUT,200,64.477,True
2026-09-28T15:51:35.722207+00:00,GET /workflows/{id},GET,200,41.470,True
2026-09-28T15:51:35.532100+00:00,GET /workflows,GET,200,232.452,True
2026-09-28T15:51:35.732887+00:00,GET /runs/{id},GET,200,54.423,True
2026-09-28T15:51:35.590745+00:00,GET /workflows,GET,200,202.162,True
2026-09-28T15:51:35.763984+00:00,GET /runs/{id},GET,200,43.461,True
2026-09-28T15:51:35.792632+00:00,GET /runs/{id},GET,200,33.054,True
2026-09-28T15:51:35.787627+00:00,GET /runs/{id},GET,200,49.987,True
2026-09-28T15:51:35.622720+00:00,GET /workflows,GET,200,230.334,True
2026-09-28T15:51:35.643824+00:00,GET /workflows,GET,200,214.808,True
2026-09-28T15:51:35.807714+00:00,GET /runs/{id}/logs,GET,200,55.056,True
2026-09-28T15:51:35.648193+00:00,GET /workflows,GET,200,219.590,True
2026-09-28T15:51:35.763984+00:00,PUT /workflows/{id},PUT,200,105.581,True
2026-09-28T15:51:35.869445+00:00,GET /health,GET,200,8.163,True
2026-09-28T15:51:35.676084+00:00,GET /workflows,GET,200,201.234,True
2026-09-28T15:51:35.836972+00:00,GET /agents/catalog,GET,200,49.384,True
2026-09-28T15:51:35.825835+00:00,GET /runs/{id}/logs,GET,200,62.070,True
2026-09-28T15:51:35.862988+00:00,GET /runs/{id}/logs,GET,200,37.209,True
2026-09-28T15:51:35.852644+00:00,GET /runs/{id}/logs,GET,200,47.281,True
2026-09-28T15:51:35.868448+00:00,GET /workflows/{id},GET,200,50.041,True
2026-09-28T15:51:35.886658+00:00,GET /runs/{id},GET,200,51.874,True
2026-09-28T15:51:35.887823+00:00,PUT /workflows/{id},PUT,200,78.722,True
2026-09-28T15:51:35.899917+00:00,GET /runs/{id}/logs,GET,200,77.880,True
2026-09-28T15:51:35.918704+00:00,POST /workflows/{id}/validate,POST,200,66.190,True
2026-09-28T15:51:35.938699+00:00,POST /workflows/{id}/validate,POST,200,55.231,True
2026-09-28T15:51:35.899917+00:00,PUT /workflows/{id},PUT,200,119.551,True
2026-09-28T15:51:35.965749+00:00,GET /runs/{id},GET,200,53.719,True
2026-09-28T15:51:35.993259+00:00,GET /agents/catalog,GET,200,64.395,True
2026-09-28T15:51:35.984821+00:00,PUT /workflows/{id},PUT,200,98.248,True
2026-09-28T15:51:36.019245+00:00,PUT /workflows/{id},PUT,200,112.986,True
2026-09-28T15:51:36.058437+00:00,PUT /workflows/{id},PUT,500,106.050,False
2026-09-28T15:51:36.082638+00:00,GET /runs/{id},GET,200,85.157,True
2026-09-28T15:51:35.858981+00:00,GET /workflows,GET,200,309.285,True
2026-09-28T15:51:35.877617+00:00,GET /workflows,GET,200,309.108,True
2026-09-28T15:51:35.878152+00:00,GET /workflows,GET,200,311.567,True
2026-09-28T15:51:36.132516+00:00,GET /runs/{id},GET,200,79.078,True
2026-09-28T15:51:36.168992+00:00,POST /workflows/{id}/validate,POST,200,52.726,True
2026-09-28T15:51:36.168242+00:00,GET /runs/{id}/logs,GET,200,54.259,True
2026-09-28T15:51:36.164335+00:00,GET /runs/{id},GET,200,63.680,True
2026-09-28T15:51:36.188901+00:00,GET /runs/{id},GET,200,47.155,True
2026-09-28T15:51:36.221729+00:00,GET /workflows/{id},GET,200,25.018,True
2026-09-28T15:51:36.212218+00:00,GET /agents/catalog,GET,200,36.669,True
2026-09-28T15:51:36.186096+00:00,PUT /workflows/{id},PUT,200,77.297,True
2026-09-28T15:51:36.221729+00:00,GET /runs/{id}/logs,GET,200,43.225,True
2026-09-28T15:51:36.236854+00:00,GET /workflows/{id},GET,200,33.255,True
2026-09-28T15:51:35.978144+00:00,GET /workflows,GET,200,302.508,True
2026-09-28T15:51:36.228242+00:00,GET /runs/{id},GET,200,64.914,True
2026-09-28T15:51:36.019245+00:00,GET /workflows,GET,200,285.193,True
2026-09-28T15:51:36.269384+00:00,GET /workflows/{id},GET,200,46.840,True
2026-09-28T15:51:36.264189+00:00,GET /agents/catalog,GET,200,65.749,True
2026-09-28T15:51:36.264189+00:00,GET /runs/{id}/logs,GET,200,80.573,True
2026-09-28T15:51:36.280163+00:00,PUT /workflows/{id},PUT,200,108.068,True
2026-09-28T15:51:36.330779+00:00,GET /workflows/{id},GET,200,59.111,True
2026-09-28T15:51:36.305468+00:00,GET /runs/{id}/logs,GET,200,84.388,True
2026-09-28T15:51:36.316576+00:00,GET /runs/{id},GET,200,79.193,True
2026-09-28T15:51:36.293165+00:00,PUT /workflows/{id},PUT,200,112.497,True
2026-09-28T15:51:36.344471+00:00,GET /runs/{id}/logs,GET,200,62.202,True
2026-09-28T15:51:36.404901+00:00,GET /health,GET,200,14.272,True
2026-09-28T15:51:36.388667+00:00,GET /runs/{id}/logs,GET,200,73.534,True
2026-09-28T15:51:36.389675+00:00,PUT /workflows/{id},PUT,200,93.241,True
2026-09-28T15:51:36.419911+00:00,GET /runs/{id},GET,200,67.057,True
2026-09-28T15:51:36.406908+00:00,GET /runs/{id},GET,200,80.877,True
2026-09-28T15:51:36.389675+00:00,PUT /workflows/{id},PUT,500,127.720,False
2026-09-28T15:51:36.248867+00:00,GET /workflows,GET,200,272.788,True
2026-09-28T15:51:36.246864+00:00,GET /workflows,GET,200,274.576,True
2026-09-28T15:51:36.487634+00:00,GET /workflows/{id},GET,200,60.247,True
2026-09-28T15:51:36.461893+00:00,GET /runs/{id}/logs,GET,200,86.726,True
2026-09-28T15:51:36.486632+00:00,GET /agents/catalog,GET,200,64.824,True
2026-09-28T15:51:36.483118+00:00,GET /runs/{id},GET,200,85.323,True
2026-09-28T15:51:36.517851+00:00,GET /runs/{id},GET,200,73.432,True
2026-09-28T15:51:36.521492+00:00,GET /runs/{id},GET,200,74.859,True
2026-09-28T15:51:36.567357+00:00,GET /runs/{id}/logs,GET,200,75.038,True
2026-09-28T15:51:36.396003+00:00,GET /workflows,GET,200,247.718,True
2026-09-28T15:51:36.548103+00:00,PUT /workflows/{id},PUT,200,107.063,True
2026-09-28T15:51:36.643961+00:00,GET /workflows/{id},GET,200,38.052,True
2026-09-28T15:51:36.591223+00:00,PUT /workflows/{id},PUT,200,98.883,True
2026-09-28T15:51:36.642950+00:00,GET /runs/{id},GET,200,69.004,True
2026-09-28T15:51:36.654583+00:00,GET /runs/{id},GET,200,86.720,True
2026-09-28T15:51:36.681747+00:00,GET /runs/{id},GET,200,76.080,True
2026-09-28T15:51:36.711439+00:00,POST /workflows/{id}/validate,POST,200,87.475,True
2026-09-28T15:51:36.521492+00:00,GET /workflows,GET,200,316.957,True
2026-09-28T15:51:36.549058+00:00,GET /workflows,GET,200,325.715,True
2026-09-28T15:51:36.799674+00:00,POST /workflows/{id}/validate,POST,200,75.725,True
2026-09-28T15:51:36.839252+00:00,GET /runs/{id}/logs,GET,200,57.165,True
2026-09-28T15:51:36.551577+00:00,GET /workflows,GET,200,356.484,True
2026-09-28T15:51:36.907627+00:00,GET /health,GET,200,19.259,True
2026-09-28T15:51:36.874591+00:00,GET /workflows/{id},GET,200,79.941,True
2026-09-28T15:51:36.595797+00:00,GET /workflows,GET,200,358.616,True
2026-09-28T15:51:36.895627+00:00,GET /runs/{id}/logs,GET,200,67.998,True
2026-09-28T15:51:36.954204+00:00,GET /health,GET,200,11.284,True
2026-09-28T15:51:36.965487+00:00,GET /health,GET,200,8.379,True
2026-09-28T15:51:36.963473+00:00,GET /workflows/{id},GET,200,34.698,True
2026-09-28T15:51:36.954204+00:00,GET /workflows/{id},GET,200,44.628,True
2026-09-28T15:51:36.974127+00:00,GET /workflows/{id},GET,200,25.652,True
2026-09-28T15:51:36.689884+00:00,GET /workflows,GET,200,319.532,True
2026-09-28T15:51:36.999522+00:00,GET /health,GET,200,13.792,True
2026-09-28T15:51:36.998522+00:00,GET /workflows/{id},GET,200,41.451,True
2026-09-28T15:51:36.999522+00:00,GET /runs/{id}/logs,GET,200,56.716,True
2026-09-28T15:51:36.741657+00:00,GET /workflows,GET,200,315.954,True
2026-09-28T15:51:36.758076+00:00,GET /workflows,GET,200,322.257,True
2026-09-28T15:51:37.009005+00:00,PUT /workflows/{id},PUT,200,73.891,True
2026-09-28T15:51:37.039664+00:00,GET /runs/{id},GET,200,46.109,True
2026-09-28T15:51:37.055789+00:00,GET /runs/{id},GET,200,54.071,True
2026-09-28T15:51:37.057073+00:00,PUT /workflows/{id},PUT,200,70.652,True
2026-09-28T15:51:37.086480+00:00,GET /runs/{id},GET,200,51.149,True
2026-09-28T15:51:37.083222+00:00,GET /runs/{id},GET,200,54.330,True
2026-09-28T15:51:36.875597+00:00,GET /workflows,GET,200,265.034,True
2026-09-28T15:51:36.927189+00:00,GET /workflows,GET,200,230.275,True
2026-09-28T15:51:37.138099+00:00,GET /workflows/{id},GET,200,55.010,True
2026-09-28T15:51:37.128456+00:00,GET /runs/{id}/logs,GET,200,69.999,True
2026-09-28T15:51:37.157597+00:00,GET /runs/{id}/logs,GET,200,51.808,True
2026-09-28T15:51:37.140226+00:00,POST /workflows/{id}/validate,POST,200,78.668,True
2026-09-28T15:51:37.198340+00:00,GET /health,GET,200,26.136,True
2026-09-28T15:51:37.209028+00:00,GET /workflows/{id},GET,200,54.943,True
2026-09-28T15:51:37.193070+00:00,GET /runs/{id}/logs,GET,200,72.584,True
2026-09-28T15:51:37.219477+00:00,GET /workflows/{id},GET,200,52.575,True
2026-09-28T15:51:37.224546+00:00,GET /runs/{id},GET,200,65.129,True
2026-09-28T15:51:37.014007+00:00,GET /workflows,GET,200,301.679,True
2026-09-28T15:51:37.271858+00:00,GET /runs/{id}/logs,GET,200,50.129,True
2026-09-28T15:51:37.265414+00:00,GET /runs/{id},GET,200,66.017,True
2026-09-28T15:51:37.330851+00:00,GET /workflows/{id},GET,200,30.417,True
2026-09-28T15:51:37.289432+00:00,GET /runs/{id}/logs,GET,200,72.492,True
2026-09-28T15:51:37.315224+00:00,GET /workflows/{id},GET,200,46.913,True
2026-09-28T15:51:37.322227+00:00,GET /workflows/{id},GET,200,51.783,True
2026-09-28T15:51:37.361251+00:00,GET /health,GET,200,16.023,True
2026-09-28T15:51:37.080094+00:00,GET /workflows,GET,200,302.228,True
2026-09-28T15:51:37.377726+00:00,GET /health,GET,200,49.293,True
2026-09-28T15:51:37.110790+00:00,GET /workflows,GET,200,325.566,True
2026-09-28T15:51:37.427305+00:00,GET /workflows/{id},GET,200,39.332,True
2026-09-28T15:51:37.373723+00:00,GET /runs/{id}/logs,GET,200,93.507,True
2026-09-28T15:51:37.381745+00:00,GET /runs/{id},GET,200,90.837,True
2026-09-28T15:51:37.362374+00:00,PUT /workflows/{id},PUT,200,133.026,True
2026-09-28T15:51:37.362374+00:00,PUT /workflows/{id},PUT,500,133.578,False
2026-09-28T15:51:37.137161+00:00,GET /workflows,GET,200,363.228,True
2026-09-28T15:51:37.467526+00:00,POST /workflows/{id}/validate,POST,200,51.564,True
2026-09-28T15:51:37.466520+00:00,GET /runs/{id},GET,200,56.807,True
2026-09-28T15:51:37.518520+00:00,GET /health,GET,200,6.408,True
2026-09-28T15:51:37.501176+00:00,GET /agents/catalog,GET,200,38.441,True
2026-09-28T15:51:37.496035+00:00,POST /workflows/{id}/validate,POST,200,51.252,True
2026-09-28T15:51:37.495035+00:00,GET /agents/catalog,GET,200,51.825,True
2026-09-28T15:51:37.525510+00:00,GET /runs/{id}/logs,GET,200,51.179,True
2026-09-28T15:51:37.264883+00:00,GET /workflows,GET,200,312.452,True
2026-09-28T15:51:37.523035+00:00,GET /runs/{id},GET,200,57.959,True
2026-09-28T15:51:37.547479+00:00,GET /workflows/{id},GET,200,42.528,True
2026-09-28T15:51:37.576601+00:00,GET /health,GET,200,13.402,True
2026-09-28T15:51:37.546338+00:00,GET /runs/{id},GET,200,48.261,True
2026-09-28T15:51:37.581621+00:00,GET /workflows/{id},GET,200,34.096,True
2026-09-28T15:51:37.614895+00:00,GET /health,GET,200,5.989,True
2026-09-28T15:51:37.576601+00:00,GET /runs/{id},GET,200,54.717,True
2026-09-28T15:51:37.594669+00:00,GET /runs/{id},GET,200,41.200,True
2026-09-28T15:51:37.589670+00:00,GET /runs/{id},GET,200,47.571,True
2026-09-28T15:51:37.539158+00:00,PUT /workflows/{id},PUT,200,103.174,True
2026-09-28T15:51:37.435967+00:00,GET /workflows,GET,200,211.104,True
2026-09-28T15:51:37.642114+00:00,GET /health,GET,200,9.379,True
2026-09-28T15:51:37.637453+00:00,GET /workflows/{id},GET,200,33.187,True
2026-09-28T15:51:37.620896+00:00,GET /runs/{id}/logs,GET,200,54.044,True
2026-09-28T15:51:37.473528+00:00,GET /workflows,GET,200,205.512,True
2026-09-28T15:51:37.652012+00:00,GET /workflows/{id},GET,200,27.702,True
2026-09-28T15:51:37.646496+00:00,GET /runs/{id},GET,200,42.179,True
2026-09-28T15:51:37.635985+00:00,PUT /workflows/{id},PUT,200,53.890,True
2026-09-28T15:51:37.590669+00:00,PUT /workflows/{id},PUT,500,112.438,False
2026-09-28T15:51:37.689768+00:00,GET /health,GET,200,14.434,True
2026-09-28T15:51:37.670768+00:00,GET /runs/{id}/logs,GET,200,35.087,True
2026-09-28T15:51:37.675768+00:00,GET /workflows/{id},GET,200,30.227,True
2026-09-28T15:51:37.679768+00:00,GET /agents/catalog,GET,200,33.110,True
2026-09-28T15:51:37.705767+00:00,GET /health,GET,200,9.417,True
2026-09-28T15:51:37.688767+00:00,GET /workflows/{id},GET,200,30.873,True
2026-09-28T15:51:37.712797+00:00,GET /workflows/{id},GET,200,24.810,True
2026-09-28T15:51:37.705767+00:00,POST /workflows/{id}/validate,POST,200,36.323,True
2026-09-28T15:51:37.704767+00:00,GET /runs/{id},GET,200,42.250,True
2026-09-28T15:51:37.714786+00:00,GET /runs/{id}/logs,GET,200,49.471,True
2026-09-28T15:51:37.719785+00:00,GET /runs/{id}/logs,GET,200,52.175,True
2026-09-28T15:51:37.631303+00:00,GET /workflows,GET,200,154.795,True
2026-09-28T15:51:37.772756+00:00,GET /agents/catalog,GET,200,33.460,True
2026-09-28T15:51:37.786181+00:00,GET /agents/catalog,GET,200,32.985,True
2026-09-28T15:51:37.818970+00:00,GET /workflows/{id},GET,200,22.332,True
2026-09-28T15:51:37.746600+00:00,PUT /workflows/{id},PUT,200,109.558,True
2026-09-28T15:51:37.856682+00:00,GET /health,GET,200,5.568,True
2026-09-28T15:51:37.678788+00:00,GET /workflows,GET,200,203.169,True
2026-09-28T15:51:37.840688+00:00,POST /workflows/{id}/validate,POST,200,67.317,True
2026-09-28T15:51:37.861778+00:00,GET /runs/{id},GET,200,49.725,True
2026-09-28T15:51:37.702779+00:00,GET /workflows,GET,200,209.756,True
2026-09-28T15:51:37.805959+00:00,PUT /workflows/{id},PUT,200,123.866,True
2026-09-28T15:51:37.881783+00:00,GET /workflows/{id},GET,200,48.169,True
2026-09-28T15:51:37.737304+00:00,GET /workflows,GET,200,210.200,True
2026-09-28T15:51:37.929447+00:00,GET /health,GET,200,20.933,True
2026-09-28T15:51:37.912205+00:00,GET /workflows/{id},GET,200,45.223,True
2026-09-28T15:51:37.908503+00:00,GET /agents/catalog,GET,200,50.113,True
2026-09-28T15:51:37.950520+00:00,GET /health,GET,200,9.486,True
2026-09-28T15:51:37.912205+00:00,POST /workflows/{id}/validate,POST,200,53.957,True
2026-09-28T15:51:37.763732+00:00,GET /workflows,GET,200,211.649,True
2026-09-28T15:51:37.929447+00:00,GET /agents/catalog,GET,200,46.637,True
2026-09-28T15:51:37.976898+00:00,GET /health,GET,200,15.761,True
2026-09-28T15:51:37.742007+00:00,GET /workflows,GET,200,251.070,True
2026-09-28T15:51:37.966568+00:00,GET /workflows/{id},GET,200,55.365,True
2026-09-28T15:51:37.975893+00:00,GET /runs/{id},GET,200,63.050,True
2026-09-28T15:51:37.959712+00:00,GET /runs/{id}/logs,GET,200,79.424,True
2026-09-28T15:51:37.958704+00:00,GET /runs/{id},GET,200,81.458,True
2026-09-28T15:51:37.993141+00:00,GET /agents/catalog,GET,200,55.387,True
2026-09-28T15:51:37.992140+00:00,POST /workflows/{id}/validate,POST,200,67.674,True
2026-09-28T15:51:38.060106+00:00,GET /health,GET,200,6.059,True
2026-09-28T15:51:38.022368+00:00,GET /agents/catalog,GET,200,52.349,True
2026-09-28T15:51:37.947774+00:00,PUT /workflows/{id},PUT,200,132.302,True
2026-09-28T15:51:38.040489+00:00,GET /runs/{id},GET,200,63.777,True
2026-09-28T15:51:38.039483+00:00,POST /workflows/{id}/validate,POST,200,65.114,True
2026-09-28T15:51:38.048502+00:00,GET /workflows/{id},GET,200,64.514,True
2026-09-28T15:51:38.074275+00:00,GET /workflows/{id},GET,200,51.205,True
2026-09-28T15:51:38.065358+00:00,GET /runs/{id}/logs,GET,200,80.375,True
2026-09-28T15:51:38.080127+00:00,GET /workflows/{id},GET,200,66.848,True
2026-09-28T15:51:38.039483+00:00,PUT /workflows/{id},PUT,200,122.180,True
2026-09-28T15:51:38.146249+00:00,GET /health,GET,200,15.965,True
2026-09-28T15:51:38.103297+00:00,GET /workflows/{id},GET,200,73.150,True
2026-09-28T15:51:38.103297+00:00,GET /runs/{id},GET,200,90.789,True
2026-09-28T15:51:38.125143+00:00,POST /workflows/{id}/validate,POST,200,91.618,True
2026-09-28T15:51:38.162083+00:00,GET /workflows/{id},GET,200,69.128,True
2026-09-28T15:51:38.162083+00:00,GET /runs/{id}/logs,GET,200,70.971,True
2026-09-28T15:51:38.230966+00:00,GET /health,GET,200,11.689,True
2026-09-28T15:51:37.956859+00:00,GET /workflows,GET,200,310.014,True
2026-09-28T15:51:38.194524+00:00,GET /runs/{id}/logs,GET,200,74.444,True
2026-09-28T15:51:38.176921+00:00,PUT /workflows/{id},PUT,200,107.595,True
2026-09-28T15:51:38.217230+00:00,GET /runs/{id}/logs,GET,200,84.981,True
2026-09-28T15:51:38.243016+00:00,GET /runs/{id}/logs,GET,200,79.612,True
2026-09-28T15:51:38.266513+00:00,GET /workflows/{id},GET,200,55.381,True
2026-09-28T15:51:38.233965+00:00,GET /runs/{id},GET,200,96.606,True
2026-09-28T15:51:38.268792+00:00,GET /runs/{id}/logs,GET,200,78.794,True
2026-09-28T15:51:38.322491+00:00,GET /workflows/{id},GET,200,54.670,True
2026-09-28T15:51:38.348319+00:00,GET /runs/{id}/logs,GET,200,65.504,True
2026-09-28T15:51:38.377589+00:00,GET /workflows/{id},GET,200,37.572,True
2026-09-28T15:51:38.322491+00:00,PUT /workflows/{id},PUT,200,106.795,True
2026-09-28T15:51:38.330357+00:00,PUT /workflows/{id},PUT,500,126.076,False
2026-09-28T15:51:38.455755+00:00,PUT /workflows/{id},PUT,0,1.295,False
2026-09-28T15:51:38.146249+00:00,GET /workflows,GET,200,350.309,True
2026-09-28T15:51:38.429385+00:00,GET /workflows/{id},GET,200,82.346,True
2026-09-28T15:51:38.113066+00:00,GET /workflows,GET,200,401.630,True
2026-09-28T15:51:38.413827+00:00,POST /workflows/{id}/validate,POST,200,124.519,True
2026-09-28T15:51:38.457751+00:00,GET /agents/catalog,GET,200,103.538,True
2026-09-28T15:51:38.496616+00:00,GET /workflows/{id},GET,200,69.114,True
2026-09-28T15:51:38.514069+00:00,GET /workflows/{id},GET,200,66.152,True
2026-09-28T15:51:38.414832+00:00,PUT /workflows/{id},PUT,200,180.334,True
2026-09-28T15:51:38.580607+00:00,GET /health,GET,200,14.686,True
2026-09-28T15:51:38.538429+00:00,GET /runs/{id},GET,200,82.205,True
2026-09-28T15:51:38.566224+00:00,GET /agents/catalog,GET,200,54.634,True
2026-09-28T15:51:38.284730+00:00,GET /workflows,GET,200,340.731,True
2026-09-28T15:51:38.595636+00:00,GET /workflows/{id},GET,200,47.646,True
2026-09-28T15:51:38.595636+00:00,GET /runs/{id}/logs,GET,200,58.432,True
2026-09-28T15:51:38.302531+00:00,GET /workflows,GET,200,366.803,True
2026-09-28T15:51:38.620725+00:00,GET /runs/{id}/logs,GET,200,70.277,True
2026-09-28T15:51:38.620725+00:00,GET /runs/{id}/logs,GET,200,75.200,True
2026-09-28T15:51:38.696300+00:00,GET /health,GET,200,14.824,True
2026-09-28T15:51:38.642970+00:00,GET /runs/{id}/logs,GET,200,72.242,True
2026-09-28T15:51:38.653587+00:00,POST /workflows/{id}/validate,POST,200,74.306,True
2026-09-28T15:51:38.669395+00:00,GET /workflows/{id},GET,200,59.550,True
2026-09-28T15:51:38.710819+00:00,GET /runs/{id}/logs,GET,200,64.682,True
2026-09-28T15:51:38.715827+00:00,GET /runs/{id},GET,200,60.968,True
2026-09-28T15:51:38.728871+00:00,GET /runs/{id}/logs,GET,200,60.461,True
2026-09-28T15:51:38.727865+00:00,GET /runs/{id}/logs,GET,200,70.886,True
2026-09-28T15:51:38.511096+00:00,GET /workflows,GET,200,342.898,True
2026-09-28T15:51:38.788798+00:00,GET /agents/catalog,GET,200,65.442,True
2026-09-28T15:51:38.776172+00:00,POST /workflows/{id}/validate,POST,200,98.359,True
2026-09-28T15:51:38.774935+00:00,GET /runs/{id}/logs,GET,200,99.453,True
2026-09-28T15:51:38.798865+00:00,GET /runs/{id},GET,200,98.769,True
2026-09-28T15:51:38.560598+00:00,GET /workflows,GET,200,387.818,True
2026-09-28T15:51:38.874363+00:00,POST /workflows/{id}/validate,POST,200,90.424,True
2026-09-28T15:51:38.625726+00:00,GET /workflows,GET,200,344.287,True
2026-09-28T15:51:38.854010+00:00,PUT /workflows/{id},PUT,200,139.932,True
2026-09-28T15:51:38.897384+00:00,GET /runs/{id},GET,200,97.079,True
2026-09-28T15:51:38.875364+00:00,PUT /workflows/{id},PUT,500,120.574,False
2026-09-28T15:51:38.691301+00:00,GET /workflows,GET,200,308.597,True
2026-09-28T15:51:38.995938+00:00,GET /health,GET,200,11.934,True
2026-09-28T15:51:38.949407+00:00,GET /runs/{id},GET,200,62.805,True
2026-09-28T15:51:38.969888+00:00,GET /runs/{id}/logs,GET,200,68.564,True
2026-09-28T15:51:38.994232+00:00,GET /runs/{id}/logs,GET,200,47.201,True
2026-09-28T15:51:38.964876+00:00,GET /runs/{id}/logs,GET,200,79.891,True
2026-09-28T15:51:39.008143+00:00,GET /runs/{id},GET,200,43.584,True
2026-09-28T15:51:38.999628+00:00,GET /runs/{id},GET,200,55.687,True
2026-09-28T15:51:39.011652+00:00,GET /agents/catalog,GET,200,43.954,True
2026-09-28T15:51:39.038330+00:00,GET /runs/{id}/logs,GET,200,45.072,True
2026-09-28T15:51:39.054589+00:00,GET /runs/{id}/logs,GET,200,46.699,True
2026-09-28T15:51:39.055908+00:00,GET /runs/{id},GET,200,48.765,True
2026-09-28T15:51:38.854010+00:00,GET /workflows,GET,200,250.857,True
2026-09-28T15:51:39.051590+00:00,GET /runs/{id},GET,200,55.980,True
2026-09-28T15:51:39.104688+00:00,GET /agents/catalog,GET,200,23.120,True
2026-09-28T15:51:39.104688+00:00,GET /workflows/{id},GET,200,28.297,True
2026-09-28T15:51:39.082995+00:00,PUT /workflows/{id},PUT,200,70.146,True
2026-09-28T15:51:39.127198+00:00,GET /runs/{id}/logs,GET,200,43.774,True
2026-09-28T15:51:39.133707+00:00,GET /runs/{id}/logs,GET,200,54.430,True
2026-09-28T15:51:39.153503+00:00,POST /workflows/{id}/validate,POST,200,68.057,True
2026-09-28T15:51:38.994232+00:00,GET /workflows,GET,200,245.993,True
2026-09-28T15:51:39.221956+00:00,GET /workflows/{id},GET,200,41.384,True
2026-09-28T15:51:39.263135+00:00,GET /health,GET,200,12.514,True
2026-09-28T15:51:39.241059+00:00,GET /workflows/{id},GET,200,52.545,True
2026-09-28T15:51:39.041331+00:00,GET /workflows,GET,200,289.186,True
2026-09-28T15:51:39.276043+00:00,GET /workflows/{id},GET,200,62.720,True
2026-09-28T15:51:39.045329+00:00,GET /workflows,GET,200,315.129,True
2026-09-28T15:51:39.292860+00:00,GET /runs/{id},GET,200,85.067,True
2026-09-28T15:51:39.338416+00:00,GET /agents/catalog,GET,200,43.227,True
2026-09-28T15:51:39.330819+00:00,GET /runs/{id},GET,200,66.821,True
2026-09-28T15:51:39.107687+00:00,GET /workflows,GET,200,291.104,True
2026-09-28T15:51:39.101679+00:00,GET /workflows,GET,200,321.566,True
2026-09-28T15:51:39.360173+00:00,GET /runs/{id}/logs,GET,200,70.552,True
2026-09-28T15:51:39.381441+00:00,POST /workflows/{id}/validate,POST,200,55.715,True
2026-09-28T15:51:39.378433+00:00,GET /runs/{id},GET,200,64.034,True
2026-09-28T15:51:39.430687+00:00,GET /health,GET,200,12.096,True
2026-09-28T15:51:39.397773+00:00,POST /workflows/{id}/validate,POST,200,51.942,True
2026-09-28T15:51:39.423175+00:00,GET /runs/{id},GET,200,56.572,True
2026-09-28T15:51:39.441828+00:00,GET /workflows/{id},GET,200,42.795,True
2026-09-28T15:51:39.449104+00:00,GET /workflows/{id},GET,200,36.267,True
2026-09-28T15:51:39.436726+00:00,GET /workflows/{id},GET,200,49.081,True
2026-09-28T15:51:39.171474+00:00,GET /workflows,GET,200,326.041,True
2026-09-28T15:51:39.443240+00:00,GET /runs/{id},GET,200,57.292,True
2026-09-28T15:51:39.484823+00:00,GET /runs/{id},GET,200,43.025,True
2026-09-28T15:51:39.499910+00:00,GET /runs/{id},GET,200,38.651,True
2026-09-28T15:51:39.188184+00:00,GET /workflows,GET,200,352.229,True
2026-09-28T15:51:39.486413+00:00,GET /runs/{id},GET,200,53.937,True
2026-09-28T15:51:39.527928+00:00,POST /workflows/{id}/validate,POST,200,49.846,True
2026-09-28T15:51:39.540441+00:00,GET /workflows/{id},GET,200,38.283,True
2026-09-28T15:51:39.540441+00:00,GET /runs/{id},GET,200,44.948,True
2026-09-28T15:51:39.539443+00:00,GET /runs/{id}/logs,GET,200,51.562,True
2026-09-28T15:51:39.578332+00:00,GET /workflows/{id},GET,200,30.681,True
2026-09-28T15:51:39.578332+00:00,GET /runs/{id}/logs,GET,200,51.590,True
2026-09-28T15:51:39.609291+00:00,GET /agents/catalog,GET,200,37.636,True
2026-09-28T15:51:39.398827+00:00,GET /workflows,GET,200,258.440,True
2026-09-28T15:51:39.585259+00:00,PUT /workflows/{id},PUT,200,87.789,True
2026-09-28T15:51:39.629953+00:00,GET /runs/{id}/logs,GET,200,63.325,True
2026-09-28T15:51:39.656769+00:00,GET /runs/{id}/logs,GET,200,64.942,True
2026-09-28T15:51:39.645803+00:00,GET /runs/{id},GET,200,77.201,True
2026-09-28T15:51:39.673016+00:00,GET /runs/{id}/logs,GET,200,56.581,True
2026-09-28T15:51:39.480260+00:00,GET /workflows,GET,200,259.140,True
2026-09-28T15:51:39.485834+00:00,GET /workflows,GET,200,264.764,True
2026-09-28T15:51:39.693294+00:00,GET /runs/{id}/logs,GET,200,62.822,True
2026-09-28T15:51:39.722160+00:00,GET /workflows/{id},GET,200,39.296,True
2026-09-28T15:51:39.497912+00:00,GET /workflows,GET,200,264.530,True
2026-09-28T15:51:39.723157+00:00,GET /runs/{id},GET,200,50.529,True
2026-09-28T15:51:39.730182+00:00,GET /runs/{id}/logs,GET,200,48.870,True
2026-09-28T15:51:39.774422+00:00,GET /health,GET,200,10.086,True
2026-09-28T15:51:39.739194+00:00,POST /workflows/{id}/validate,POST,200,45.323,True
2026-09-28T15:51:39.762147+00:00,GET /workflows/{id},GET,200,23.018,True
2026-09-28T15:51:39.778933+00:00,GET /health,GET,200,7.547,True
2026-09-28T15:51:39.761147+00:00,GET /runs/{id},GET,200,39.663,True
2026-09-28T15:51:39.784633+00:00,GET /runs/{id},GET,200,36.385,True
2026-09-28T15:51:39.784633+00:00,GET /runs/{id}/logs,GET,200,51.492,True
2026-09-28T15:51:39.786633+00:00,GET /runs/{id},GET,200,52.950,True
2026-09-28T15:51:39.839462+00:00,GET /health,GET,200,9.847,True
2026-09-28T15:51:39.590777+00:00,GET /workflows,GET,200,260.409,True
2026-09-28T15:51:39.850501+00:00,GET /health,GET,200,5.762,True
2026-09-28T15:51:39.820451+00:00,POST /workflows/{id}/validate,POST,200,44.650,True
2026-09-28T15:51:39.836924+00:00,GET /runs/{id},GET,200,38.009,True
2026-09-28T15:51:39.848500+00:00,POST /workflows/{id}/validate,POST,200,75.521,True
2026-09-28T15:51:39.857181+00:00,GET /runs/{id},GET,200,75.442,True
2026-09-28T15:51:39.865310+00:00,GET /runs/{id},GET,200,76.821,True
2026-09-28T15:51:39.874843+00:00,POST /workflows/{id}/validate,POST,200,71.264,True
2026-09-28T15:51:39.924891+00:00,GET /runs/{id},GET,200,41.015,True
2026-09-28T15:51:39.756146+00:00,GET /workflows,GET,200,231.120,True
2026-09-28T15:51:39.942598+00:00,GET /runs/{id}/logs,GET,200,50.003,True
2026-09-28T15:51:39.946272+00:00,GET /runs/{id}/logs,GET,200,47.073,True
2026-09-28T15:51:39.750752+00:00,GET /workflows,GET,200,250.991,True
2026-09-28T15:51:39.987198+00:00,GET /runs/{id},GET,200,40.864,True
2026-09-28T15:51:40.001441+00:00,GET /workflows/{id},GET,200,33.454,True
2026-09-28T15:51:39.992376+00:00,GET /runs/{id},GET,200,46.581,True
2026-09-28T15:51:39.800475+00:00,GET /workflows,GET,200,246.773,True
2026-09-28T15:51:40.047234+00:00,GET /health,GET,200,10.203,True
2026-09-28T15:51:39.784633+00:00,GET /workflows,GET,200,273.830,True
2026-09-28T15:51:39.992922+00:00,PUT /workflows/{id},PUT,200,75.365,True
2026-09-28T15:51:40.057864+00:00,GET /health,GET,200,10.712,True
2026-09-28T15:51:40.068556+00:00,GET /health,GET,200,10.236,True
2026-09-28T15:51:40.035247+00:00,GET /agents/catalog,GET,200,44.079,True
2026-09-28T15:51:40.039245+00:00,POST /workflows/{id}/validate,POST,200,55.279,True
2026-09-28T15:51:40.058911+00:00,GET /runs/{id},GET,200,41.312,True
2026-09-28T15:51:40.068556+00:00,GET /workflows/{id},GET,200,38.175,True
2026-09-28T15:51:40.094615+00:00,GET /workflows/{id},GET,200,63.403,True
2026-09-28T15:51:40.078614+00:00,GET /runs/{id}/logs,GET,200,79.259,True
2026-09-28T15:51:40.099615+00:00,GET /runs/{id},GET,200,60.595,True
2026-09-28T15:51:40.106615+00:00,GET /workflows/{id},GET,200,53.909,True
2026-09-28T15:51:40.159564+00:00,GET /health,GET,200,14.021,True
2026-09-28T15:51:39.931890+00:00,GET /workflows,GET,200,250.122,True
2026-09-28T15:51:40.174947+00:00,GET /workflows/{id},GET,200,36.552,True
2026-09-28T15:51:39.965289+00:00,GET /workflows,GET,200,254.602,True
2026-09-28T15:51:40.156880+00:00,GET /runs/{id},GET,200,67.122,True
2026-09-28T15:51:40.182331+00:00,POST /workflows/{id}/validate,POST,200,48.291,True
2026-09-28T15:51:40.156880+00:00,GET /runs/{id},GET,200,84.754,True
2026-09-28T15:51:40.211190+00:00,GET /workflows/{id},GET,200,49.966,True
2026-09-28T15:51:40.224283+00:00,GET /runs/{id},GET,200,84.724,True
2026-09-28T15:51:40.230665+00:00,GET /runs/{id},GET,200,87.012,True
2026-09-28T15:51:40.260500+00:00,GET /runs/{id},GET,200,75.701,True
2026-09-28T15:51:40.028000+00:00,GET /workflows,GET,200,310.433,True
2026-09-28T15:51:40.316797+00:00,GET /runs/{id},GET,200,66.425,True
2026-09-28T15:51:40.336779+00:00,GET /runs/{id}/logs,GET,200,75.249,True
2026-09-28T15:51:40.338249+00:00,GET /runs/{id},GET,200,73.620,True
2026-09-28T15:51:40.384593+00:00,PUT /workflows/{id},PUT,200,96.040,True
2026-09-28T15:51:40.079617+00:00,GET /workflows,GET,200,401.361,True
2026-09-28T15:51:40.412807+00:00,PUT /workflows/{id},PUT,200,150.128,True
2026-09-28T15:51:40.160988+00:00,GET /workflows,GET,200,413.094,True
2026-09-28T15:51:40.573421+00:00,GET /workflows/{id},GET,200,35.110,True
2026-09-28T15:51:40.242862+00:00,GET /workflows,GET,200,417.175,True
2026-09-28T15:51:40.609128+00:00,GET /workflows/{id},GET,200,68.846,True
2026-09-28T15:51:40.219669+00:00,GET /workflows,GET,200,457.957,True
2026-09-28T15:51:40.677534+00:00,GET /health,GET,200,12.937,True
2026-09-28T15:51:40.678539+00:00,GET /runs/{id},GET,200,53.224,True
2026-09-28T15:51:40.309929+00:00,GET /workflows,GET,200,439.930,True
2026-09-28T15:51:40.730981+00:00,GET /runs/{id},GET,200,80.416,True
2026-09-28T15:51:40.749704+00:00,GET /runs/{id}/logs,GET,200,62.406,True
2026-09-28T15:51:40.811393+00:00,GET /health,GET,200,12.305,True
2026-09-28T15:51:40.412288+00:00,GET /workflows,GET,200,432.026,True
2026-09-28T15:51:40.690857+00:00,PUT /workflows/{id},PUT,200,173.856,True
2026-09-28T15:51:40.480378+00:00,GET /workflows,GET,200,408.958,True
2026-09-28T15:51:40.844552+00:00,GET /runs/{id}/logs,GET,200,77.523,True
2026-09-28T15:51:40.824025+00:00,GET /runs/{id},GET,200,116.628,True
2026-09-28T15:51:40.812399+00:00,PUT /workflows/{id},PUT,200,153.011,True
2026-09-28T15:51:40.480378+00:00,GET /workflows,GET,200,485.569,True
2026-09-28T15:51:40.562808+00:00,GET /workflows,GET,200,416.315,True
2026-09-28T15:51:40.888956+00:00,GET /runs/{id},GET,200,97.628,True
2026-09-28T15:51:40.964654+00:00,POST /workflows/{id}/validate,POST,200,74.966,True
2026-09-28T15:51:40.920646+00:00,GET /runs/{id}/logs,GET,200,124.410,True
2026-09-28T15:51:40.965652+00:00,GET /runs/{id},GET,200,80.804,True
2026-09-28T15:51:40.658922+00:00,GET /workflows,GET,200,400.862,True
2026-09-28T15:51:40.987189+00:00,GET /runs/{id},GET,200,85.148,True
2026-09-28T15:51:41.060318+00:00,GET /health,GET,200,20.765,True
2026-09-28T15:51:40.978842+00:00,PUT /workflows/{id},PUT,200,115.245,True
2026-09-28T15:51:41.039190+00:00,GET /runs/{id}/logs,GET,200,88.275,True
2026-09-28T15:51:41.080547+00:00,GET /workflows/{id},GET,200,56.942,True
2026-09-28T15:51:41.138189+00:00,GET /health,GET,200,13.702,True
2026-09-28T15:51:41.046279+00:00,GET /runs/{id},GET,200,106.537,True
2026-09-28T15:51:41.072385+00:00,GET /runs/{id},GET,200,83.950,True
2026-09-28T15:51:41.094156+00:00,PUT /workflows/{id},PUT,200,101.276,True
2026-09-28T15:51:41.128026+00:00,GET /runs/{id}/logs,GET,200,68.164,True
2026-09-28T15:51:41.156567+00:00,GET /runs/{id}/logs,GET,200,63.576,True
2026-09-28T15:51:41.152008+00:00,GET /runs/{id},GET,200,74.313,True
2026-09-28T15:51:41.196664+00:00,GET /runs/{id},GET,200,44.596,True
2026-09-28T15:51:40.864259+00:00,GET /workflows,GET,200,402.044,True
2026-09-28T15:51:41.220298+00:00,GET /runs/{id}/logs,GET,200,46.839,True
2026-09-28T15:51:41.241479+00:00,GET /agents/catalog,GET,200,35.240,True
2026-09-28T15:51:41.226298+00:00,GET /runs/{id}/logs,GET,200,51.293,True
2026-09-28T15:51:41.266432+00:00,GET /agents/catalog,GET,200,28.089,True
2026-09-28T15:51:40.941123+00:00,GET /workflows,GET,200,361.734,True
2026-09-28T15:51:41.276559+00:00,GET /runs/{id}/logs,GET,200,40.142,True
2026-09-28T15:51:41.266432+00:00,GET /runs/{id},GET,200,50.584,True
2026-09-28T15:51:41.277558+00:00,GET /runs/{id},GET,200,45.333,True
2026-09-28T15:51:41.046787+00:00,GET /workflows,GET,200,280.693,True
2026-09-28T15:51:41.294590+00:00,GET /runs/{id}/logs,GET,200,46.792,True
2026-09-28T15:51:41.302594+00:00,GET /runs/{id}/logs,GET,200,43.810,True
2026-09-28T15:51:41.341033+00:00,GET /health,GET,200,15.028,True
2026-09-28T15:51:41.322598+00:00,GET /runs/{id},GET,200,44.464,True
2026-09-28T15:51:41.345910+00:00,GET /workflows/{id},GET,200,35.362,True
2026-09-28T15:51:41.356055+00:00,POST /workflows/{id}/validate,POST,200,35.210,True
2026-09-28T15:51:41.317590+00:00,PUT /workflows/{id},PUT,200,74.980,True
2026-09-28T15:51:41.153019+00:00,GET /workflows,GET,200,255.859,True
2026-09-28T15:51:41.381517+00:00,POST /workflows/{id}/validate,POST,200,51.673,True
2026-09-28T15:51:41.392772+00:00,GET /agents/catalog,GET,200,54.490,True
2026-09-28T15:51:41.195607+00:00,GET /workflows,GET,200,257.593,True
2026-09-28T15:51:41.391771+00:00,GET /runs/{id}/logs,GET,200,63.911,True
2026-09-28T15:51:41.407982+00:00,GET /runs/{id},GET,200,61.013,True
2026-09-28T15:51:41.433547+00:00,GET /workflows/{id},GET,200,51.799,True
2026-09-28T15:51:41.447351+00:00,GET /workflows/{id},GET,200,49.248,True
2026-09-28T15:51:41.455888+00:00,POST /workflows/{id}/validate,POST,200,71.842,True
2026-09-28T15:51:41.485018+00:00,GET /workflows/{id},GET,200,59.409,True
2026-09-28T15:51:41.496596+00:00,GET /runs/{id},GET,200,64.227,True
2026-09-28T15:51:41.469734+00:00,PUT /workflows/{id},PUT,200,91.595,True
2026-09-28T15:51:41.527918+00:00,GET /workflows/{id},GET,200,43.830,True
2026-09-28T15:51:41.544111+00:00,GET /workflows/{id},GET,200,53.005,True
2026-09-28T15:51:41.560862+00:00,GET /runs/{id}/logs,GET,200,51.087,True
2026-09-28T15:51:41.327590+00:00,GET /workflows,GET,200,295.583,True
2026-09-28T15:51:41.571548+00:00,GET /runs/{id}/logs,GET,200,64.898,True
2026-09-28T15:51:41.316590+00:00,GET /workflows,GET,200,320.386,True
2026-09-28T15:51:41.560862+00:00,PUT /workflows/{id},PUT,200,95.328,True
2026-09-28T15:51:41.656708+00:00,GET /health,GET,200,11.196,True
2026-09-28T15:51:41.623065+00:00,GET /workflows/{id},GET,200,55.099,True
2026-09-28T15:51:41.367392+00:00,GET /workflows,GET,200,314.743,True
2026-09-28T15:51:41.611234+00:00,GET /runs/{id}/logs,GET,200,75.365,True
2026-09-28T15:51:41.597970+00:00,PUT /workflows/{id},PUT,200,89.752,True
2026-09-28T15:51:41.667739+00:00,GET /runs/{id},GET,200,57.572,True
2026-09-28T15:51:41.678210+00:00,GET /runs/{id},GET,200,64.067,True
2026-09-28T15:51:41.681769+00:00,POST /workflows/{id}/validate,POST,200,60.472,True
2026-09-28T15:51:41.687290+00:00,GET /runs/{id},GET,200,57.117,True
2026-09-28T15:51:41.742269+00:00,GET /agents/catalog,GET,200,42.749,True
2026-09-28T15:51:41.725680+00:00,GET /runs/{id},GET,200,73.903,True
2026-09-28T15:51:41.453268+00:00,GET /workflows,GET,200,350.486,True
2026-09-28T15:51:41.744481+00:00,GET /runs/{id}/logs,GET,200,67.382,True
2026-09-28T15:51:41.802990+00:00,GET /health,GET,200,13.887,True
2026-09-28T15:51:41.812345+00:00,GET /health,GET,200,10.770,True
2026-09-28T15:51:41.798910+00:00,GET /runs/{id}/logs,GET,200,49.547,True
2026-09-28T15:51:41.823043+00:00,GET /runs/{id}/logs,GET,200,38.761,True
2026-09-28T15:51:41.784952+00:00,PUT /workflows/{id},PUT,200,77.639,True
2026-09-28T15:51:41.848701+00:00,GET /runs/{id}/logs,GET,200,47.832,True
2026-09-28T15:51:41.863281+00:00,GET /workflows/{id},GET,200,33.836,True
2026-09-28T15:51:41.860954+00:00,GET /runs/{id},GET,200,48.935,True
2026-09-28T15:51:41.637395+00:00,GET /workflows,GET,200,274.190,True
2026-09-28T15:51:41.635974+00:00,GET /workflows,GET,200,287.890,True
2026-09-28T15:51:41.897019+00:00,GET /workflows/{id},GET,200,29.737,True
2026-09-28T15:51:41.816947+00:00,PUT /workflows/{id},PUT,200,109.506,True
2026-09-28T15:51:41.910533+00:00,GET /workflows/{id},GET,200,29.856,True
2026-09-28T15:51:41.687290+00:00,GET /workflows,GET,200,267.706,True
2026-09-28T15:51:41.910533+00:00,GET /runs/{id}/logs,GET,200,49.173,True
2026-09-28T15:51:41.926194+00:00,GET /runs/{id},GET,200,45.409,True
2026-09-28T15:51:41.927196+00:00,GET /runs/{id},GET,200,52.471,True
2026-09-28T15:51:41.924195+00:00,GET /runs/{id},GET,200,55.381,True
2026-09-28T15:51:41.940889+00:00,GET /runs/{id},GET,200,39.899,True
2026-09-28T15:51:41.954907+00:00,GET /workflows/{id},GET,200,30.635,True
2026-09-28T15:51:41.971911+00:00,POST /workflows/{id}/validate,POST,200,38.584,True
2026-09-28T15:51:41.742269+00:00,GET /workflows,GET,200,276.688,True
2026-09-28T15:51:41.980038+00:00,POST /workflows/{id}/validate,POST,200,42.011,True
2026-09-28T15:51:41.980038+00:00,GET /runs/{id},GET,200,52.335,True
2026-09-28T15:51:41.978903+00:00,GET /runs/{id},GET,200,53.975,True
2026-09-28T15:51:42.018460+00:00,GET /workflows/{id},GET,200,31.730,True
2026-09-28T15:51:42.050909+00:00,GET /health,GET,200,15.594,True
2026-09-28T15:51:42.010694+00:00,GET /runs/{id}/logs,GET,200,63.813,True
2026-09-28T15:51:42.021926+00:00,GET /runs/{id}/logs,GET,200,56.051,True
2026-09-28T15:51:42.032934+00:00,POST /workflows/{id}/validate,POST,200,56.956,True
2026-09-28T15:51:42.032934+00:00,GET /runs/{id}/logs,GET,200,58.048,True
2026-09-28T15:51:42.066263+00:00,GET /workflows/{id},GET,200,55.614,True
2026-09-28T15:51:41.985039+00:00,PUT /workflows/{id},PUT,200,143.535,True
2026-09-28T15:51:41.897019+00:00,GET /workflows,GET,200,277.904,True
2026-09-28T15:51:42.127988+00:00,GET /runs/{id},GET,200,58.630,True
2026-09-28T15:51:42.077425+00:00,PUT /workflows/{id},PUT,200,109.985,True
2026-09-28T15:51:42.122094+00:00,GET /runs/{id},GET,200,70.144,True
2026-09-28T15:51:42.191484+00:00,GET /health,GET,200,6.770,True
2026-09-28T15:51:42.175325+00:00,GET /agents/catalog,GET,200,28.906,True
2026-09-28T15:51:42.198484+00:00,GET /health,GET,200,13.474,True
2026-09-28T15:51:41.960419+00:00,GET /workflows,GET,200,270.998,True
2026-09-28T15:51:42.231551+00:00,GET /health,GET,200,5.008,True
2026-09-28T15:51:42.212727+00:00,GET /runs/{id},GET,200,42.351,True
2026-09-28T15:51:42.187965+00:00,PUT /workflows/{id},PUT,200,71.261,True
2026-09-28T15:51:42.254793+00:00,GET /health,GET,200,8.961,True
2026-09-28T15:51:42.090771+00:00,GET /workflows,GET,200,266.033,True
2026-09-28T15:51:42.236263+00:00,PUT /workflows/{id},PUT,200,135.098,True
2026-09-28T15:51:42.090771+00:00,GET /workflows,GET,200,281.772,True
2026-09-28T15:51:42.073313+00:00,GET /workflows,GET,200,298.579,True
2026-09-28T15:51:42.356423+00:00,POST /workflows/{id}/validate,POST,200,34.491,True
2026-09-28T15:51:42.372619+00:00,GET /runs/{id}/logs,GET,200,30.084,True
2026-09-28T15:51:42.372619+00:00,GET /runs/{id}/logs,GET,200,33.557,True
2026-09-28T15:51:42.402328+00:00,GET /agents/catalog,GET,200,24.098,True
2026-09-28T15:51:42.186966+00:00,GET /workflows,GET,200,243.087,True
2026-09-28T15:51:42.426987+00:00,GET /health,GET,200,8.680,True
2026-09-28T15:51:42.204061+00:00,GET /workflows,GET,200,253.478,True
2026-09-28T15:51:42.435200+00:00,GET /runs/{id},GET,200,43.620,True
2026-09-28T15:51:42.430179+00:00,GET /runs/{id}/logs,GET,200,51.499,True
2026-09-28T15:51:42.258800+00:00,GET /workflows,GET,200,229.714,True
2026-09-28T15:51:42.391253+00:00,PUT /workflows/{id},PUT,200,104.760,True
2026-09-28T15:51:42.457741+00:00,PUT /workflows/{id},PUT,200,66.963,True
2026-09-28T15:51:42.489054+00:00,GET /runs/{id},GET,200,35.673,True
2026-09-28T15:51:42.482537+00:00,GET /runs/{id}/logs,GET,200,44.666,True
2026-09-28T15:51:42.263799+00:00,GET /workflows,GET,200,263.875,True
2026-09-28T15:51:42.524575+00:00,GET /health,GET,200,9.919,True
2026-09-28T15:51:42.495192+00:00,PUT /workflows/{id},PUT,200,61.164,True
2026-09-28T15:51:42.533615+00:00,GET /workflows/{id},GET,200,36.205,True
2026-09-28T15:51:42.526618+00:00,GET /runs/{id},GET,200,46.551,True
2026-09-28T15:51:42.527615+00:00,GET /runs/{id}/logs,GET,200,49.498,True
2026-09-28T15:51:42.570583+00:00,GET /health,GET,200,8.212,True
2026-09-28T15:51:42.524575+00:00,GET /runs/{id},GET,200,56.669,True
2026-09-28T15:51:42.479525+00:00,PUT /workflows/{id},PUT,200,108.612,True
2026-09-28T15:51:42.580985+00:00,GET /health,GET,200,8.660,True
2026-09-28T15:51:42.371608+00:00,GET /workflows,GET,200,218.622,True
2026-09-28T15:51:42.577188+00:00,GET /runs/{id},GET,200,33.628,True
2026-09-28T15:51:42.578191+00:00,GET /runs/{id},GET,200,32.219,True
2026-09-28T15:51:42.557078+00:00,PUT /workflows/{id},PUT,200,69.752,True
2026-09-28T15:51:42.572619+00:00,PUT /workflows/{id},PUT,500,54.018,False
2026-09-28T15:51:42.587671+00:00,GET /runs/{id}/logs,GET,200,40.989,True
2026-09-28T15:51:42.406331+00:00,GET /workflows,GET,200,223.704,True
2026-09-28T15:51:42.589671+00:00,GET /runs/{id},GET,200,40.742,True
2026-09-28T15:51:42.629162+00:00,GET /health,GET,200,10.255,True
2026-09-28T15:51:42.610815+00:00,GET /runs/{id}/logs,GET,200,35.005,True
2026-09-28T15:51:42.638983+00:00,GET /health,GET,200,12.114,True
2026-09-28T15:51:42.627037+00:00,GET /runs/{id},GET,200,45.361,True
2026-09-28T15:51:42.629162+00:00,GET /runs/{id}/logs,GET,200,43.543,True
2026-09-28T15:51:42.645697+00:00,GET /workflows/{id},GET,200,41.617,True
2026-09-28T15:51:42.673715+00:00,GET /workflows/{id},GET,200,25.682,True
2026-09-28T15:51:42.627037+00:00,PUT /workflows/{id},PUT,200,76.998,True
2026-09-28T15:51:42.699706+00:00,GET /runs/{id},GET,200,43.798,True
2026-09-28T15:51:42.743349+00:00,GET /workflows/{id},GET,200,24.350,True
2026-09-28T15:51:42.589671+00:00,GET /workflows,GET,200,195.351,True
2026-09-28T15:51:42.687999+00:00,PUT /workflows/{id},PUT,200,109.459,True
2026-09-28T15:51:42.797323+00:00,GET /health,GET,200,10.613,True
2026-09-28T15:51:42.785320+00:00,GET /runs/{id},GET,200,47.852,True
2026-09-28T15:51:42.610815+00:00,GET /workflows,GET,200,229.583,True
2026-09-28T15:51:42.630679+00:00,GET /workflows,GET,200,243.481,True
2026-09-28T15:51:42.840554+00:00,GET /runs/{id}/logs,GET,200,51.113,True
2026-09-28T15:51:42.651166+00:00,GET /workflows,GET,200,248.675,True
2026-09-28T15:51:42.807790+00:00,PUT /workflows/{id},PUT,500,100.827,False
2026-09-28T15:51:42.908136+00:00,GET /runs/{id},GET,0,0.497,False
2026-09-28T15:51:42.833225+00:00,PUT /workflows/{id},PUT,200,78.216,True
2026-09-28T15:51:42.672210+00:00,GET /workflows,GET,200,253.738,True
2026-09-28T15:51:42.703919+00:00,GET /workflows,GET,200,226.327,True
2026-09-28T15:51:42.874827+00:00,PUT /workflows/{id},PUT,200,55.885,True
2026-09-28T15:51:42.891117+00:00,GET /runs/{id}/logs,GET,200,52.649,True
2026-09-28T15:51:42.909133+00:00,POST /workflows/{id}/validate,POST,200,42.503,True
2026-09-28T15:51:42.910638+00:00,GET /runs/{id},GET,200,40.747,True
2026-09-28T15:51:42.930655+00:00,GET /workflows/{id},GET,200,26.364,True
2026-09-28T15:51:42.926645+00:00,GET /workflows/{id},GET,200,32.579,True
2026-09-28T15:51:42.767914+00:00,GET /workflows,GET,200,202.599,True
2026-09-28T15:51:42.951635+00:00,GET /health,GET,200,22.878,True
2026-09-28T15:51:42.944111+00:00,GET /runs/{id},GET,200,35.147,True
2026-09-28T15:51:42.970354+00:00,GET /health,GET,200,19.824,True
2026-09-28T15:51:42.956344+00:00,GET /agents/catalog,GET,200,35.840,True
2026-09-28T15:51:42.978896+00:00,GET /runs/{id}/logs,GET,200,32.720,True
2026-09-28T15:51:42.951635+00:00,PUT /workflows/{id},PUT,200,64.718,True
2026-09-28T15:51:43.011670+00:00,GET /workflows/{id},GET,200,17.796,True
2026-09-28T15:51:43.016052+00:00,GET /workflows/{id},GET,200,15.225,True
2026-09-28T15:51:43.029870+00:00,GET /runs/{id},GET,200,43.997,True
2026-09-28T15:51:42.992556+00:00,PUT /workflows/{id},PUT,500,113.793,False
2026-09-28T15:51:43.105808+00:00,GET /workflows/{id},GET,0,1.249,False
2026-09-28T15:51:42.989863+00:00,PUT /workflows/{id},PUT,200,120.680,True
2026-09-28T15:51:42.900132+00:00,GET /workflows,GET,200,212.469,True
2026-09-28T15:51:43.073111+00:00,GET /runs/{id},GET,200,60.417,True
2026-09-28T15:51:42.929643+00:00,GET /workflows,GET,200,222.350,True
2026-09-28T15:51:43.111943+00:00,GET /runs/{id},GET,200,49.961,True
2026-09-28T15:51:43.107941+00:00,GET /runs/{id}/logs,GET,200,58.267,True
2026-09-28T15:51:43.162353+00:00,GET /health,GET,200,9.071,True
2026-09-28T15:51:43.165963+00:00,GET /health,GET,200,8.953,True
2026-09-28T15:51:43.110942+00:00,PUT /workflows/{id},PUT,200,68.280,True
2026-09-28T15:51:42.959350+00:00,GET /workflows,GET,200,228.622,True
2026-09-28T15:51:43.151806+00:00,GET /workflows/{id},GET,200,36.360,True
2026-09-28T15:51:43.188294+00:00,GET /health,GET,200,8.283,True
2026-09-28T15:51:43.187288+00:00,GET /health,GET,200,9.428,True
2026-09-28T15:51:43.171180+00:00,GET /workflows/{id},GET,200,32.617,True
2026-09-28T15:51:43.196740+00:00,GET /health,GET,200,6.970,True
2026-09-28T15:51:42.973866+00:00,GET /workflows,GET,200,242.854,True
2026-09-28T15:51:43.174677+00:00,GET /runs/{id},GET,200,50.417,True
2026-09-28T15:51:43.133924+00:00,PUT /workflows/{id},PUT,200,95.539,True
2026-09-28T15:51:43.196740+00:00,GET /agents/catalog,GET,200,36.134,True
2026-09-28T15:51:43.203743+00:00,GET /runs/{id},GET,200,44.870,True
2026-09-28T15:51:43.229786+00:00,GET /workflows/{id},GET,200,28.736,True
2026-09-28T15:51:43.178869+00:00,PUT /workflows/{id},PUT,200,80.494,True
2026-09-28T15:51:43.031375+00:00,GET /workflows,GET,200,237.928,True
2026-09-28T15:51:43.225271+00:00,PUT /workflows/{id},PUT,200,54.709,True
2026-09-28T15:51:43.249016+00:00,PUT /workflows/{id},PUT,200,50.955,True
2026-09-28T15:51:43.270137+00:00,GET /runs/{id}/logs,GET,200,43.222,True
2026-09-28T15:51:43.279654+00:00,GET /agents/catalog,GET,200,33.765,True
2026-09-28T15:51:43.259126+00:00,PUT /workflows/{id},PUT,500,54.544,False
2026-09-28T15:51:43.232746+00:00,PUT /workflows/{id},PUT,200,85.890,True
2026-09-28T15:51:43.312506+00:00,GET /health,GET,200,8.102,True
2026-09-28T15:51:43.320638+00:00,GET /workflows/{id},GET,200,21.123,True
2026-09-28T15:51:43.313631+00:00,GET /runs/{id},GET,200,37.415,True
2026-09-28T15:51:43.313631+00:00,POST /workflows/{id}/validate,POST,200,49.308,True
2026-09-28T15:51:43.342665+00:00,POST /workflows/{id}/validate,POST,200,39.074,True
2026-09-28T15:51:43.363328+00:00,GET /runs/{id}/logs,GET,200,36.843,True
2026-09-28T15:51:43.216960+00:00,GET /workflows,GET,200,183.131,True
2026-09-28T15:51:43.380963+00:00,GET /workflows/{id},GET,200,27.201,True
2026-09-28T15:51:43.203743+00:00,GET /workflows,GET,200,207.780,True
2026-09-28T15:51:43.400039+00:00,GET /runs/{id}/logs,GET,200,39.433,True
2026-09-28T15:51:43.408610+00:00,GET /runs/{id},GET,200,37.155,True
2026-09-28T15:51:43.411589+00:00,GET /runs/{id}/logs,GET,200,37.729,True
2026-09-28T15:51:43.258578+00:00,GET /workflows,GET,200,195.819,True
2026-09-28T15:51:43.400039+00:00,PUT /workflows/{id},PUT,200,61.233,True
2026-09-28T15:51:43.461202+00:00,GET /health,GET,200,6.146,True
2026-09-28T15:51:43.439962+00:00,POST /workflows/{id}/validate,POST,200,36.426,True
2026-09-28T15:51:43.454245+00:00,GET /workflows/{id},GET,200,30.825,True
2026-09-28T15:51:43.449214+00:00,GET /runs/{id},GET,200,44.642,True
2026-09-28T15:51:43.445352+00:00,GET /runs/{id},GET,200,48.941,True
2026-09-28T15:51:43.467259+00:00,POST /workflows/{id}/validate,POST,200,41.160,True
2026-09-28T15:51:43.476032+00:00,GET /runs/{id}/logs,GET,200,40.533,True
2026-09-28T15:51:43.515947+00:00,GET /health,GET,200,6.738,True
2026-09-28T15:51:43.299503+00:00,GET /workflows,GET,200,233.825,True
2026-09-28T15:51:43.318635+00:00,GET /workflows,GET,200,220.422,True
2026-09-28T15:51:43.508707+00:00,GET /runs/{id}/logs,GET,200,48.795,True
2026-09-28T15:51:43.494207+00:00,PUT /workflows/{id},PUT,200,68.881,True
2026-09-28T15:51:43.523084+00:00,GET /runs/{id},GET,200,56.939,True
2026-09-28T15:51:43.533489+00:00,GET /runs/{id},GET,200,51.920,True
2026-09-28T15:51:43.539511+00:00,GET /agents/catalog,GET,200,47.001,True
2026-09-28T15:51:43.563078+00:00,GET /workflows/{id},GET,200,34.215,True
2026-09-28T15:51:43.350900+00:00,GET /workflows,GET,200,251.325,True
2026-09-28T15:51:43.580339+00:00,GET /runs/{id}/logs,GET,200,43.954,True
2026-09-28T15:51:43.585401+00:00,GET /runs/{id},GET,200,45.670,True
2026-09-28T15:51:43.602637+00:00,GET /workflows/{id},GET,200,31.512,True
2026-09-28T15:51:43.586403+00:00,GET /runs/{id},GET,200,49.136,True
2026-09-28T15:51:43.634305+00:00,GET /agents/catalog,GET,200,32.792,True
2026-09-28T15:51:43.635302+00:00,GET /agents/catalog,GET,200,31.895,True
2026-09-28T15:51:43.630793+00:00,PUT /workflows/{id},PUT,200,61.516,True
2026-09-28T15:51:43.667122+00:00,GET /runs/{id}/logs,GET,200,43.922,True
2026-09-28T15:51:43.711643+00:00,GET /health,GET,200,7.283,True
2026-09-28T15:51:43.667122+00:00,GET /runs/{id},GET,200,58.221,True
2026-09-28T15:51:43.485172+00:00,GET /workflows,GET,200,242.589,True
2026-09-28T15:51:43.693335+00:00,GET /workflows/{id},GET,200,40.392,True
2026-09-28T15:51:43.494207+00:00,GET /workflows,GET,200,253.400,True
2026-09-28T15:51:43.724829+00:00,GET /workflows/{id},GET,200,29.941,True
2026-09-28T15:51:43.727650+00:00,GET /agents/catalog,GET,200,27.867,True
2026-09-28T15:51:43.754280+00:00,GET /health,GET,200,19.169,True
2026-09-28T15:51:43.733258+00:00,GET /agents/catalog,GET,200,48.423,True
2026-09-28T15:51:43.558264+00:00,GET /workflows,GET,200,241.545,True
2026-09-28T15:51:43.799303+00:00,GET /health,GET,200,14.532,True
2026-09-28T15:51:43.747018+00:00,PUT /workflows/{id},PUT,200,73.177,True
2026-09-28T15:51:43.718826+00:00,PUT /workflows/{id},PUT,500,114.531,False
2026-09-28T15:51:43.832891+00:00,GET /runs/{id},GET,0,2.686,False
2026-09-28T15:51:43.781788+00:00,GET /runs/{id},GET,200,54.892,True
2026-09-28T15:51:43.774314+00:00,GET /runs/{id},GET,200,63.611,True
2026-09-28T15:51:43.597408+00:00,GET /workflows,GET,200,243.020,True
2026-09-28T15:51:43.840505+00:00,GET /health,GET,200,8.957,True
2026-09-28T15:51:43.813979+00:00,GET /runs/{id}/logs,GET,200,44.640,True
2026-09-28T15:51:43.624660+00:00,GET /workflows,GET,200,245.502,True
2026-09-28T15:51:43.836894+00:00,GET /workflows/{id},GET,200,35.913,True
2026-09-28T15:51:43.835893+00:00,GET /workflows/{id},GET,200,37.582,True
2026-09-28T15:51:43.819728+00:00,GET /runs/{id},GET,200,56.468,True
2026-09-28T15:51:43.837894+00:00,GET /workflows/{id},GET,200,41.834,True
2026-09-28T15:51:43.858002+00:00,GET /workflows/{id},GET,200,34.280,True
2026-09-28T15:51:43.869500+00:00,GET /workflows/{id},GET,200,33.158,True
2026-09-28T15:51:43.872890+00:00,GET /workflows/{id},GET,200,30.058,True
2026-09-28T15:51:43.872890+00:00,GET /workflows/{id},GET,200,31.215,True
2026-09-28T15:51:43.877211+00:00,GET /runs/{id},GET,200,33.413,True
2026-09-28T15:51:43.880207+00:00,GET /runs/{id},GET,200,34.272,True
2026-09-28T15:51:43.910556+00:00,GET /health,GET,200,8.608,True
2026-09-28T15:51:43.903559+00:00,GET /runs/{id},GET,200,31.582,True
2026-09-28T15:51:43.903559+00:00,GET /runs/{id}/logs,GET,200,32.781,True
2026-09-28T15:51:43.936558+00:00,GET /health,GET,200,10.103,True
2026-09-28T15:51:43.919559+00:00,GET /workflows/{id},GET,200,27.691,True
2026-09-28T15:51:43.913556+00:00,GET /runs/{id}/logs,GET,200,74.788,True
2026-09-28T15:51:43.755807+00:00,GET /workflows,GET,200,243.956,True
2026-09-28T15:51:43.935557+00:00,GET /runs/{id},GET,200,72.962,True
2026-09-28T15:51:43.989190+00:00,GET /agents/catalog,GET,200,25.638,True
2026-09-28T15:51:43.946309+00:00,GET /runs/{id},GET,200,70.188,True
2026-09-28T15:51:43.947310+00:00,GET /runs/{id},GET,200,70.214,True
2026-09-28T15:51:43.892558+00:00,PUT /workflows/{id},PUT,200,144.239,True
2026-09-28T15:51:44.007720+00:00,GET /runs/{id},GET,200,37.150,True
2026-09-28T15:51:44.016727+00:00,GET /runs/{id},GET,200,36.404,True
2026-09-28T15:51:44.014734+00:00,GET /runs/{id},GET,200,42.404,True
2026-09-28T15:51:44.037255+00:00,GET /runs/{id},GET,200,34.123,True
2026-09-28T15:51:44.044886+00:00,GET /runs/{id}/logs,GET,200,41.399,True
2026-09-28T15:51:44.053754+00:00,GET /workflows/{id},GET,200,33.874,True
2026-09-28T15:51:44.056635+00:00,GET /runs/{id},GET,200,41.829,True
2026-09-28T15:51:43.849510+00:00,GET /workflows,GET,200,251.624,True
2026-09-28T15:51:44.087692+00:00,GET /runs/{id}/logs,GET,200,42.333,True
2026-09-28T15:51:44.086693+00:00,POST /workflows/{id}/validate,POST,200,49.157,True
2026-09-28T15:51:44.098328+00:00,GET /runs/{id},GET,200,51.423,True
2026-09-28T15:51:44.101838+00:00,GET /runs/{id}/logs,GET,200,61.893,True
2026-09-28T15:51:43.902568+00:00,GET /workflows,GET,200,280.656,True
2026-09-28T15:51:44.129170+00:00,GET /runs/{id},GET,200,59.617,True
2026-09-28T15:51:44.150459+00:00,GET /runs/{id},GET,200,51.007,True
2026-09-28T15:51:44.189375+00:00,GET /health,GET,200,12.766,True
2026-09-28T15:51:44.135555+00:00,PUT /workflows/{id},PUT,200,83.436,True
2026-09-28T15:51:44.183994+00:00,GET /runs/{id}/logs,GET,200,50.647,True
2026-09-28T15:51:44.201359+00:00,GET /workflows/{id},GET,200,36.723,True
2026-09-28T15:51:43.999213+00:00,GET /workflows,GET,200,246.081,True
2026-09-28T15:51:44.201359+00:00,GET /workflows/{id},GET,200,47.991,True
2026-09-28T15:51:44.238314+00:00,GET /health,GET,200,12.660,True
2026-09-28T15:51:44.250666+00:00,GET /health,GET,200,8.278,True
2026-09-28T15:51:44.219861+00:00,GET /runs/{id},GET,200,46.128,True
2026-09-28T15:51:44.259178+00:00,GET /health,GET,200,8.876,True
2026-09-28T15:51:44.265311+00:00,GET /health,GET,200,8.785,True
2026-09-28T15:51:44.234648+00:00,GET /runs/{id},GET,200,46.560,True
2026-09-28T15:51:44.016727+00:00,GET /workflows,GET,200,265.069,True
2026-09-28T15:51:44.281296+00:00,GET /health,GET,200,5.822,True
2026-09-28T15:51:44.267700+00:00,GET /workflows/{id},GET,200,27.794,True
2026-09-28T15:51:44.286296+00:00,GET /workflows/{id},GET,200,17.987,True
2026-09-28T15:51:44.249661+00:00,PUT /workflows/{id},PUT,200,60.649,True
2026-09-28T15:51:44.295299+00:00,GET /workflows/{id},GET,200,19.259,True
2026-09-28T15:51:44.071525+00:00,GET /workflows,GET,200,250.681,True
2026-09-28T15:51:44.304299+00:00,GET /agents/catalog,GET,200,25.930,True
2026-09-28T15:51:44.314616+00:00,GET /runs/{id},GET,200,36.090,True
2026-09-28T15:51:44.330797+00:00,GET /runs/{id},GET,200,36.641,True
2026-09-28T15:51:44.273873+00:00,PUT /workflows/{id},PUT,200,101.537,True
2026-09-28T15:51:44.351366+00:00,GET /runs/{id},GET,200,43.413,True
2026-09-28T15:51:44.366987+00:00,POST /workflows/{id}/validate,POST,200,28.024,True
2026-09-28T15:51:44.376006+00:00,GET /agents/catalog,GET,200,24.606,True
2026-09-28T15:51:44.163202+00:00,GET /workflows,GET,200,239.693,True
2026-09-28T15:51:44.394645+00:00,GET /health,GET,200,9.345,True
2026-09-28T15:51:44.400634+00:00,GET /workflows/{id},GET,200,27.950,True
2026-09-28T15:51:44.402655+00:00,GET /runs/{id},GET,200,37.967,True
2026-09-28T15:51:44.403636+00:00,GET /runs/{id},GET,200,37.349,True
2026-09-28T15:51:44.245905+00:00,GET /workflows,GET,200,206.939,True
2026-09-28T15:51:44.428733+00:00,GET /runs/{id}/logs,GET,200,43.015,True
2026-09-28T15:51:44.452504+00:00,GET /workflows/{id},GET,200,30.622,True
2026-09-28T15:51:44.282298+00:00,GET /workflows,GET,200,216.048,True
2026-09-28T15:51:44.441233+00:00,GET /runs/{id},GET,200,57.617,True
2026-09-28T15:51:44.498121+00:00,GET /health,GET,200,10.984,True
2026-09-28T15:51:44.471069+00:00,GET /runs/{id}/logs,GET,200,42.515,True
2026-09-28T15:51:44.483798+00:00,GET /runs/{id},GET,200,38.487,True
2026-09-28T15:51:44.498121+00:00,GET /workflows/{id},GET,200,37.509,True
2026-09-28T15:51:44.310618+00:00,GET /workflows,GET,200,226.016,True
2026-09-28T15:51:44.321627+00:00,GET /workflows,GET,200,219.350,True
2026-09-28T15:51:44.513666+00:00,GET /runs/{id},GET,200,37.670,True
2026-09-28T15:51:44.509135+00:00,GET /runs/{id},GET,200,55.739,True
2026-09-28T15:51:44.541123+00:00,GET /workflows/{id},GET,200,32.556,True
2026-09-28T15:51:44.537124+00:00,GET /workflows/{id},GET,200,41.472,True
2026-09-28T15:51:44.536118+00:00,GET /runs/{id},GET,200,49.467,True
2026-09-28T15:51:44.578446+00:00,GET /health,GET,200,12.064,True
2026-09-28T15:51:44.564304+00:00,GET /workflows/{id},GET,200,27.198,True
2026-09-28T15:51:44.551833+00:00,GET /runs/{id},GET,200,41.597,True
2026-09-28T15:51:44.574406+00:00,GET /runs/{id},GET,200,47.113,True
2026-09-28T15:51:44.395633+00:00,GET /workflows,GET,200,225.886,True
2026-09-28T15:51:44.590135+00:00,GET /runs/{id},GET,200,37.135,True
2026-09-28T15:51:44.592163+00:00,GET /runs/{id},GET,200,37.267,True
2026-09-28T15:51:44.441233+00:00,GET /workflows,GET,200,206.973,True
2026-09-28T15:51:44.521663+00:00,GET /workflows,GET,200,157.179,True
2026-09-28T15:51:44.593145+00:00,GET /workflows,GET,200,101.006,True
2026-09-28T15:51:44.585445+00:00,GET /workflows,GET,200,109.187,True
