timestamp_iso,endpoint,method,status_code,latency_ms,ok
2026-09-28T15:50:44.797540+00:00,POST /workflows/{id}/validate,POST,200,12.855,True
2026-09-28T15:50:44.798545+00:00,GET /workflows,GET,200,12.903,True
2026-09-28T15:50:44.811297+00:00,GET /runs/{id},GET,200,10.620,True
2026-09-28T15:50:44.810295+00:00,GET /runs/{id},GET,200,12.560,True
2026-09-28T15:50:44.814865+00:00,GET /workflows/{id},GET,200,12.104,True
2026-09-28T15:50:44.821864+00:00,GET /agents/catalog,GET,200,10.321,True
2026-09-28T15:50:44.822864+00:00,GET /workflows/{id},GET,200,12.076,True
2026-09-28T15:50:44.831866+00:00,GET /health,GET,200,4.694,True
2026-09-28T15:50:44.826864+00:00,GET /workflows/{id},GET,200,10.808,True
2026-09-28T15:50:44.826864+00:00,GET /runs/{id},GET,200,11.081,True
2026-09-28T15:50:44.836865+00:00,GET /health,GET,200,2.760,True
2026-09-28T15:50:44.836865+00:00,GET /health,GET,200,2.738,True
2026-09-28T15:50:44.834864+00:00,GET /runs/{id}/logs,GET,200,15.269,True
2026-09-28T15:50:44.838866+00:00,GET /workflows/{id},GET,200,15.604,True
2026-09-28T15:50:44.839864+00:00,GET /workflows/{id},GET,200,16.633,True
2026-09-28T15:50:44.836865+00:00,GET /workflows/{id},GET,200,20.725,True
2026-09-28T15:50:44.853869+00:00,GET /health,GET,200,4.008,True
2026-09-28T15:50:44.839864+00:00,POST /workflows/{id}/validate,POST,200,20.677,True
2026-09-28T15:50:44.826864+00:00,GET /workflows,GET,200,42.080,True
2026-09-28T15:50:44.822864+00:00,POST /workflows/{id}/validate,POST,200,48.809,True
2026-09-28T15:50:44.850868+00:00,GET /runs/{id},GET,200,27.408,True
2026-09-28T15:50:44.856868+00:00,GET /runs/{id},GET,200,27.605,True
2026-09-28T15:50:44.857867+00:00,GET /runs/{id},GET,200,27.062,True
2026-09-28T15:50:44.857867+00:00,GET /workflows,GET,200,32.075,True
2026-09-28T15:50:44.885487+00:00,GET /health,GET,200,5.870,True
2026-09-28T15:50:44.868373+00:00,GET /runs/{id}/logs,GET,200,25.968,True
2026-09-28T15:50:44.871374+00:00,GET /runs/{id},GET,200,24.102,True
2026-09-28T15:50:44.831866+00:00,PUT /workflows/{id},PUT,200,70.192,True
2026-09-28T15:50:44.878487+00:00,POST /workflows/{id}/validate,POST,200,26.973,True
2026-09-28T15:50:44.889128+00:00,GET /workflows/{id},GET,200,19.051,True
2026-09-28T15:50:44.884487+00:00,GET /runs/{id}/logs,GET,200,26.172,True
2026-09-28T15:50:44.891133+00:00,GET /runs/{id},GET,200,24.286,True
2026-09-28T15:50:44.895132+00:00,GET /workflows,GET,200,28.271,True
2026-09-28T15:50:44.905203+00:00,GET /runs/{id}/logs,GET,200,25.453,True
2026-09-28T15:50:44.910202+00:00,GET /workflows/{id},GET,200,20.456,True
2026-09-28T15:50:44.908201+00:00,POST /workflows/{id}/validate,POST,200,24.540,True
2026-09-28T15:50:44.902198+00:00,GET /runs/{id}/logs,GET,200,31.317,True
2026-09-28T15:50:44.915202+00:00,GET /workflows/{id},GET,200,20.336,True
2026-09-28T15:50:44.923205+00:00,GET /runs/{id},GET,200,22.051,True
2026-09-28T15:50:44.860373+00:00,PUT /workflows/{id},PUT,200,87.908,True
2026-09-28T15:50:44.931206+00:00,GET /workflows/{id},GET,200,21.919,True
2026-09-28T15:50:44.935708+00:00,GET /runs/{id}/logs,GET,200,24.408,True
2026-09-28T15:50:44.933206+00:00,GET /runs/{id},GET,200,27.323,True
2026-09-28T15:50:44.933206+00:00,POST /workflows/{id}/validate,POST,200,29.165,True
2026-09-28T15:50:44.930205+00:00,GET /workflows,GET,200,34.596,True
2026-09-28T15:50:44.960551+00:00,GET /health,GET,200,8.899,True
2026-09-28T15:50:44.945303+00:00,GET /workflows/{id},GET,200,29.744,True
2026-09-28T15:50:44.953307+00:00,GET /workflows/{id},GET,200,23.428,True
2026-09-28T15:50:44.960551+00:00,GET /workflows/{id},GET,200,22.094,True
2026-09-28T15:50:44.965224+00:00,GET /workflows/{id},GET,200,20.338,True
2026-09-28T15:50:44.948307+00:00,PUT /workflows/{id},PUT,200,47.239,True
2026-09-28T15:50:44.962624+00:00,GET /runs/{id}/logs,GET,200,33.387,True
2026-09-28T15:50:44.895132+00:00,PUT /workflows/{id},PUT,500,100.750,False
2026-09-28T15:50:44.969418+00:00,GET /workflows,GET,200,30.541,True
2026-09-28T15:50:44.975417+00:00,POST /workflows/{id}/validate,POST,200,30.774,True
2026-09-28T15:50:44.974417+00:00,GET /workflows,GET,200,32.449,True
2026-09-28T15:50:44.982800+00:00,GET /agents/catalog,GET,200,25.054,True
2026-09-28T15:50:45.006434+00:00,GET /health,GET,200,6.630,True
2026-09-28T15:50:44.985133+00:00,GET /workflows/{id},GET,200,32.058,True
2026-09-28T15:50:44.995762+00:00,GET /workflows/{id},GET,200,22.996,True
2026-09-28T15:50:44.999004+00:00,GET /runs/{id},GET,200,22.839,True
2026-09-28T15:50:45.022752+00:00,GET /health,GET,200,8.206,True
2026-09-28T15:50:45.006434+00:00,GET /workflows/{id},GET,200,24.902,True
2026-09-28T15:50:44.995762+00:00,GET /workflows,GET,200,37.455,True
2026-09-28T15:50:45.007830+00:00,GET /runs/{id},GET,200,27.518,True
2026-09-28T15:50:45.019135+00:00,GET /workflows/{id},GET,200,21.935,True
2026-09-28T15:50:44.995762+00:00,GET /runs/{id}/logs,GET,200,50.807,True
2026-09-28T15:50:45.040898+00:00,GET /health,GET,200,6.643,True
2026-09-28T15:50:45.013231+00:00,GET /runs/{id},GET,200,36.436,True
2026-09-28T15:50:45.017131+00:00,GET /workflows,GET,200,35.252,True
2026-09-28T15:50:45.047520+00:00,GET /health,GET,200,7.070,True
2026-09-28T15:50:45.035649+00:00,GET /workflows/{id},GET,200,19.816,True
2026-09-28T15:50:45.030752+00:00,GET /runs/{id}/logs,GET,200,26.759,True
2026-09-28T15:50:45.033029+00:00,GET /runs/{id}/logs,GET,200,24.839,True
2026-09-28T15:50:45.057520+00:00,GET /health,GET,200,4.744,True
2026-09-28T15:50:45.046501+00:00,GET /workflows/{id},GET,200,16.927,True
2026-09-28T15:50:45.054522+00:00,GET /workflows/{id},GET,200,12.446,True
2026-09-28T15:50:45.052521+00:00,POST /workflows/{id}/validate,POST,200,20.458,True
2026-09-28T15:50:45.057520+00:00,GET /workflows/{id},GET,200,16.131,True
2026-09-28T15:50:45.067161+00:00,GET /health,GET,200,7.212,True
2026-09-28T15:50:45.050521+00:00,GET /workflows,GET,200,26.666,True
2026-09-28T15:50:45.064158+00:00,GET /workflows/{id},GET,200,16.214,True
2026-09-28T15:50:45.062082+00:00,GET /runs/{id},GET,200,23.231,True
2026-09-28T15:50:45.079733+00:00,GET /runs/{id},GET,200,20.462,True
2026-09-28T15:50:45.074357+00:00,GET /runs/{id}/logs,GET,200,26.728,True
2026-09-28T15:50:45.073330+00:00,GET /runs/{id},GET,200,28.065,True
2026-09-28T15:50:45.077133+00:00,GET /workflows,GET,200,24.830,True
2026-09-28T15:50:45.085737+00:00,GET /workflows/{id},GET,200,16.895,True
2026-09-28T15:50:45.032500+00:00,PUT /workflows/{id},PUT,200,86.167,True
2026-09-28T15:50:45.100510+00:00,GET /workflows/{id},GET,200,19.797,True
2026-09-28T15:50:45.100510+00:00,POST /workflows/{id}/validate,POST,200,28.476,True
2026-09-28T15:50:45.102515+00:00,GET /runs/{id},GET,200,27.310,True
2026-09-28T15:50:45.101514+00:00,GET /workflows,GET,200,32.098,True
2026-09-28T15:50:45.101514+00:00,GET /workflows,GET,200,33.757,True
2026-09-28T15:50:45.120236+00:00,GET /runs/{id},GET,200,30.851,True
2026-09-28T15:50:45.054522+00:00,PUT /workflows/{id},PUT,200,96.464,True
2026-09-28T15:50:45.151809+00:00,GET /health,GET,200,5.851,True
2026-09-28T15:50:45.118235+00:00,GET /workflows,GET,200,39.311,True
2026-09-28T15:50:45.129746+00:00,GET /runs/{id}/logs,GET,200,29.929,True
2026-09-28T15:50:45.133745+00:00,GET /workflows,GET,200,28.038,True
2026-09-28T15:50:45.129746+00:00,GET /runs/{id},GET,200,32.541,True
2026-09-28T15:50:45.074357+00:00,PUT /workflows/{id},PUT,200,88.150,True
2026-09-28T15:50:45.134746+00:00,GET /workflows,GET,200,29.437,True
2026-09-28T15:50:45.159808+00:00,GET /agents/catalog,GET,200,16.564,True
2026-09-28T15:50:45.157808+00:00,GET /runs/{id},GET,200,24.469,True
2026-09-28T15:50:45.176271+00:00,GET /health,GET,200,6.223,True
2026-09-28T15:50:45.157808+00:00,GET /runs/{id}/logs,GET,200,28.553,True
2026-09-28T15:50:45.161807+00:00,GET /runs/{id}/logs,GET,200,26.461,True
2026-09-28T15:50:45.164807+00:00,GET /runs/{id},GET,200,24.209,True
2026-09-28T15:50:45.161807+00:00,GET /workflows,GET,200,27.571,True
2026-09-28T15:50:45.161807+00:00,GET /workflows,GET,200,29.521,True
2026-09-28T15:50:45.182314+00:00,GET /runs/{id},GET,200,25.849,True
2026-09-28T15:50:45.186318+00:00,GET /runs/{id}/logs,GET,200,29.195,True
2026-09-28T15:50:45.189319+00:00,GET /agents/catalog,GET,200,26.444,True
2026-09-28T15:50:45.188318+00:00,GET /runs/{id},GET,200,31.321,True
2026-09-28T15:50:45.191989+00:00,GET /runs/{id},GET,200,28.079,True
2026-09-28T15:50:45.189319+00:00,GET /workflows,GET,200,30.584,True
2026-09-28T15:50:45.219492+00:00,GET /health,GET,200,6.584,True
2026-09-28T15:50:45.220495+00:00,GET /health,GET,200,6.324,True
2026-09-28T15:50:45.208462+00:00,GET /runs/{id}/logs,GET,200,25.415,True
2026-09-28T15:50:45.215409+00:00,GET /runs/{id},GET,200,28.926,True
2026-09-28T15:50:45.150807+00:00,PUT /workflows/{id},PUT,200,94.139,True
2026-09-28T15:50:45.215409+00:00,GET /runs/{id},GET,200,31.521,True
2026-09-28T15:50:45.226678+00:00,GET /workflows/{id},GET,200,20.622,True
2026-09-28T15:50:45.219492+00:00,GET /runs/{id},GET,200,28.165,True
2026-09-28T15:50:45.234033+00:00,GET /agents/catalog,GET,200,19.330,True
2026-09-28T15:50:45.252936+00:00,GET /health,GET,200,3.562,True
2026-09-28T15:50:45.182314+00:00,PUT /workflows/{id},PUT,200,77.470,True
2026-09-28T15:50:45.226678+00:00,GET /workflows,GET,200,34.646,True
2026-09-28T15:50:45.246565+00:00,GET /agents/catalog,GET,200,19.759,True
2026-09-28T15:50:45.245566+00:00,POST /workflows/{id}/validate,POST,200,24.052,True
2026-09-28T15:50:45.244562+00:00,POST /workflows/{id}/validate,POST,200,26.103,True
2026-09-28T15:50:45.247565+00:00,GET /runs/{id}/logs,GET,200,25.599,True
2026-09-28T15:50:45.256941+00:00,GET /workflows/{id},GET,200,17.277,True
2026-09-28T15:50:45.261344+00:00,GET /runs/{id},GET,200,19.891,True
2026-09-28T15:50:45.259939+00:00,GET /runs/{id}/logs,GET,200,22.640,True
2026-09-28T15:50:45.272957+00:00,GET /workflows/{id},GET,200,14.074,True
2026-09-28T15:50:45.270956+00:00,GET /runs/{id}/logs,GET,200,17.166,True
2026-09-28T15:50:45.273956+00:00,GET /runs/{id},GET,200,18.831,True
2026-09-28T15:50:45.280607+00:00,GET /workflows,GET,200,18.126,True
2026-09-28T15:50:45.282110+00:00,POST /workflows/{id}/validate,POST,200,19.084,True
2026-09-28T15:50:45.288115+00:00,GET /agents/catalog,GET,200,21.349,True
2026-09-28T15:50:45.293114+00:00,GET /runs/{id}/logs,GET,200,21.057,True
2026-09-28T15:50:45.287114+00:00,GET /workflows,GET,200,28.876,True
2026-09-28T15:50:45.301163+00:00,GET /agents/catalog,GET,200,17.988,True
2026-09-28T15:50:45.299164+00:00,GET /runs/{id},GET,200,24.407,True
2026-09-28T15:50:45.247565+00:00,PUT /workflows/{id},PUT,200,82.304,True
2026-09-28T15:50:45.308805+00:00,GET /runs/{id},GET,200,27.013,True
2026-09-28T15:50:45.313805+00:00,POST /workflows/{id}/validate,POST,200,26.979,True
2026-09-28T15:50:45.319805+00:00,POST /workflows/{id}/validate,POST,200,23.980,True
2026-09-28T15:50:45.323808+00:00,GET /workflows/{id},GET,200,23.423,True
2026-09-28T15:50:45.315805+00:00,GET /workflows,GET,200,31.335,True
2026-09-28T15:50:45.268955+00:00,PUT /workflows/{id},PUT,500,83.982,False
2026-09-28T15:50:45.265956+00:00,PUT /workflows/{id},PUT,200,88.889,True
2026-09-28T15:50:45.329315+00:00,GET /runs/{id}/logs,GET,200,25.989,True
2026-09-28T15:50:45.335314+00:00,GET /workflows/{id},GET,200,24.413,True
2026-09-28T15:50:45.360931+00:00,GET /health,GET,200,4.727,True
2026-09-28T15:50:45.343426+00:00,GET /runs/{id},GET,200,34.009,True
2026-09-28T15:50:45.340423+00:00,GET /runs/{id}/logs,GET,200,41.632,True
2026-09-28T15:50:45.355426+00:00,GET /runs/{id},GET,200,32.438,True
2026-09-28T15:50:45.346427+00:00,GET /workflows,GET,200,41.779,True
2026-09-28T15:50:45.347427+00:00,GET /runs/{id},GET,200,42.079,True
2026-09-28T15:50:45.355426+00:00,GET /workflows,GET,200,38.950,True
2026-09-28T15:50:45.364932+00:00,GET /workflows,GET,200,31.348,True
2026-09-28T15:50:45.353806+00:00,PUT /workflows/{id},PUT,200,51.145,True
2026-09-28T15:50:45.376933+00:00,GET /workflows,GET,200,32.015,True
2026-09-28T15:50:45.382149+00:00,GET /workflows,GET,200,33.476,True
2026-09-28T15:50:45.388315+00:00,GET /workflows/{id},GET,200,27.628,True
2026-09-28T15:50:45.396767+00:00,GET /agents/catalog,GET,200,24.190,True
2026-09-28T15:50:45.388315+00:00,GET /runs/{id},GET,200,34.278,True
2026-09-28T15:50:45.388315+00:00,GET /runs/{id}/logs,GET,200,38.089,True
2026-09-28T15:50:45.409092+00:00,GET /workflows/{id},GET,200,21.439,True
2026-09-28T15:50:45.393764+00:00,GET /workflows,GET,200,37.077,True
2026-09-28T15:50:45.404649+00:00,GET /runs/{id}/logs,GET,200,27.099,True
2026-09-28T15:50:45.431311+00:00,GET /health,GET,200,6.388,True
2026-09-28T15:50:45.416310+00:00,GET /runs/{id},GET,200,24.124,True
2026-09-28T15:50:45.416310+00:00,GET /runs/{id}/logs,GET,200,24.138,True
2026-09-28T15:50:45.423313+00:00,GET /workflows,GET,200,29.716,True
2026-09-28T15:50:45.426312+00:00,GET /workflows,GET,200,30.678,True
2026-09-28T15:50:45.440369+00:00,GET /workflows/{id},GET,200,17.154,True
2026-09-28T15:50:45.431311+00:00,GET /workflows,GET,200,27.838,True
2026-09-28T15:50:45.431311+00:00,GET /runs/{id},GET,200,28.526,True
2026-09-28T15:50:45.456778+00:00,GET /health,GET,200,6.081,True
2026-09-28T15:50:45.436860+00:00,GET /runs/{id},GET,200,26.203,True
2026-09-28T15:50:45.440369+00:00,POST /workflows/{id}/validate,POST,200,24.817,True
2026-09-28T15:50:45.463347+00:00,GET /health,GET,200,4.714,True
2026-09-28T15:50:45.460342+00:00,GET /workflows/{id},GET,200,14.700,True
2026-09-28T15:50:45.457779+00:00,GET /runs/{id},GET,200,21.702,True
2026-09-28T15:50:45.458780+00:00,GET /workflows,GET,200,29.702,True
2026-09-28T15:50:45.465202+00:00,GET /workflows,GET,200,24.271,True
2026-09-28T15:50:45.468206+00:00,GET /runs/{id}/logs,GET,200,23.329,True
2026-09-28T15:50:45.478776+00:00,GET /workflows/{id},GET,200,15.115,True
2026-09-28T15:50:45.421312+00:00,PUT /workflows/{id},PUT,200,77.044,True
2026-09-28T15:50:45.474217+00:00,GET /workflows,GET,200,25.823,True
2026-09-28T15:50:45.494570+00:00,GET /health,GET,200,8.190,True
2026-09-28T15:50:45.489354+00:00,GET /runs/{id}/logs,GET,200,20.889,True
2026-09-28T15:50:45.489354+00:00,GET /runs/{id},GET,200,23.703,True
2026-09-28T15:50:45.491353+00:00,GET /workflows,GET,200,31.861,True
2026-09-28T15:50:45.497870+00:00,GET /runs/{id},GET,200,33.816,True
2026-09-28T15:50:45.502231+00:00,POST /workflows/{id}/validate,POST,200,30.024,True
2026-09-28T15:50:45.500927+00:00,GET /workflows,GET,200,32.055,True
2026-09-28T15:50:45.509820+00:00,GET /workflows,GET,200,28.256,True
2026-09-28T15:50:45.512908+00:00,GET /workflows/{id},GET,200,25.726,True
2026-09-28T15:50:45.452779+00:00,PUT /workflows/{id},PUT,200,92.533,True
2026-09-28T15:50:45.463347+00:00,PUT /workflows/{id},PUT,500,83.141,False
2026-09-28T15:50:45.532241+00:00,GET /runs/{id},GET,200,26.998,True
2026-09-28T15:50:45.533240+00:00,GET /runs/{id}/logs,GET,200,26.969,True
2026-09-28T15:50:45.531240+00:00,GET /runs/{id}/logs,GET,200,29.309,True
2026-09-28T15:50:45.544862+00:00,GET /workflows/{id},GET,200,19.471,True
2026-09-28T15:50:45.538255+00:00,GET /runs/{id},GET,200,27.490,True
2026-09-28T15:50:45.538255+00:00,GET /runs/{id},GET,200,28.130,True
2026-09-28T15:50:45.546332+00:00,GET /runs/{id},GET,200,25.523,True
2026-09-28T15:50:45.559642+00:00,POST /workflows/{id}/validate,POST,200,22.291,True
2026-09-28T15:50:45.565643+00:00,POST /workflows/{id}/validate,POST,200,17.513,True
2026-09-28T15:50:45.559642+00:00,GET /runs/{id},GET,200,23.961,True
2026-09-28T15:50:45.560643+00:00,GET /runs/{id},GET,200,25.744,True
2026-09-28T15:50:45.571643+00:00,GET /runs/{id},GET,200,24.173,True
2026-09-28T15:50:45.522909+00:00,PUT /workflows/{id},PUT,200,77.066,True
2026-09-28T15:50:45.583540+00:00,GET /runs/{id}/logs,GET,200,22.349,True
2026-09-28T15:50:45.585983+00:00,GET /workflows/{id},GET,200,19.521,True
2026-09-28T15:50:45.583540+00:00,GET /workflows/{id},GET,200,23.697,True
2026-09-28T15:50:45.582257+00:00,POST /workflows/{id}/validate,POST,200,25.133,True
2026-09-28T15:50:45.595391+00:00,GET /runs/{id},GET,200,14.805,True
2026-09-28T15:50:45.606647+00:00,GET /workflows/{id},GET,200,19.024,True
2026-09-28T15:50:45.605347+00:00,POST /workflows/{id}/validate,POST,200,24.509,True
2026-09-28T15:50:45.606647+00:00,GET /runs/{id},GET,200,24.983,True
2026-09-28T15:50:45.610521+00:00,GET /workflows/{id},GET,200,20.984,True
2026-09-28T15:50:45.607651+00:00,GET /workflows,GET,200,24.846,True
2026-09-28T15:50:45.632024+00:00,GET /health,GET,200,4.515,True
2026-09-28T15:50:45.566643+00:00,PUT /workflows/{id},PUT,200,70.616,True
2026-09-28T15:50:45.564643+00:00,PUT /workflows/{id},PUT,500,77.892,False
2026-09-28T15:50:45.637029+00:00,GET /health,GET,200,9.183,True
2026-09-28T15:50:45.630024+00:00,GET /workflows/{id},GET,200,17.238,True
2026-09-28T15:50:45.631026+00:00,GET /runs/{id},GET,200,20.596,True
2026-09-28T15:50:45.636025+00:00,GET /agents/catalog,GET,200,19.560,True
2026-09-28T15:50:45.643043+00:00,GET /workflows,GET,200,22.867,True
2026-09-28T15:50:45.652065+00:00,GET /workflows/{id},GET,200,18.535,True
2026-09-28T15:50:45.665572+00:00,GET /health,GET,200,7.167,True
2026-09-28T15:50:45.646029+00:00,GET /workflows,GET,200,27.171,True
2026-09-28T15:50:45.656065+00:00,GET /agents/catalog,GET,200,17.998,True
2026-09-28T15:50:45.648029+00:00,GET /workflows,GET,200,26.693,True
2026-09-28T15:50:45.600378+00:00,PUT /workflows/{id},PUT,200,74.389,True
2026-09-28T15:50:45.673205+00:00,GET /workflows/{id},GET,200,14.479,True
2026-09-28T15:50:45.670204+00:00,GET /workflows/{id},GET,200,19.572,True
2026-09-28T15:50:45.673205+00:00,GET /agents/catalog,GET,200,19.878,True
2026-09-28T15:50:45.674709+00:00,GET /runs/{id}/logs,GET,200,21.793,True
2026-09-28T15:50:45.674709+00:00,GET /workflows/{id},GET,200,23.981,True
2026-09-28T15:50:45.695945+00:00,GET /health,GET,200,4.570,True
2026-09-28T15:50:45.632024+00:00,PUT /workflows/{id},PUT,500,78.924,False
2026-09-28T15:50:45.693943+00:00,GET /runs/{id}/logs,GET,200,18.753,True
2026-09-28T15:50:45.687945+00:00,GET /workflows,GET,200,25.375,True
2026-09-28T15:50:45.626024+00:00,PUT /workflows/{id},PUT,200,87.347,True
2026-09-28T15:50:45.700944+00:00,GET /health,GET,200,12.957,True
2026-09-28T15:50:45.713233+00:00,GET /health,GET,200,3.810,True
2026-09-28T15:50:45.698943+00:00,GET /workflows,GET,200,18.716,True
2026-09-28T15:50:45.710856+00:00,GET /agents/catalog,GET,200,15.811,True
2026-09-28T15:50:45.712863+00:00,POST /workflows/{id}/validate,POST,200,17.045,True
2026-09-28T15:50:45.717630+00:00,POST /workflows/{id}/validate,POST,200,18.005,True
2026-09-28T15:50:45.727134+00:00,GET /workflows/{id},GET,200,11.692,True
2026-09-28T15:50:45.717630+00:00,GET /runs/{id},GET,200,21.377,True
2026-09-28T15:50:45.673205+00:00,PUT /workflows/{id},PUT,200,65.769,True
2026-09-28T15:50:45.729138+00:00,GET /runs/{id}/logs,GET,200,14.502,True
2026-09-28T15:50:45.738726+00:00,GET /workflows/{id},GET,200,17.827,True
2026-09-28T15:50:45.734712+00:00,GET /runs/{id},GET,200,21.777,True
2026-09-28T15:50:45.739727+00:00,GET /runs/{id}/logs,GET,200,19.025,True
2026-09-28T15:50:45.738726+00:00,POST /workflows/{id}/validate,POST,200,20.110,True
2026-09-28T15:50:45.689944+00:00,PUT /workflows/{id},PUT,200,71.293,True
2026-09-28T15:50:45.743726+00:00,GET /workflows,GET,200,24.074,True
2026-09-28T15:50:45.757357+00:00,GET /runs/{id}/logs,GET,200,22.809,True
2026-09-28T15:50:45.758357+00:00,GET /runs/{id}/logs,GET,200,23.022,True
2026-09-28T15:50:45.713233+00:00,PUT /workflows/{id},PUT,200,74.948,True
2026-09-28T15:50:45.768356+00:00,GET /runs/{id}/logs,GET,200,21.232,True
2026-09-28T15:50:45.758357+00:00,GET /workflows,GET,200,32.581,True
2026-09-28T15:50:45.713233+00:00,PUT /workflows/{id},PUT,500,82.849,False
2026-09-28T15:50:45.789198+00:00,GET /health,GET,200,8.128,True
2026-09-28T15:50:45.781245+00:00,GET /runs/{id}/logs,GET,200,18.596,True
2026-09-28T15:50:45.780245+00:00,GET /workflows/{id},GET,200,22.578,True
2026-09-28T15:50:45.791445+00:00,GET /workflows/{id},GET,200,13.457,True
2026-09-28T15:50:45.788003+00:00,GET /runs/{id}/logs,GET,200,31.569,True
2026-09-28T15:50:45.797959+00:00,POST /workflows/{id}/validate,POST,200,24.432,True
2026-09-28T15:50:45.796955+00:00,GET /agents/catalog,GET,200,29.712,True
2026-09-28T15:50:45.799945+00:00,GET /runs/{id}/logs,GET,200,28.890,True
2026-09-28T15:50:45.802263+00:00,GET /runs/{id}/logs,GET,200,26.880,True
2026-09-28T15:50:45.826480+00:00,GET /health,GET,200,3.247,True
2026-09-28T15:50:45.819965+00:00,GET /workflows/{id},GET,200,18.841,True
2026-09-28T15:50:45.761356+00:00,PUT /workflows/{id},PUT,500,77.553,False
2026-09-28T15:50:45.756357+00:00,PUT /workflows/{id},PUT,200,83.832,True
2026-09-28T15:50:45.829479+00:00,GET /runs/{id},GET,200,16.955,True
2026-09-28T15:50:45.829479+00:00,GET /workflows,GET,200,17.507,True
2026-09-28T15:50:45.847565+00:00,GET /health,GET,200,2.830,True
2026-09-28T15:50:45.840480+00:00,GET /agents/catalog,GET,200,11.108,True
2026-09-28T15:50:45.851838+00:00,GET /health,GET,200,3.671,True
2026-09-28T15:50:45.838480+00:00,GET /runs/{id},GET,200,16.881,True
2026-09-28T15:50:45.846565+00:00,GET /runs/{id},GET,200,13.105,True
2026-09-28T15:50:45.849566+00:00,GET /workflows,GET,200,16.253,True
2026-09-28T15:50:45.855837+00:00,GET /runs/{id}/logs,GET,200,14.149,True
2026-09-28T15:50:45.865858+00:00,GET /health,GET,200,3.920,True
2026-09-28T15:50:45.855837+00:00,GET /runs/{id}/logs,GET,200,15.191,True
2026-09-28T15:50:45.804268+00:00,PUT /workflows/{id},PUT,200,69.069,True
2026-09-28T15:50:45.869856+00:00,GET /agents/catalog,GET,200,12.304,True
2026-09-28T15:50:45.870857+00:00,GET /runs/{id}/logs,GET,200,17.811,True
2026-09-28T15:50:45.821969+00:00,PUT /workflows/{id},PUT,200,69.802,True
2026-09-28T15:50:45.873471+00:00,GET /runs/{id},GET,200,19.144,True
2026-09-28T15:50:45.892939+00:00,GET /health,GET,200,3.582,True
2026-09-28T15:50:45.828479+00:00,PUT /workflows/{id},PUT,200,75.954,True
2026-09-28T15:50:45.838480+00:00,PUT /workflows/{id},PUT,500,66.610,False
2026-09-28T15:50:45.891937+00:00,POST /workflows/{id}/validate,POST,200,19.756,True
2026-09-28T15:50:45.888937+00:00,POST /workflows/{id}/validate,POST,200,25.177,True
2026-09-28T15:50:45.896148+00:00,GET /workflows,GET,200,25.704,True
2026-09-28T15:50:45.905188+00:00,GET /agents/catalog,GET,200,23.072,True
2026-09-28T15:50:45.905188+00:00,GET /runs/{id}/logs,GET,200,28.142,True
2026-09-28T15:50:45.911696+00:00,GET /runs/{id}/logs,GET,200,26.056,True
2026-09-28T15:50:45.913696+00:00,GET /runs/{id},GET,200,28.890,True
2026-09-28T15:50:45.922697+00:00,GET /runs/{id}/logs,GET,200,27.353,True
2026-09-28T15:50:45.927701+00:00,GET /runs/{id}/logs,GET,200,26.171,True
2026-09-28T15:50:45.858837+00:00,PUT /workflows/{id},PUT,200,95.444,True
2026-09-28T15:50:45.869856+00:00,PUT /workflows/{id},PUT,500,88.769,False
2026-09-28T15:50:45.932700+00:00,GET /runs/{id},GET,200,27.580,True
2026-09-28T15:50:45.882020+00:00,PUT /workflows/{id},PUT,200,79.351,True
2026-09-28T15:50:45.936700+00:00,GET /runs/{id},GET,200,24.553,True
2026-09-28T15:50:45.943209+00:00,GET /runs/{id},GET,200,26.969,True
2026-09-28T15:50:45.954853+00:00,GET /workflows/{id},GET,200,27.127,True
2026-09-28T15:50:45.953853+00:00,GET /runs/{id},GET,200,32.044,True
2026-09-28T15:50:45.961720+00:00,GET /workflows/{id},GET,200,27.595,True
2026-09-28T15:50:45.949849+00:00,GET /runs/{id}/logs,GET,200,39.839,True
2026-09-28T15:50:45.960719+00:00,GET /runs/{id}/logs,GET,200,29.041,True
2026-09-28T15:50:45.962227+00:00,GET /runs/{id}/logs,GET,200,32.023,True
2026-09-28T15:50:45.988920+00:00,GET /health,GET,200,7.579,True
2026-09-28T15:50:45.990015+00:00,GET /health,GET,200,7.621,True
2026-09-28T15:50:45.969768+00:00,GET /runs/{id}/logs,GET,200,28.038,True
2026-09-28T15:50:45.986424+00:00,GET /workflows/{id},GET,200,21.165,True
2026-09-28T15:50:45.958720+00:00,PUT /workflows/{id},PUT,200,54.242,True
2026-09-28T15:50:45.981901+00:00,GET /runs/{id},GET,200,31.803,True
2026-09-28T15:50:45.988920+00:00,GET /workflows/{id},GET,200,27.250,True
2026-09-28T15:50:45.993925+00:00,GET /workflows/{id},GET,200,22.470,True
2026-09-28T15:50:45.997284+00:00,GET /agents/catalog,GET,200,24.316,True
2026-09-28T15:50:45.997284+00:00,GET /runs/{id},GET,200,24.184,True
2026-09-28T15:50:46.013767+00:00,GET /health,GET,200,8.569,True
2026-09-28T15:50:45.997284+00:00,GET /runs/{id},GET,200,27.245,True
2026-09-28T15:50:46.007683+00:00,GET /runs/{id},GET,200,19.982,True
2026-09-28T15:50:46.024481+00:00,GET /health,GET,200,4.833,True
2026-09-28T15:50:46.015273+00:00,GET /workflows/{id},GET,200,16.532,True
2026-09-28T15:50:46.012766+00:00,POST /workflows/{id}/validate,POST,200,27.350,True
2026-09-28T15:50:46.022470+00:00,GET /runs/{id},GET,200,22.230,True
2026-09-28T15:50:46.021478+00:00,GET /runs/{id},GET,200,23.184,True
2026-09-28T15:50:46.022470+00:00,GET /runs/{id},GET,200,24.759,True
2026-09-28T15:50:46.027835+00:00,GET /runs/{id}/logs,GET,200,23.084,True
2026-09-28T15:50:46.045021+00:00,GET /health,GET,200,6.162,True
2026-09-28T15:50:46.029489+00:00,GET /runs/{id}/logs,GET,200,25.077,True
2026-09-28T15:50:46.033033+00:00,GET /runs/{id},GET,200,25.254,True
2026-09-28T15:50:46.047043+00:00,GET /runs/{id}/logs,GET,200,23.998,True
2026-09-28T15:50:46.044023+00:00,GET /workflows,GET,200,26.923,True
2026-09-28T15:50:46.051026+00:00,POST /workflows/{id}/validate,POST,200,23.567,True
2026-09-28T15:50:46.051026+00:00,GET /workflows,GET,200,24.227,True
2026-09-28T15:50:46.058399+00:00,GET /runs/{id},GET,200,22.241,True
2026-09-28T15:50:46.074059+00:00,GET /health,GET,200,5.597,True
2026-09-28T15:50:46.071050+00:00,GET /agents/catalog,GET,200,18.018,True
2026-09-28T15:50:46.071050+00:00,GET /workflows/{id},GET,200,20.867,True
2026-09-28T15:50:46.016833+00:00,PUT /workflows/{id},PUT,200,77.701,True
2026-09-28T15:50:46.074059+00:00,GET /runs/{id},GET,200,27.332,True
2026-09-28T15:50:46.080628+00:00,GET /runs/{id},GET,200,29.483,True
2026-09-28T15:50:46.080628+00:00,GET /workflows,GET,200,32.989,True
2026-09-28T15:50:46.092060+00:00,GET /workflows/{id},GET,200,21.658,True
2026-09-28T15:50:46.041022+00:00,PUT /workflows/{id},PUT,200,78.743,True
2026-09-28T15:50:46.089618+00:00,GET /runs/{id}/logs,GET,200,32.710,True
2026-09-28T15:50:46.094151+00:00,GET /workflows/{id},GET,200,29.772,True
2026-09-28T15:50:46.121960+00:00,GET /health,GET,200,4.879,True
2026-09-28T15:50:46.113961+00:00,GET /workflows/{id},GET,200,16.595,True
2026-09-28T15:50:46.101540+00:00,GET /runs/{id},GET,200,33.242,True
2026-09-28T15:50:46.054034+00:00,PUT /workflows/{id},PUT,200,81.937,True
2026-09-28T15:50:46.109482+00:00,GET /runs/{id}/logs,GET,200,30.398,True
2026-09-28T15:50:46.118961+00:00,GET /runs/{id},GET,200,22.303,True
2026-09-28T15:50:46.123969+00:00,GET /workflows,GET,200,26.674,True
2026-09-28T15:50:46.126969+00:00,GET /runs/{id},GET,200,26.827,True
2026-09-28T15:50:46.129969+00:00,GET /runs/{id},GET,200,29.616,True
2026-09-28T15:50:46.134971+00:00,GET /runs/{id}/logs,GET,200,30.663,True
2026-09-28T15:50:46.141665+00:00,GET /workflows,GET,200,28.414,True
2026-09-28T15:50:46.140662+00:00,GET /runs/{id},GET,200,31.221,True
2026-09-28T15:50:46.136150+00:00,PUT /workflows/{id},PUT,200,43.121,True
2026-09-28T15:50:46.153308+00:00,GET /runs/{id},GET,200,26.159,True
2026-09-28T15:50:46.150664+00:00,GET /runs/{id}/logs,GET,200,29.455,True
2026-09-28T15:50:46.180340+00:00,GET /health,GET,200,6.593,True
2026-09-28T15:50:46.160306+00:00,GET /workflows,GET,200,28.345,True
2026-09-28T15:50:46.112961+00:00,PUT /workflows/{id},PUT,200,79.370,True
2026-09-28T15:50:46.180340+00:00,GET /workflows/{id},GET,200,14.481,True
2026-09-28T15:50:46.170309+00:00,GET /runs/{id},GET,200,27.158,True
2026-09-28T15:50:46.179339+00:00,GET /runs/{id}/logs,GET,200,21.932,True
2026-09-28T15:50:46.186133+00:00,GET /runs/{id},GET,200,24.667,True
2026-09-28T15:50:46.196999+00:00,GET /workflows/{id},GET,200,14.858,True
2026-09-28T15:50:46.188329+00:00,GET /runs/{id},GET,200,24.338,True
2026-09-28T15:50:46.194866+00:00,GET /runs/{id},GET,200,18.214,True
2026-09-28T15:50:46.201168+00:00,GET /agents/catalog,GET,200,15.440,True
2026-09-28T15:50:46.211677+00:00,GET /runs/{id},GET,200,58.645,True
2026-09-28T15:50:46.211677+00:00,GET /workflows,GET,200,63.334,True
2026-09-28T15:50:46.213032+00:00,GET /workflows,GET,200,64.126,True
2026-09-28T15:50:46.213032+00:00,GET /workflows,GET,200,66.992,True
2026-09-28T15:50:46.217049+00:00,GET /runs/{id},GET,200,63.556,True
2026-09-28T15:50:46.165305+00:00,PUT /workflows/{id},PUT,200,117.204,True
2026-09-28T15:50:46.280663+00:00,GET /health,GET,200,4.408,True
2026-09-28T15:50:46.284008+00:00,GET /health,GET,200,5.111,True
2026-09-28T15:50:46.171329+00:00,PUT /workflows/{id},PUT,500,125.828,False
2026-09-28T15:50:46.270481+00:00,GET /runs/{id}/logs,GET,200,29.601,True
2026-09-28T15:50:46.274482+00:00,GET /runs/{id},GET,200,26.241,True
2026-09-28T15:50:46.192102+00:00,PUT /workflows/{id},PUT,200,109.084,True
2026-09-28T15:50:46.276650+00:00,GET /workflows,GET,200,32.652,True
2026-09-28T15:50:46.283002+00:00,GET /runs/{id}/logs,GET,200,28.056,True
2026-09-28T15:50:46.279658+00:00,GET /workflows,GET,200,35.217,True
2026-09-28T15:50:46.309693+00:00,GET /health,GET,200,6.001,True
2026-09-28T15:50:46.300725+00:00,POST /workflows/{id}/validate,POST,200,28.972,True
2026-09-28T15:50:46.300725+00:00,GET /runs/{id}/logs,GET,200,31.370,True
2026-09-28T15:50:46.297079+00:00,GET /runs/{id}/logs,GET,200,36.452,True
2026-09-28T15:50:46.289254+00:00,GET /runs/{id}/logs,GET,200,46.519,True
2026-09-28T15:50:46.311200+00:00,GET /runs/{id},GET,200,29.410,True
2026-09-28T15:50:46.300725+00:00,GET /workflows,GET,200,41.777,True
2026-09-28T15:50:46.315384+00:00,GET /workflows,GET,200,29.693,True
2026-09-28T15:50:46.333312+00:00,GET /runs/{id}/logs,GET,200,24.042,True
2026-09-28T15:50:46.345197+00:00,GET /workflows/{id},GET,200,13.108,True
2026-09-28T15:50:46.340197+00:00,GET /runs/{id}/logs,GET,200,18.768,True
2026-09-28T15:50:46.333312+00:00,GET /workflows,GET,200,26.462,True
2026-09-28T15:50:46.336684+00:00,GET /runs/{id},GET,200,23.224,True
2026-09-28T15:50:46.358584+00:00,GET /workflows/{id},GET,200,14.035,True
2026-09-28T15:50:46.359577+00:00,GET /workflows/{id},GET,200,14.269,True
2026-09-28T15:50:46.357584+00:00,GET /runs/{id},GET,200,16.396,True
2026-09-28T15:50:46.358584+00:00,POST /workflows/{id}/validate,POST,200,16.552,True
2026-09-28T15:50:46.314025+00:00,PUT /workflows/{id},PUT,200,68.265,True
2026-09-28T15:50:46.375576+00:00,GET /workflows/{id},GET,200,9.475,True
2026-09-28T15:50:46.384767+00:00,GET /health,GET,200,3.706,True
2026-09-28T15:50:46.374576+00:00,POST /workflows/{id}/validate,POST,200,14.469,True
2026-09-28T15:50:46.388997+00:00,GET /health,GET,200,3.790,True
2026-09-28T15:50:46.393061+00:00,GET /health,GET,200,2.880,True
2026-09-28T15:50:46.383466+00:00,GET /runs/{id}/logs,GET,200,12.901,True
2026-09-28T15:50:46.330313+00:00,PUT /workflows/{id},PUT,200,70.129,True
2026-09-28T15:50:46.396383+00:00,GET /health,GET,200,6.257,True
2026-09-28T15:50:46.388477+00:00,GET /runs/{id}/logs,GET,200,16.295,True
2026-09-28T15:50:46.395063+00:00,GET /workflows/{id},GET,200,13.364,True
2026-09-28T15:50:46.342197+00:00,PUT /workflows/{id},PUT,200,68.771,True
2026-09-28T15:50:46.400150+00:00,GET /agents/catalog,GET,200,16.476,True
2026-09-28T15:50:46.402400+00:00,GET /runs/{id},GET,200,18.722,True
2026-09-28T15:50:46.404436+00:00,GET /runs/{id},GET,200,23.662,True
2026-09-28T15:50:46.410445+00:00,POST /workflows/{id}/validate,POST,200,26.837,True
2026-09-28T15:50:46.421065+00:00,GET /agents/catalog,GET,200,18.573,True
2026-09-28T15:50:46.408444+00:00,GET /runs/{id},GET,200,31.391,True
2026-09-28T15:50:46.440340+00:00,GET /health,GET,200,3.039,True
2026-09-28T15:50:46.359577+00:00,PUT /workflows/{id},PUT,200,85.368,True
2026-09-28T15:50:46.428341+00:00,GET /agents/catalog,GET,200,17.012,True
2026-09-28T15:50:46.445338+00:00,GET /health,GET,200,4.676,True
2026-09-28T15:50:46.373576+00:00,PUT /workflows/{id},PUT,500,85.409,False
2026-09-28T15:50:46.439361+00:00,POST /workflows/{id}/validate,POST,200,20.518,True
2026-09-28T15:50:46.373576+00:00,PUT /workflows/{id},PUT,200,87.320,True
2026-09-28T15:50:46.437348+00:00,GET /runs/{id},GET,200,24.912,True
2026-09-28T15:50:46.443362+00:00,GET /runs/{id},GET,200,24.468,True
2026-09-28T15:50:46.445338+00:00,GET /runs/{id},GET,200,26.257,True
2026-09-28T15:50:46.449630+00:00,GET /runs/{id},GET,200,21.258,True
2026-09-28T15:50:46.467683+00:00,GET /agents/catalog,GET,200,20.215,True
2026-09-28T15:50:46.461678+00:00,GET /runs/{id}/logs,GET,200,29.129,True
2026-09-28T15:50:46.458622+00:00,GET /runs/{id},GET,200,35.817,True
2026-09-28T15:50:46.470684+00:00,GET /runs/{id},GET,200,23.904,True
2026-09-28T15:50:46.459622+00:00,GET /runs/{id},GET,200,35.340,True
2026-09-28T15:50:46.416877+00:00,PUT /workflows/{id},PUT,200,82.108,True
2026-09-28T15:50:46.471662+00:00,GET /workflows,GET,200,27.420,True
2026-09-28T15:50:46.498609+00:00,GET /health,GET,200,4.639,True
2026-09-28T15:50:46.495610+00:00,GET /workflows/{id},GET,200,12.774,True
2026-09-28T15:50:46.488091+00:00,GET /runs/{id},GET,200,20.956,True
2026-09-28T15:50:46.490103+00:00,GET /workflows,GET,200,20.532,True
2026-09-28T15:50:46.511126+00:00,GET /health,GET,200,4.684,True
2026-09-28T15:50:46.498609+00:00,GET /runs/{id},GET,200,20.941,True
2026-09-28T15:50:46.503608+00:00,GET /runs/{id}/logs,GET,200,18.056,True
2026-09-28T15:50:46.519122+00:00,GET /health,GET,200,4.842,True
2026-09-28T15:50:46.509122+00:00,GET /workflows,GET,200,18.491,True
2026-09-28T15:50:46.527154+00:00,GET /health,GET,200,2.856,True
2026-09-28T15:50:46.516145+00:00,GET /workflows,GET,200,22.176,True
2026-09-28T15:50:46.462683+00:00,PUT /workflows/{id},PUT,200,75.373,True
2026-09-28T15:50:46.521122+00:00,GET /workflows,GET,200,16.897,True
2026-09-28T15:50:46.524124+00:00,GET /runs/{id}/logs,GET,200,17.174,True
2026-09-28T15:50:46.530136+00:00,GET /workflows/{id},GET,200,13.082,True
2026-09-28T15:50:46.537646+00:00,GET /workflows/{id},GET,200,16.541,True
2026-09-28T15:50:46.538649+00:00,GET /runs/{id},GET,200,19.124,True
2026-09-28T15:50:46.541167+00:00,GET /runs/{id},GET,200,20.911,True
2026-09-28T15:50:46.543166+00:00,GET /runs/{id},GET,200,20.423,True
2026-09-28T15:50:46.494609+00:00,PUT /workflows/{id},PUT,200,73.836,True
2026-09-28T15:50:46.557747+00:00,GET /runs/{id}/logs,GET,200,17.411,True
2026-09-28T15:50:46.494609+00:00,PUT /workflows/{id},PUT,500,87.048,False
2026-09-28T15:50:46.508117+00:00,PUT /workflows/{id},PUT,200,75.449,True
2026-09-28T15:50:46.562747+00:00,GET /workflows,GET,200,21.771,True
2026-09-28T15:50:46.563741+00:00,GET /workflows,GET,200,20.926,True
2026-09-28T15:50:46.567741+00:00,GET /runs/{id}/logs,GET,200,22.379,True
2026-09-28T15:50:46.584019+00:00,GET /workflows/{id},GET,200,16.799,True
2026-09-28T15:50:46.584019+00:00,GET /workflows/{id},GET,200,17.547,True
2026-09-28T15:50:46.585044+00:00,GET /agents/catalog,GET,200,16.776,True
2026-09-28T15:50:46.590457+00:00,GET /workflows/{id},GET,200,11.741,True
2026-09-28T15:50:46.581738+00:00,GET /health,GET,200,21.000,True
2026-09-28T15:50:46.537646+00:00,PUT /workflows/{id},PUT,200,70.042,True
2026-09-28T15:50:46.601380+00:00,GET /runs/{id},GET,200,18.853,True
2026-09-28T15:50:46.601380+00:00,GET /workflows,GET,200,20.230,True
2026-09-28T15:50:46.602424+00:00,GET /runs/{id},GET,200,19.347,True
2026-09-28T15:50:46.608061+00:00,GET /runs/{id},GET,200,14.674,True
2026-09-28T15:50:46.554739+00:00,PUT /workflows/{id},PUT,200,74.549,True
2026-09-28T15:50:46.621256+00:00,GET /workflows/{id},GET,200,12.066,True
2026-09-28T15:50:46.623250+00:00,GET /runs/{id},GET,200,17.312,True
2026-09-28T15:50:46.620261+00:00,GET /runs/{id},GET,200,19.772,True
2026-09-28T15:50:46.634250+00:00,GET /workflows/{id},GET,200,10.676,True
2026-09-28T15:50:46.574747+00:00,PUT /workflows/{id},PUT,200,70.065,True
2026-09-28T15:50:46.639770+00:00,GET /health,GET,200,4.860,True
2026-09-28T15:50:46.629256+00:00,GET /workflows,GET,200,17.566,True
2026-09-28T15:50:46.639770+00:00,GET /workflows/{id},GET,200,12.911,True
2026-09-28T15:50:46.644781+00:00,GET /runs/{id},GET,200,22.345,True
2026-09-28T15:50:46.644781+00:00,GET /runs/{id}/logs,GET,200,24.463,True
2026-09-28T15:50:46.644781+00:00,GET /workflows,GET,200,28.157,True
2026-09-28T15:50:46.672658+00:00,GET /health,GET,200,4.258,True
2026-09-28T15:50:46.601380+00:00,PUT /workflows/{id},PUT,200,76.234,True
2026-09-28T15:50:46.646783+00:00,GET /runs/{id},GET,200,40.275,True
2026-09-28T15:50:46.603489+00:00,PUT /workflows/{id},PUT,500,83.871,False
2026-09-28T15:50:46.652804+00:00,GET /workflows,GET,200,35.399,True
2026-09-28T15:50:46.621256+00:00,PUT /workflows/{id},PUT,200,77.660,True
2026-09-28T15:50:46.669658+00:00,GET /workflows,GET,200,32.259,True
2026-09-28T15:50:46.677775+00:00,GET /runs/{id}/logs,GET,200,31.808,True
2026-09-28T15:50:46.677188+00:00,GET /runs/{id}/logs,GET,200,38.054,True
2026-09-28T15:50:46.686494+00:00,GET /runs/{id}/logs,GET,200,32.149,True
2026-09-28T15:50:46.686494+00:00,GET /workflows,GET,200,32.799,True
2026-09-28T15:50:46.688760+00:00,GET /workflows,GET,200,36.871,True
2026-09-28T15:50:46.720125+00:00,GET /health,GET,200,6.064,True
2026-09-28T15:50:46.719124+00:00,GET /health,GET,200,7.087,True
2026-09-28T15:50:46.698722+00:00,POST /workflows/{id}/validate,POST,200,30.448,True
2026-09-28T15:50:46.701989+00:00,GET /runs/{id}/logs,GET,200,34.898,True
2026-09-28T15:50:46.709372+00:00,GET /workflows,GET,200,35.040,True
2026-09-28T15:50:46.725204+00:00,GET /workflows/{id},GET,200,19.663,True
2026-09-28T15:50:46.715025+00:00,GET /runs/{id}/logs,GET,200,30.389,True
2026-09-28T15:50:46.736641+00:00,GET /workflows/{id},GET,200,18.490,True
2026-09-28T15:50:46.726209+00:00,GET /runs/{id},GET,200,29.151,True
2026-09-28T15:50:46.726209+00:00,GET /workflows,GET,200,32.193,True
2026-09-28T15:50:46.667680+00:00,PUT /workflows/{id},PUT,200,90.915,True
2026-09-28T15:50:46.744843+00:00,GET /agents/catalog,GET,200,17.875,True
2026-09-28T15:50:46.744843+00:00,POST /workflows/{id}/validate,POST,200,24.418,True
2026-09-28T15:50:46.745843+00:00,GET /runs/{id},GET,200,25.862,True
2026-09-28T15:50:46.771262+00:00,GET /health,GET,200,5.687,True
2026-09-28T15:50:46.755088+00:00,GET /workflows,GET,200,28.393,True
2026-09-28T15:50:46.758453+00:00,POST /workflows/{id}/validate,POST,200,27.978,True
2026-09-28T15:50:46.757445+00:00,GET /runs/{id},GET,200,29.273,True
2026-09-28T15:50:46.762451+00:00,GET /runs/{id},GET,200,29.553,True
2026-09-28T15:50:46.787566+00:00,GET /health,GET,200,7.218,True
2026-09-28T15:50:46.768898+00:00,GET /workflows,GET,200,33.016,True
2026-09-28T15:50:46.776957+00:00,GET /workflows,GET,200,34.182,True
2026-09-28T15:50:46.786382+00:00,GET /workflows/{id},GET,200,26.851,True
2026-09-28T15:50:46.783770+00:00,GET /runs/{id},GET,200,32.130,True
2026-09-28T15:50:46.729641+00:00,PUT /workflows/{id},PUT,200,89.464,True
2026-09-28T15:50:46.794921+00:00,GET /agents/catalog,GET,200,24.942,True
2026-09-28T15:50:46.813401+00:00,GET /health,GET,200,10.168,True
2026-09-28T15:50:46.792849+00:00,GET /runs/{id}/logs,GET,200,33.479,True
2026-09-28T15:50:46.802191+00:00,GET /workflows/{id},GET,200,27.056,True
2026-09-28T15:50:46.826183+00:00,GET /health,GET,200,7.284,True
2026-09-28T15:50:46.833530+00:00,GET /health,GET,200,5.056,True
2026-09-28T15:50:46.819344+00:00,GET /agents/catalog,GET,200,23.785,True
2026-09-28T15:50:46.838283+00:00,GET /health,GET,200,5.218,True
2026-09-28T15:50:46.810705+00:00,GET /workflows,GET,200,32.762,True
2026-09-28T15:50:46.755088+00:00,PUT /workflows/{id},PUT,200,89.960,True
2026-09-28T15:50:46.815895+00:00,GET /runs/{id}/logs,GET,200,31.898,True
2026-09-28T15:50:46.843277+00:00,GET /health,GET,200,6.073,True
2026-09-28T15:50:46.819885+00:00,GET /workflows,GET,200,32.639,True
2026-09-28T15:50:46.845285+00:00,GET /health,GET,200,7.132,True
2026-09-28T15:50:46.823584+00:00,GET /runs/{id}/logs,GET,200,32.550,True
2026-09-28T15:50:46.829338+00:00,GET /workflows,GET,200,30.520,True
2026-09-28T15:50:46.847293+00:00,GET /workflows/{id},GET,200,21.393,True
2026-09-28T15:50:46.849299+00:00,GET /workflows/{id},GET,200,21.623,True
2026-09-28T15:50:46.842275+00:00,GET /runs/{id},GET,200,29.156,True
2026-09-28T15:50:46.844276+00:00,GET /runs/{id},GET,200,28.793,True
2026-09-28T15:50:46.868972+00:00,GET /health,GET,200,6.052,True
2026-09-28T15:50:46.852291+00:00,GET /workflows/{id},GET,200,23.735,True
2026-09-28T15:50:46.852291+00:00,GET /workflows,GET,200,28.495,True
2026-09-28T15:50:46.856304+00:00,GET /runs/{id}/logs,GET,200,26.197,True
2026-09-28T15:50:46.859830+00:00,GET /runs/{id}/logs,GET,200,23.285,True
2026-09-28T15:50:46.871960+00:00,GET /runs/{id}/logs,GET,200,21.457,True
2026-09-28T15:50:46.870969+00:00,GET /runs/{id},GET,200,22.592,True
2026-09-28T15:50:46.883229+00:00,GET /workflows/{id},GET,200,14.269,True
2026-09-28T15:50:46.874501+00:00,GET /runs/{id}/logs,GET,200,25.623,True
2026-09-28T15:50:46.881222+00:00,POST /workflows/{id}/validate,POST,200,22.668,True
2026-09-28T15:50:46.882232+00:00,GET /runs/{id}/logs,GET,200,24.245,True
2026-09-28T15:50:46.903829+00:00,GET /health,GET,200,4.544,True
2026-09-28T15:50:46.893379+00:00,GET /workflows/{id},GET,200,17.793,True
2026-09-28T15:50:46.893379+00:00,GET /workflows,GET,200,25.406,True
2026-09-28T15:50:46.900829+00:00,GET /runs/{id},GET,200,21.002,True
2026-09-28T15:50:46.896830+00:00,GET /workflows,GET,200,25.869,True
2026-09-28T15:50:46.906827+00:00,GET /runs/{id}/logs,GET,200,24.136,True
2026-09-28T15:50:46.907828+00:00,GET /runs/{id},GET,200,26.122,True
2026-09-28T15:50:46.910827+00:00,GET /runs/{id}/logs,GET,200,25.443,True
2026-09-28T15:50:46.936250+00:00,GET /health,GET,200,6.128,True
2026-09-28T15:50:46.922227+00:00,GET /runs/{id}/logs,GET,200,22.222,True
2026-09-28T15:50:46.923229+00:00,GET /workflows,GET,200,22.589,True
2026-09-28T15:50:46.944232+00:00,GET /health,GET,200,4.072,True
2026-09-28T15:50:46.930242+00:00,GET /workflows/{id},GET,200,17.792,True
2026-09-28T15:50:46.934256+00:00,GET /agents/catalog,GET,200,14.742,True
2026-09-28T15:50:46.872983+00:00,PUT /workflows/{id},PUT,200,81.821,True
2026-09-28T15:50:46.876008+00:00,PUT /workflows/{id},PUT,500,85.455,False
2026-09-28T15:50:46.943228+00:00,GET /runs/{id}/logs,GET,200,19.928,True
2026-09-28T15:50:46.954286+00:00,GET /health,GET,200,9.430,True
2026-09-28T15:50:46.948246+00:00,GET /workflows/{id},GET,200,19.393,True
2026-09-28T15:50:46.967499+00:00,GET /health,GET,200,5.984,True
2026-09-28T15:50:46.948753+00:00,GET /runs/{id},GET,200,25.527,True
2026-09-28T15:50:46.945236+00:00,GET /workflows,GET,200,29.203,True
2026-09-28T15:50:46.948753+00:00,GET /runs/{id}/logs,GET,200,27.509,True
2026-09-28T15:50:46.962781+00:00,GET /workflows/{id},GET,200,19.847,True
2026-09-28T15:50:46.983053+00:00,GET /health,GET,200,4.488,True
2026-09-28T15:50:46.961277+00:00,GET /runs/{id},GET,200,32.576,True
2026-09-28T15:50:46.962781+00:00,GET /workflows,GET,200,31.541,True
2026-09-28T15:50:46.974497+00:00,GET /workflows/{id},GET,200,25.194,True
2026-09-28T15:50:46.973497+00:00,GET /runs/{id}/logs,GET,200,30.072,True
2026-09-28T15:50:46.919232+00:00,PUT /workflows/{id},PUT,200,85.569,True
2026-09-28T15:50:46.977008+00:00,GET /runs/{id}/logs,GET,200,28.335,True
2026-09-28T15:50:46.973497+00:00,GET /runs/{id},GET,200,31.681,True
2026-09-28T15:50:46.994136+00:00,GET /runs/{id}/logs,GET,200,24.222,True
2026-09-28T15:50:46.994136+00:00,GET /runs/{id}/logs,GET,200,29.865,True
2026-09-28T15:50:47.000072+00:00,GET /workflows,GET,200,31.171,True
2026-09-28T15:50:47.004670+00:00,GET /runs/{id},GET,200,26.838,True
2026-09-28T15:50:47.003245+00:00,GET /workflows,GET,200,28.232,True
2026-09-28T15:50:47.004670+00:00,GET /runs/{id}/logs,GET,200,27.739,True
2026-09-28T15:50:47.004670+00:00,GET /runs/{id}/logs,GET,200,28.378,True
2026-09-28T15:50:47.017587+00:00,GET /agents/catalog,GET,200,19.359,True
2026-09-28T15:50:47.023779+00:00,POST /workflows/{id}/validate,POST,200,24.618,True
2026-09-28T15:50:47.030797+00:00,GET /runs/{id}/logs,GET,200,26.428,True
2026-09-28T15:50:47.031779+00:00,GET /runs/{id},GET,200,28.253,True
2026-09-28T15:50:47.032779+00:00,GET /workflows,GET,200,30.223,True
2026-09-28T15:50:47.033784+00:00,GET /runs/{id},GET,200,29.999,True
2026-09-28T15:50:47.031779+00:00,GET /runs/{id}/logs,GET,200,32.759,True
2026-09-28T15:50:47.037803+00:00,GET /workflows,GET,200,32.074,True
2026-09-28T15:50:47.063260+00:00,GET /health,GET,200,6.230,True
2026-09-28T15:50:46.987986+00:00,PUT /workflows/{id},PUT,200,83.611,True
2026-09-28T15:50:47.057600+00:00,GET /workflows/{id},GET,200,18.064,True
2026-09-28T15:50:47.049063+00:00,GET /workflows,GET,200,28.904,True
2026-09-28T15:50:47.060726+00:00,GET /workflows/{id},GET,200,21.861,True
2026-09-28T15:50:47.064271+00:00,GET /runs/{id},GET,200,24.279,True
2026-09-28T15:50:47.063260+00:00,GET /runs/{id}/logs,GET,200,28.881,True
2026-09-28T15:50:47.069496+00:00,GET /workflows/{id},GET,200,24.097,True
2026-09-28T15:50:47.088887+00:00,GET /health,GET,200,6.245,True
2026-09-28T15:50:47.069496+00:00,GET /runs/{id},GET,200,30.158,True
2026-09-28T15:50:47.077924+00:00,GET /workflows,GET,200,29.930,True
2026-09-28T15:50:47.082304+00:00,POST /workflows/{id}/validate,POST,200,26.776,True
2026-09-28T15:50:47.071334+00:00,GET /workflows,GET,200,37.400,True
2026-09-28T15:50:47.106781+00:00,GET /health,GET,200,5.408,True
2026-09-28T15:50:47.092144+00:00,GET /runs/{id},GET,200,25.685,True
2026-09-28T15:50:47.093249+00:00,GET /runs/{id},GET,200,27.969,True
2026-09-28T15:50:47.094708+00:00,GET /runs/{id},GET,200,29.302,True
2026-09-28T15:50:47.121407+00:00,GET /health,GET,200,4.995,True
2026-09-28T15:50:47.099974+00:00,GET /runs/{id},GET,200,30.092,True
2026-09-28T15:50:47.109751+00:00,GET /workflows/{id},GET,200,21.050,True
2026-09-28T15:50:47.112630+00:00,GET /runs/{id},GET,200,21.652,True
2026-09-28T15:50:47.108281+00:00,GET /runs/{id},GET,200,33.153,True
2026-09-28T15:50:47.117353+00:00,GET /workflows,GET,200,30.134,True
2026-09-28T15:50:47.129664+00:00,GET /workflows/{id},GET,200,20.798,True
2026-09-28T15:50:47.126656+00:00,GET /runs/{id},GET,200,30.358,True
2026-09-28T15:50:47.130743+00:00,GET /runs/{id}/logs,GET,200,27.861,True
2026-09-28T15:50:47.134751+00:00,GET /runs/{id},GET,200,24.319,True
2026-09-28T15:50:47.075870+00:00,PUT /workflows/{id},PUT,200,86.520,True
2026-09-28T15:50:47.142319+00:00,GET /runs/{id}/logs,GET,200,28.795,True
2026-09-28T15:50:47.147889+00:00,GET /runs/{id},GET,200,25.586,True
2026-09-28T15:50:47.158887+00:00,GET /workflows/{id},GET,200,17.366,True
2026-09-28T15:50:47.150887+00:00,GET /workflows,GET,200,26.038,True
2026-09-28T15:50:47.157888+00:00,GET /workflows/{id},GET,200,21.176,True
2026-09-28T15:50:47.161990+00:00,GET /runs/{id},GET,200,21.064,True
2026-09-28T15:50:47.156887+00:00,GET /workflows/{id},GET,200,26.439,True
2026-09-28T15:50:47.183364+00:00,GET /health,GET,200,7.795,True
2026-09-28T15:50:47.170809+00:00,POST /workflows/{id}/validate,POST,200,23.830,True
2026-09-28T15:50:47.172818+00:00,GET /runs/{id}/logs,GET,200,33.857,True
2026-09-28T15:50:47.176043+00:00,GET /workflows,GET,200,33.229,True
2026-09-28T15:50:47.179149+00:00,GET /runs/{id},GET,200,35.115,True
2026-09-28T15:50:47.124652+00:00,PUT /workflows/{id},PUT,200,90.196,True
2026-09-28T15:50:47.177049+00:00,GET /workflows,GET,200,38.667,True
2026-09-28T15:50:47.183364+00:00,GET /workflows,GET,200,36.709,True
2026-09-28T15:50:47.191440+00:00,GET /runs/{id},GET,200,30.930,True
2026-09-28T15:50:47.194376+00:00,GET /runs/{id},GET,200,34.036,True
2026-09-28T15:50:47.209759+00:00,GET /workflows/{id},GET,200,21.988,True
2026-09-28T15:50:47.231690+00:00,GET /health,GET,200,7.209,True
2026-09-28T15:50:47.215511+00:00,GET /runs/{id}/logs,GET,200,28.056,True
2026-09-28T15:50:47.207308+00:00,GET /workflows,GET,200,36.641,True
2026-09-28T15:50:47.215511+00:00,GET /runs/{id},GET,200,30.970,True
2026-09-28T15:50:47.221983+00:00,GET /runs/{id}/logs,GET,200,28.362,True
2026-09-28T15:50:47.214495+00:00,GET /runs/{id}/logs,GET,200,36.511,True
2026-09-28T15:50:47.219980+00:00,GET /runs/{id}/logs,GET,200,36.867,True
2026-09-28T15:50:47.229062+00:00,GET /workflows,GET,200,33.185,True
2026-09-28T15:50:47.238793+00:00,GET /workflows/{id},GET,200,23.590,True
2026-09-28T15:50:47.243309+00:00,GET /workflows/{id},GET,200,21.047,True
2026-09-28T15:50:47.243309+00:00,GET /runs/{id}/logs,GET,200,24.187,True
2026-09-28T15:50:47.250756+00:00,GET /workflows/{id},GET,200,19.423,True
2026-09-28T15:50:47.250756+00:00,POST /workflows/{id}/validate,POST,200,20.567,True
2026-09-28T15:50:47.256856+00:00,GET /runs/{id}/logs,GET,200,19.886,True
2026-09-28T15:50:47.262372+00:00,POST /workflows/{id}/validate,POST,200,17.571,True
2026-09-28T15:50:47.264980+00:00,POST /workflows/{id}/validate,POST,200,18.921,True
2026-09-28T15:50:47.271772+00:00,GET /runs/{id},GET,200,13.419,True
2026-09-28T15:50:47.283787+00:00,GET /health,GET,200,3.701,True
2026-09-28T15:50:47.276778+00:00,GET /runs/{id},GET,200,13.224,True
2026-09-28T15:50:47.279316+00:00,GET /runs/{id}/logs,GET,200,11.490,True
2026-09-28T15:50:47.285466+00:00,GET /runs/{id},GET,200,14.996,True
2026-09-28T15:50:47.289526+00:00,GET /runs/{id},GET,200,15.196,True
2026-09-28T15:50:47.290991+00:00,GET /workflows,GET,200,15.966,True
2026-09-28T15:50:47.245307+00:00,PUT /workflows/{id},PUT,200,68.607,True
2026-09-28T15:50:47.299857+00:00,GET /runs/{id},GET,200,18.634,True
2026-09-28T15:50:47.305554+00:00,GET /runs/{id},GET,200,17.255,True
2026-09-28T15:50:47.306958+00:00,GET /runs/{id},GET,200,19.627,True
2026-09-28T15:50:47.314413+00:00,GET /runs/{id},GET,200,19.553,True
2026-09-28T15:50:47.262902+00:00,PUT /workflows/{id},PUT,200,72.005,True
2026-09-28T15:50:47.322935+00:00,GET /workflows/{id},GET,200,13.737,True
2026-09-28T15:50:47.268155+00:00,PUT /workflows/{id},PUT,200,85.949,True
2026-09-28T15:50:47.269707+00:00,PUT /workflows/{id},PUT,500,84.038,False
2026-09-28T15:50:47.333956+00:00,GET /runs/{id}/logs,GET,200,19.937,True
2026-09-28T15:50:47.334957+00:00,GET /runs/{id},GET,200,20.330,True
2026-09-28T15:50:47.336955+00:00,GET /runs/{id}/logs,GET,200,18.695,True
2026-09-28T15:50:47.287526+00:00,PUT /workflows/{id},PUT,200,69.105,True
2026-09-28T15:50:47.354768+00:00,GET /health,GET,200,4.319,True
2026-09-28T15:50:47.353767+00:00,GET /runs/{id},GET,200,20.186,True
2026-09-28T15:50:47.353767+00:00,GET /workflows,GET,200,24.013,True
2026-09-28T15:50:47.356766+00:00,GET /runs/{id}/logs,GET,200,25.161,True
2026-09-28T15:50:47.354768+00:00,GET /workflows,GET,200,29.135,True
2026-09-28T15:50:47.353767+00:00,GET /workflows,GET,200,31.225,True
2026-09-28T15:50:47.358773+00:00,GET /runs/{id},GET,200,26.129,True
2026-09-28T15:50:47.377777+00:00,GET /health,GET,200,7.648,True
2026-09-28T15:50:47.385887+00:00,GET /health,GET,200,5.779,True
2026-09-28T15:50:47.373774+00:00,GET /runs/{id},GET,200,29.945,True
2026-09-28T15:50:47.381882+00:00,GET /runs/{id},GET,200,27.302,True
2026-09-28T15:50:47.384882+00:00,GET /workflows/{id},GET,200,29.785,True
2026-09-28T15:50:47.318934+00:00,PUT /workflows/{id},PUT,200,96.208,True
2026-09-28T15:50:47.384882+00:00,GET /runs/{id},GET,200,30.727,True
2026-09-28T15:50:47.383883+00:00,GET /workflows,GET,200,37.931,True
2026-09-28T15:50:47.326955+00:00,PUT /workflows/{id},PUT,500,96.131,False
2026-09-28T15:50:47.391441+00:00,GET /runs/{id},GET,200,33.057,True
2026-09-28T15:50:47.403599+00:00,GET /workflows,GET,200,21.393,True
2026-09-28T15:50:47.415112+00:00,GET /health,GET,200,10.860,True
2026-09-28T15:50:47.425390+00:00,GET /health,GET,200,5.487,True
2026-09-28T15:50:47.430910+00:00,GET /health,GET,200,3.678,True
2026-09-28T15:50:47.408624+00:00,GET /workflows,GET,200,31.210,True
2026-09-28T15:50:47.416103+00:00,GET /workflows,GET,200,27.333,True
2026-09-28T15:50:47.422380+00:00,GET /workflows/{id},GET,200,21.585,True
2026-09-28T15:50:47.443922+00:00,GET /health,GET,200,5.771,True
2026-09-28T15:50:47.415112+00:00,GET /workflows,GET,200,35.231,True
2026-09-28T15:50:47.433928+00:00,GET /workflows/{id},GET,200,16.638,True
2026-09-28T15:50:47.424391+00:00,GET /runs/{id},GET,200,28.735,True
2026-09-28T15:50:47.449956+00:00,GET /health,GET,200,4.117,True
2026-09-28T15:50:47.439922+00:00,GET /workflows/{id},GET,200,15.113,True
2026-09-28T15:50:47.442923+00:00,GET /workflows/{id},GET,200,13.999,True
2026-09-28T15:50:47.452955+00:00,GET /health,GET,200,4.243,True
2026-09-28T15:50:47.422380+00:00,PUT /workflows/{id},PUT,200,37.639,True
2026-09-28T15:50:47.449956+00:00,GET /workflows,GET,200,21.343,True
2026-09-28T15:50:47.454956+00:00,GET /runs/{id}/logs,GET,200,17.064,True
2026-09-28T15:50:47.459956+00:00,GET /workflows/{id},GET,200,13.159,True
2026-09-28T15:50:47.457955+00:00,GET /runs/{id}/logs,GET,200,17.332,True
2026-09-28T15:50:47.453956+00:00,GET /runs/{id}/logs,GET,200,21.034,True
2026-09-28T15:50:47.470905+00:00,GET /health,GET,200,5.084,True
2026-09-28T15:50:47.475477+00:00,POST /workflows/{id}/validate,POST,200,15.934,True
2026-09-28T15:50:47.471908+00:00,GET /runs/{id}/logs,GET,200,24.280,True
2026-09-28T15:50:47.475477+00:00,GET /runs/{id}/logs,GET,200,25.475,True
2026-09-28T15:50:47.475477+00:00,GET /runs/{id}/logs,GET,200,28.260,True
2026-09-28T15:50:47.473471+00:00,GET /runs/{id},GET,200,34.418,True
2026-09-28T15:50:47.425390+00:00,PUT /workflows/{id},PUT,200,84.098,True
2026-09-28T15:50:47.499917+00:00,GET /workflows/{id},GET,200,25.245,True
2026-09-28T15:50:47.491636+00:00,GET /workflows,GET,200,37.784,True
2026-09-28T15:50:47.496492+00:00,GET /workflows,GET,200,34.216,True
2026-09-28T15:50:47.503190+00:00,GET /runs/{id}/logs,GET,200,36.614,True
2026-09-28T15:50:47.450954+00:00,PUT /workflows/{id},PUT,200,89.692,True
2026-09-28T15:50:47.456956+00:00,PUT /workflows/{id},PUT,500,83.954,False
2026-09-28T15:50:47.508286+00:00,GET /workflows,GET,200,33.670,True
2026-09-28T15:50:47.525956+00:00,GET /workflows/{id},GET,200,18.578,True
2026-09-28T15:50:47.529960+00:00,GET /runs/{id}/logs,GET,200,20.486,True
2026-09-28T15:50:47.540961+00:00,GET /workflows/{id},GET,200,12.767,True
2026-09-28T15:50:47.539963+00:00,GET /agents/catalog,GET,200,14.962,True
2026-09-28T15:50:47.544965+00:00,GET /workflows,GET,200,18.834,True
2026-09-28T15:50:47.549969+00:00,GET /runs/{id},GET,200,22.653,True
2026-09-28T15:50:47.563747+00:00,GET /workflows/{id},GET,200,15.507,True
2026-09-28T15:50:47.540961+00:00,PUT /workflows/{id},PUT,200,37.796,True
2026-09-28T15:50:47.555152+00:00,GET /workflows,GET,200,25.375,True
2026-09-28T15:50:47.553648+00:00,GET /workflows,GET,200,27.201,True
2026-09-28T15:50:47.509526+00:00,PUT /workflows/{id},PUT,200,74.745,True
2026-09-28T15:50:47.580746+00:00,GET /health,GET,200,5.973,True
2026-09-28T15:50:47.583942+00:00,GET /health,GET,200,8.440,True
2026-09-28T15:50:47.572746+00:00,GET /workflows/{id},GET,200,23.635,True
2026-09-28T15:50:47.578745+00:00,GET /runs/{id}/logs,GET,200,24.549,True
2026-09-28T15:50:47.596632+00:00,GET /health,GET,200,7.068,True
2026-09-28T15:50:47.578745+00:00,GET /agents/catalog,GET,200,27.124,True
2026-09-28T15:50:47.580746+00:00,GET /workflows,GET,200,30.724,True
2026-09-28T15:50:47.530962+00:00,PUT /workflows/{id},PUT,200,80.680,True
2026-09-28T15:50:47.604052+00:00,GET /health,GET,200,8.533,True
2026-09-28T15:50:47.541961+00:00,PUT /workflows/{id},PUT,500,70.683,False
2026-09-28T15:50:47.586380+00:00,GET /workflows/{id},GET,200,26.281,True
2026-09-28T15:50:47.610837+00:00,GET /workflows/{id},GET,200,18.723,True
2026-09-28T15:50:47.606696+00:00,GET /runs/{id}/logs,GET,200,25.798,True
2026-09-28T15:50:47.630015+00:00,GET /health,GET,200,6.562,True
2026-09-28T15:50:47.610837+00:00,GET /runs/{id}/logs,GET,200,25.647,True
2026-09-28T15:50:47.603052+00:00,GET /runs/{id},GET,200,33.878,True
2026-09-28T15:50:47.612222+00:00,GET /runs/{id},GET,200,25.519,True
2026-09-28T15:50:47.612222+00:00,GET /runs/{id},GET,200,25.506,True
2026-09-28T15:50:47.612222+00:00,GET /workflows,GET,200,36.029,True
2026-09-28T15:50:47.648438+00:00,GET /health,GET,200,5.097,True
2026-09-28T15:50:47.632013+00:00,GET /workflows,GET,200,30.595,True
2026-09-28T15:50:47.636013+00:00,GET /runs/{id},GET,200,28.851,True
2026-09-28T15:50:47.637401+00:00,GET /runs/{id},GET,200,29.316,True
2026-09-28T15:50:47.637401+00:00,GET /workflows,GET,200,35.245,True
2026-09-28T15:50:47.637401+00:00,GET /workflows,GET,200,37.627,True
2026-09-28T15:50:47.638409+00:00,GET /workflows,GET,200,37.008,True
2026-09-28T15:50:47.593624+00:00,PUT /workflows/{id},PUT,200,87.847,True
2026-09-28T15:50:47.653652+00:00,GET /runs/{id},GET,200,27.826,True
2026-09-28T15:50:47.663188+00:00,GET /runs/{id}/logs,GET,200,33.004,True
2026-09-28T15:50:47.667221+00:00,GET /runs/{id}/logs,GET,200,29.293,True
2026-09-28T15:50:47.665206+00:00,GET /runs/{id},GET,200,31.333,True
2026-09-28T15:50:47.675221+00:00,GET /agents/catalog,GET,200,27.011,True
2026-09-28T15:50:47.672210+00:00,GET /workflows,GET,200,29.948,True
2026-09-28T15:50:47.696892+00:00,GET /health,GET,200,6.570,True
2026-09-28T15:50:47.675880+00:00,GET /workflows,GET,200,32.348,True
2026-09-28T15:50:47.680948+00:00,GET /workflows,GET,200,31.045,True
2026-09-28T15:50:47.695499+00:00,GET /workflows/{id},GET,200,24.905,True
2026-09-28T15:50:47.680948+00:00,GET /runs/{id}/logs,GET,200,39.932,True
2026-09-28T15:50:47.702560+00:00,GET /workflows/{id},GET,200,19.623,True
2026-09-28T15:50:47.696892+00:00,GET /workflows,GET,200,30.413,True
2026-09-28T15:50:47.707649+00:00,GET /workflows/{id},GET,200,21.226,True
2026-09-28T15:50:47.702560+00:00,GET /runs/{id},GET,200,26.849,True
2026-09-28T15:50:47.712539+00:00,GET /runs/{id}/logs,GET,200,21.290,True
2026-09-28T15:50:47.720968+00:00,GET /runs/{id}/logs,GET,200,20.028,True
2026-09-28T15:50:47.722968+00:00,GET /runs/{id},GET,200,21.000,True
2026-09-28T15:50:47.720968+00:00,GET /runs/{id},GET,200,23.678,True
2026-09-28T15:50:47.729495+00:00,GET /runs/{id},GET,200,16.510,True
2026-09-28T15:50:47.733499+00:00,POST /workflows/{id}/validate,POST,200,15.858,True
2026-09-28T15:50:47.741159+00:00,GET /workflows/{id},GET,200,13.488,True
2026-09-28T15:50:47.745673+00:00,GET /runs/{id},GET,200,17.766,True
2026-09-28T15:50:47.743666+00:00,GET /runs/{id}/logs,GET,200,22.252,True
2026-09-28T15:50:47.744676+00:00,GET /workflows,GET,200,24.378,True
2026-09-28T15:50:47.749663+00:00,GET /workflows,GET,200,21.482,True
2026-09-28T15:50:47.701458+00:00,PUT /workflows/{id},PUT,200,70.432,True
2026-09-28T15:50:47.771285+00:00,GET /health,GET,200,5.267,True
2026-09-28T15:50:47.765894+00:00,GET /runs/{id}/logs,GET,200,11.563,True
2026-09-28T15:50:47.769202+00:00,GET /runs/{id}/logs,GET,200,20.257,True
2026-09-28T15:50:47.772856+00:00,GET /runs/{id}/logs,GET,200,26.491,True
2026-09-28T15:50:47.729495+00:00,PUT /workflows/{id},PUT,200,71.396,True
2026-09-28T15:50:47.776413+00:00,GET /runs/{id}/logs,GET,200,25.110,True
2026-09-28T15:50:47.777407+00:00,GET /runs/{id},GET,200,27.242,True
2026-09-28T15:50:47.726975+00:00,PUT /workflows/{id},PUT,200,87.688,True
2026-09-28T15:50:47.788996+00:00,GET /workflows,GET,200,28.620,True
2026-09-28T15:50:47.801044+00:00,GET /workflows/{id},GET,200,22.626,True
2026-09-28T15:50:47.799037+00:00,GET /runs/{id}/logs,GET,200,24.867,True
2026-09-28T15:50:47.804547+00:00,POST /workflows/{id}/validate,POST,200,23.398,True
2026-09-28T15:50:47.822978+00:00,GET /health,GET,200,4.949,True
2026-09-28T15:50:47.754362+00:00,PUT /workflows/{id},PUT,200,85.521,True
2026-09-28T15:50:47.763803+00:00,PUT /workflows/{id},PUT,500,82.349,False
2026-09-28T15:50:47.818110+00:00,GET /runs/{id},GET,200,30.576,True
2026-09-28T15:50:47.814300+00:00,GET /workflows,GET,200,33.727,True
2026-09-28T15:50:47.823982+00:00,GET /runs/{id},GET,200,25.231,True
2026-09-28T15:50:47.827498+00:00,GET /workflows,GET,200,31.768,True
2026-09-28T15:50:47.828672+00:00,GET /runs/{id},GET,200,31.736,True
2026-09-28T15:50:47.848600+00:00,GET /workflows/{id},GET,200,19.869,True
2026-09-28T15:50:47.848600+00:00,GET /runs/{id}/logs,GET,200,24.982,True
2026-09-28T15:50:47.846144+00:00,GET /workflows,GET,200,30.188,True
2026-09-28T15:50:47.848600+00:00,GET /workflows,GET,200,30.489,True
2026-09-28T15:50:47.876200+00:00,GET /health,GET,200,5.430,True
2026-09-28T15:50:47.840098+00:00,PUT /workflows/{id},PUT,500,47.350,False
2026-09-28T15:50:47.801044+00:00,PUT /workflows/{id},PUT,200,86.341,True
2026-09-28T15:50:47.869223+00:00,GET /runs/{id}/logs,GET,200,21.551,True
2026-09-28T15:50:47.859607+00:00,GET /runs/{id}/logs,GET,200,30.883,True
2026-09-28T15:50:47.890770+00:00,GET /health,GET,200,6.889,True
2026-09-28T15:50:47.873208+00:00,GET /runs/{id},GET,200,24.760,True
2026-09-28T15:50:47.879393+00:00,GET /workflows/{id},GET,200,20.322,True
2026-09-28T15:50:47.896935+00:00,GET /health,GET,200,6.311,True
2026-09-28T15:50:47.887653+00:00,GET /workflows/{id},GET,200,17.641,True
2026-09-28T15:50:47.881397+00:00,GET /workflows,GET,200,31.705,True
2026-09-28T15:50:47.887653+00:00,POST /workflows/{id}/validate,POST,200,26.156,True
2026-09-28T15:50:47.890770+00:00,GET /runs/{id},GET,200,28.525,True
2026-09-28T15:50:47.898398+00:00,GET /runs/{id}/logs,GET,200,25.689,True
2026-09-28T15:50:47.899406+00:00,GET /runs/{id},GET,200,27.455,True
2026-09-28T15:50:47.913260+00:00,GET /runs/{id}/logs,GET,200,21.729,True
2026-09-28T15:50:47.913260+00:00,GET /runs/{id},GET,200,23.118,True
2026-09-28T15:50:47.919087+00:00,POST /workflows/{id}/validate,POST,200,18.446,True
2026-09-28T15:50:47.859607+00:00,PUT /workflows/{id},PUT,200,78.595,True
2026-09-28T15:50:47.924060+00:00,GET /workflows,GET,200,21.371,True
2026-09-28T15:50:47.927060+00:00,GET /runs/{id},GET,200,22.496,True
2026-09-28T15:50:47.937068+00:00,GET /workflows/{id},GET,200,17.228,True
2026-09-28T15:50:47.936073+00:00,GET /agents/catalog,GET,200,19.456,True
2026-09-28T15:50:47.939073+00:00,GET /runs/{id},GET,200,18.516,True
2026-09-28T15:50:47.936073+00:00,POST /workflows/{id}/validate,POST,200,23.095,True
2026-09-28T15:50:47.945138+00:00,GET /runs/{id},GET,200,23.528,True
2026-09-28T15:50:47.956856+00:00,GET /agents/catalog,GET,200,18.183,True
2026-09-28T15:50:47.949145+00:00,GET /runs/{id}/logs,GET,200,26.344,True
2026-09-28T15:50:47.955152+00:00,GET /workflows/{id},GET,200,20.657,True
2026-09-28T15:50:47.904341+00:00,PUT /workflows/{id},PUT,500,78.150,False
2026-09-28T15:50:47.904341+00:00,PUT /workflows/{id},PUT,200,80.458,True
2026-09-28T15:50:47.968350+00:00,GET /runs/{id}/logs,GET,200,17.344,True
2026-09-28T15:50:47.984974+00:00,GET /health,GET,200,5.130,True
2026-09-28T15:50:47.982924+00:00,GET /health,GET,200,7.029,True
2026-09-28T15:50:47.975860+00:00,GET /agents/catalog,GET,200,18.585,True
2026-09-28T15:50:47.975860+00:00,GET /runs/{id}/logs,GET,200,24.279,True
2026-09-28T15:50:47.986344+00:00,GET /workflows/{id},GET,200,14.719,True
2026-09-28T15:50:47.974854+00:00,GET /runs/{id},GET,200,25.581,True
2026-09-28T15:50:47.990063+00:00,GET /workflows/{id},GET,200,16.217,True
2026-09-28T15:50:47.990063+00:00,GET /runs/{id},GET,200,24.245,True
2026-09-28T15:50:48.001029+00:00,GET /workflows/{id},GET,200,16.756,True
2026-09-28T15:50:47.999584+00:00,GET /runs/{id},GET,200,21.034,True
2026-09-28T15:50:48.001029+00:00,GET /agents/catalog,GET,200,20.875,True
2026-09-28T15:50:48.005138+00:00,GET /runs/{id},GET,200,26.781,True
2026-09-28T15:50:48.032449+00:00,GET /health,GET,200,4.609,True
2026-09-28T15:50:48.021235+00:00,GET /agents/catalog,GET,200,17.779,True
2026-09-28T15:50:48.016689+00:00,GET /workflows,GET,200,27.432,True
2026-09-28T15:50:48.014203+00:00,GET /runs/{id}/logs,GET,200,31.506,True
2026-09-28T15:50:47.958856+00:00,PUT /workflows/{id},PUT,500,86.961,False
2026-09-28T15:50:48.039095+00:00,GET /health,GET,200,7.606,True
2026-09-28T15:50:48.021235+00:00,GET /runs/{id}/logs,GET,200,26.348,True
2026-09-28T15:50:47.955152+00:00,PUT /workflows/{id},PUT,200,92.892,True
2026-09-28T15:50:48.048015+00:00,GET /health,GET,200,5.897,True
2026-09-28T15:50:48.037093+00:00,GET /runs/{id},GET,200,24.029,True
2026-09-28T15:50:48.047009+00:00,GET /workflows/{id},GET,200,17.591,True
2026-09-28T15:50:48.045092+00:00,GET /workflows/{id},GET,200,19.953,True
2026-09-28T15:50:48.064946+00:00,GET /health,GET,200,7.460,True
2026-09-28T15:50:48.054000+00:00,GET /workflows/{id},GET,200,20.114,True
2026-09-28T15:50:48.046093+00:00,GET /runs/{id},GET,200,29.899,True
2026-09-28T15:50:48.046093+00:00,GET /workflows,GET,200,30.757,True
2026-09-28T15:50:48.073982+00:00,GET /health,GET,200,6.059,True
2026-09-28T15:50:48.061322+00:00,GET /workflows/{id},GET,200,20.201,True
2026-09-28T15:50:47.994492+00:00,PUT /workflows/{id},PUT,200,89.823,True
2026-09-28T15:50:48.064946+00:00,GET /runs/{id}/logs,GET,200,24.611,True
2026-09-28T15:50:48.072932+00:00,GET /workflows/{id},GET,200,18.871,True
2026-09-28T15:50:48.081884+00:00,GET /workflows/{id},GET,200,18.284,True
2026-09-28T15:50:48.084370+00:00,GET /agents/catalog,GET,200,23.716,True
2026-09-28T15:50:48.076638+00:00,GET /runs/{id},GET,200,34.292,True
2026-09-28T15:50:48.077035+00:00,GET /workflows,GET,200,34.660,True
2026-09-28T15:50:48.079672+00:00,POST /workflows/{id}/validate,POST,200,32.547,True
2026-09-28T15:50:48.107427+00:00,GET /health,GET,200,12.596,True
2026-09-28T15:50:48.088552+00:00,GET /workflows,GET,200,36.669,True
2026-09-28T15:50:48.091785+00:00,GET /workflows,GET,200,43.330,True
2026-09-28T15:50:48.111403+00:00,GET /workflows/{id},GET,200,34.415,True
2026-09-28T15:50:48.120919+00:00,GET /runs/{id}/logs,GET,200,34.327,True
2026-09-28T15:50:48.110874+00:00,GET /runs/{id}/logs,GET,200,55.288,True
2026-09-28T15:50:48.112462+00:00,GET /runs/{id},GET,200,55.746,True
2026-09-28T15:50:48.155154+00:00,GET /health,GET,200,13.293,True
2026-09-28T15:50:48.134113+00:00,GET /runs/{id}/logs,GET,200,38.202,True
2026-09-28T15:50:48.126093+00:00,GET /workflows,GET,200,47.593,True
2026-09-28T15:50:48.047009+00:00,PUT /workflows/{id},PUT,200,126.826,True
2026-09-28T15:50:48.146185+00:00,GET /workflows,GET,200,34.769,True
2026-09-28T15:50:48.099559+00:00,PUT /workflows/{id},PUT,200,95.577,True
2026-09-28T15:50:48.166275+00:00,GET /runs/{id},GET,200,29.992,True
2026-09-28T15:50:48.167719+00:00,GET /runs/{id},GET,200,29.318,True
2026-09-28T15:50:48.173224+00:00,GET /runs/{id},GET,200,31.173,True
2026-09-28T15:50:48.173224+00:00,GET /runs/{id},GET,200,30.946,True
2026-09-28T15:50:48.180222+00:00,POST /workflows/{id}/validate,POST,200,27.148,True
2026-09-28T15:50:48.204222+00:00,GET /health,GET,200,4.650,True
2026-09-28T15:50:48.197223+00:00,GET /workflows/{id},GET,200,13.922,True
2026-09-28T15:50:48.196225+00:00,GET /agents/catalog,GET,200,17.407,True
2026-09-28T15:50:48.195223+00:00,GET /agents/catalog,GET,200,18.509,True
2026-09-28T15:50:48.174226+00:00,PUT /workflows/{id},PUT,200,44.956,True
2026-09-28T15:50:48.209224+00:00,POST /workflows/{id}/validate,POST,200,22.726,True
2026-09-28T15:50:48.208224+00:00,GET /runs/{id},GET,200,24.250,True
2026-09-28T15:50:48.214230+00:00,GET /workflows/{id},GET,200,21.660,True
2026-09-28T15:50:48.211231+00:00,POST /workflows/{id}/validate,POST,200,24.622,True
2026-09-28T15:50:48.231816+00:00,GET /health,GET,200,6.582,True
2026-09-28T15:50:48.219231+00:00,GET /workflows,GET,200,22.636,True
2026-09-28T15:50:48.213231+00:00,GET /workflows,GET,200,29.311,True
2026-09-28T15:50:48.167719+00:00,PUT /workflows/{id},PUT,200,75.318,True
2026-09-28T15:50:48.242506+00:00,GET /health,GET,200,3.527,True
2026-09-28T15:50:48.231816+00:00,GET /workflows/{id},GET,200,14.428,True
2026-09-28T15:50:48.235502+00:00,GET /workflows/{id},GET,200,13.772,True
2026-09-28T15:50:48.241515+00:00,GET /runs/{id}/logs,GET,200,10.416,True
2026-09-28T15:50:48.252537+00:00,GET /health,GET,200,2.174,True
2026-09-28T15:50:48.246507+00:00,GET /workflows/{id},GET,200,10.389,True
2026-09-28T15:50:48.249550+00:00,GET /workflows,GET,200,12.207,True
2026-09-28T15:50:48.254544+00:00,GET /runs/{id}/logs,GET,200,8.879,True
2026-09-28T15:50:48.204222+00:00,PUT /workflows/{id},PUT,200,60.561,True
2026-09-28T15:50:48.261545+00:00,GET /workflows,GET,200,9.968,True
2026-09-28T15:50:48.263540+00:00,GET /runs/{id}/logs,GET,200,8.705,True
2026-09-28T15:50:48.265053+00:00,POST /workflows/{id}/validate,POST,200,7.186,True
2026-09-28T15:50:48.271637+00:00,GET /workflows/{id},GET,200,6.515,True
2026-09-28T15:50:48.271637+00:00,GET /runs/{id},GET,200,8.803,True
2026-09-28T15:50:48.272635+00:00,GET /workflows,GET,200,10.204,True
2026-09-28T15:50:48.278647+00:00,GET /workflows,GET,200,14.249,True
2026-09-28T15:50:48.282762+00:00,GET /workflows/{id},GET,200,14.648,True
2026-09-28T15:50:48.292545+00:00,GET /health,GET,200,6.553,True
2026-09-28T15:50:48.280175+00:00,GET /runs/{id},GET,200,21.271,True
2026-09-28T15:50:48.299395+00:00,GET /health,GET,200,5.279,True
2026-09-28T15:50:48.238515+00:00,PUT /workflows/{id},PUT,200,77.927,True
2026-09-28T15:50:48.316099+00:00,GET /health,GET,200,4.898,True
2026-09-28T15:50:48.301394+00:00,GET /workflows/{id},GET,200,22.097,True
2026-09-28T15:50:48.235502+00:00,PUT /workflows/{id},PUT,500,96.314,False
2026-09-28T15:50:48.304396+00:00,GET /workflows/{id},GET,200,28.097,True
2026-09-28T15:50:48.243509+00:00,PUT /workflows/{id},PUT,200,89.299,True
2026-09-28T15:50:48.246507+00:00,PUT /workflows/{id},PUT,500,90.501,False
2026-09-28T15:50:48.256558+00:00,PUT /workflows/{id},PUT,200,79.861,True
2026-09-28T15:50:48.296906+00:00,GET /workflows,GET,200,39.861,True
2026-09-28T15:50:48.321099+00:00,POST /workflows/{id}/validate,POST,200,24.857,True
2026-09-28T15:50:48.333100+00:00,GET /workflows/{id},GET,200,21.451,True
2026-09-28T15:50:48.324097+00:00,GET /runs/{id}/logs,GET,200,33.363,True
2026-09-28T15:50:48.332101+00:00,GET /workflows,GET,200,32.640,True
2026-09-28T15:50:48.333100+00:00,GET /runs/{id}/logs,GET,200,32.199,True
2026-09-28T15:50:48.337101+00:00,GET /runs/{id},GET,200,30.105,True
2026-09-28T15:50:48.337101+00:00,GET /workflows,GET,200,32.476,True
2026-09-28T15:50:48.365548+00:00,GET /health,GET,200,7.664,True
2026-09-28T15:50:48.337101+00:00,GET /runs/{id},GET,200,36.540,True
2026-09-28T15:50:48.353870+00:00,GET /runs/{id},GET,200,20.366,True
2026-09-28T15:50:48.357540+00:00,GET /runs/{id},GET,200,21.244,True
2026-09-28T15:50:48.366546+00:00,GET /workflows/{id},GET,200,14.932,True
2026-09-28T15:50:48.369554+00:00,GET /runs/{id},GET,200,16.435,True
2026-09-28T15:50:48.374604+00:00,GET /workflows,GET,200,14.459,True
2026-09-28T15:50:48.373596+00:00,GET /runs/{id}/logs,GET,200,16.328,True
2026-09-28T15:50:48.389587+00:00,GET /runs/{id}/logs,GET,200,11.377,True
2026-09-28T15:50:48.388147+00:00,GET /workflows,GET,200,17.509,True
2026-09-28T15:50:48.346337+00:00,PUT /workflows/{id},PUT,200,61.502,True
2026-09-28T15:50:48.385972+00:00,GET /runs/{id}/logs,GET,200,21.947,True
2026-09-28T15:50:48.407460+00:00,GET /health,GET,200,3.939,True
2026-09-28T15:50:48.400228+00:00,GET /runs/{id},GET,200,15.084,True
2026-09-28T15:50:48.406454+00:00,GET /runs/{id},GET,200,12.642,True
2026-09-28T15:50:48.410460+00:00,POST /workflows/{id}/validate,POST,200,18.078,True
2026-09-28T15:50:48.415189+00:00,GET /runs/{id}/logs,GET,200,19.389,True
2026-09-28T15:50:48.364558+00:00,PUT /workflows/{id},PUT,200,74.553,True
2026-09-28T15:50:48.418742+00:00,GET /runs/{id},GET,200,23.240,True
2026-09-28T15:50:48.372570+00:00,PUT /workflows/{id},PUT,200,76.755,True
2026-09-28T15:50:48.429778+00:00,GET /runs/{id}/logs,GET,200,23.060,True
2026-09-28T15:50:48.442780+00:00,GET /workflows/{id},GET,200,14.821,True
2026-09-28T15:50:48.378602+00:00,PUT /workflows/{id},PUT,200,79.878,True
2026-09-28T15:50:48.381928+00:00,PUT /workflows/{id},PUT,500,79.898,False
2026-09-28T15:50:48.435779+00:00,GET /runs/{id}/logs,GET,200,26.871,True
2026-09-28T15:50:48.452360+00:00,GET /workflows/{id},GET,200,20.662,True
2026-09-28T15:50:48.449361+00:00,GET /workflows,GET,200,25.051,True
2026-09-28T15:50:48.473580+00:00,GET /health,GET,200,4.750,True
2026-09-28T15:50:48.458359+00:00,GET /runs/{id},GET,200,20.230,True
2026-09-28T15:50:48.457362+00:00,GET /workflows,GET,200,24.633,True
2026-09-28T15:50:48.407460+00:00,PUT /workflows/{id},PUT,200,77.182,True
2026-09-28T15:50:48.474581+00:00,GET /workflows/{id},GET,200,10.818,True
2026-09-28T15:50:48.478110+00:00,GET /workflows/{id},GET,200,13.183,True
2026-09-28T15:50:48.481760+00:00,GET /workflows,GET,200,20.780,True
2026-09-28T15:50:48.461372+00:00,GET /workflows,GET,200,42.869,True
2026-09-28T15:50:48.484372+00:00,GET /runs/{id},GET,200,23.660,True
2026-09-28T15:50:48.491865+00:00,GET /runs/{id},GET,200,22.075,True
2026-09-28T15:50:48.439778+00:00,PUT /workflows/{id},PUT,200,80.550,True
2026-09-28T15:50:48.520357+00:00,GET /health,GET,200,6.258,True
2026-09-28T15:50:48.502754+00:00,GET /workflows,GET,200,25.783,True
2026-09-28T15:50:48.504171+00:00,GET /workflows,GET,200,26.058,True
2026-09-28T15:50:48.508930+00:00,GET /runs/{id},GET,200,26.839,True
2026-09-28T15:50:48.528729+00:00,GET /health,GET,200,8.064,True
2026-09-28T15:50:48.514041+00:00,GET /workflows,GET,200,28.106,True
2026-09-28T15:50:48.462382+00:00,PUT /workflows/{id},PUT,200,92.139,True
2026-09-28T15:50:48.526728+00:00,GET /workflows,GET,200,32.126,True
2026-09-28T15:50:48.535734+00:00,GET /runs/{id}/logs,GET,200,27.202,True
2026-09-28T15:50:48.478110+00:00,PUT /workflows/{id},PUT,200,90.655,True
2026-09-28T15:50:48.536735+00:00,GET /runs/{id}/logs,GET,200,33.087,True
2026-09-28T15:50:48.485812+00:00,PUT /workflows/{id},PUT,500,84.947,False
2026-09-28T15:50:48.541734+00:00,GET /runs/{id}/logs,GET,200,28.730,True
2026-09-28T15:50:48.554448+00:00,GET /agents/catalog,GET,200,22.321,True
2026-09-28T15:50:48.558441+00:00,GET /runs/{id}/logs,GET,200,29.217,True
2026-09-28T15:50:48.562444+00:00,GET /runs/{id},GET,200,32.185,True
2026-09-28T15:50:48.570447+00:00,GET /workflows/{id},GET,200,26.138,True
2026-09-28T15:50:48.568444+00:00,GET /workflows/{id},GET,200,28.242,True
2026-09-28T15:50:48.569445+00:00,GET /agents/catalog,GET,200,30.290,True
2026-09-28T15:50:48.570447+00:00,GET /runs/{id},GET,200,32.548,True
2026-09-28T15:50:48.597258+00:00,GET /health,GET,200,8.645,True
2026-09-28T15:50:48.576951+00:00,GET /runs/{id},GET,200,29.288,True
2026-09-28T15:50:48.587502+00:00,GET /agents/catalog,GET,200,28.919,True
2026-09-28T15:50:48.594313+00:00,GET /workflows/{id},GET,200,24.649,True
2026-09-28T15:50:48.602305+00:00,GET /agents/catalog,GET,200,22.228,True
2026-09-28T15:50:48.530426+00:00,PUT /workflows/{id},PUT,200,97.379,True
2026-09-28T15:50:48.599866+00:00,GET /runs/{id}/logs,GET,200,29.485,True
2026-09-28T15:50:48.605745+00:00,GET /runs/{id},GET,200,24.356,True
2026-09-28T15:50:48.605745+00:00,GET /workflows,GET,200,29.180,True
2026-09-28T15:50:48.617042+00:00,GET /runs/{id},GET,200,27.520,True
2026-09-28T15:50:48.619907+00:00,GET /workflows,GET,200,30.170,True
2026-09-28T15:50:48.629791+00:00,GET /workflows/{id},GET,200,20.837,True
2026-09-28T15:50:48.625682+00:00,GET /runs/{id},GET,200,30.196,True
2026-09-28T15:50:48.634802+00:00,GET /agents/catalog,GET,200,21.305,True
2026-09-28T15:50:48.628215+00:00,GET /runs/{id},GET,200,28.358,True
2026-09-28T15:50:48.643802+00:00,GET /runs/{id},GET,200,23.581,True
2026-09-28T15:50:48.656808+00:00,GET /agents/catalog,GET,200,21.431,True
2026-09-28T15:50:48.649806+00:00,GET /workflows,GET,200,31.898,True
2026-09-28T15:50:48.595758+00:00,PUT /workflows/{id},PUT,200,86.136,True
2026-09-28T15:50:48.655808+00:00,POST /workflows/{id}/validate,POST,200,26.828,True
2026-09-28T15:50:48.649806+00:00,GET /runs/{id}/logs,GET,200,33.394,True
2026-09-28T15:50:48.655808+00:00,GET /runs/{id},GET,200,27.873,True
2026-09-28T15:50:48.683394+00:00,GET /health,GET,200,8.894,True
2026-09-28T15:50:48.667322+00:00,GET /runs/{id},GET,200,29.112,True
2026-09-28T15:50:48.677884+00:00,GET /workflows,GET,200,36.247,True
2026-09-28T15:50:48.682394+00:00,GET /runs/{id}/logs,GET,200,37.416,True
2026-09-28T15:50:48.691960+00:00,GET /workflows/{id},GET,200,27.735,True
2026-09-28T15:50:48.682394+00:00,GET /runs/{id}/logs,GET,200,37.842,True
2026-09-28T15:50:48.683394+00:00,GET /runs/{id},GET,200,37.926,True
2026-09-28T15:50:48.682394+00:00,GET /runs/{id}/logs,GET,200,38.912,True
2026-09-28T15:50:48.630800+00:00,PUT /workflows/{id},PUT,200,91.642,True
2026-09-28T15:50:48.697021+00:00,GET /runs/{id},GET,200,29.101,True
2026-09-28T15:50:48.713654+00:00,GET /workflows/{id},GET,200,22.022,True
2026-09-28T15:50:48.719491+00:00,GET /workflows/{id},GET,200,24.380,True
2026-09-28T15:50:48.721491+00:00,GET /workflows,GET,200,29.114,True
2026-09-28T15:50:48.720489+00:00,GET /runs/{id}/logs,GET,200,33.075,True
2026-09-28T15:50:48.722488+00:00,POST /workflows/{id}/validate,POST,200,32.549,True
2026-09-28T15:50:48.721491+00:00,GET /workflows,GET,200,33.225,True
2026-09-28T15:50:48.725497+00:00,GET /workflows,GET,200,29.545,True
2026-09-28T15:50:48.735735+00:00,GET /runs/{id}/logs,GET,200,21.118,True
2026-09-28T15:50:48.743734+00:00,GET /workflows/{id},GET,200,16.335,True
2026-09-28T15:50:48.755168+00:00,GET /workflows/{id},GET,200,24.378,True
2026-09-28T15:50:48.750166+00:00,GET /workflows,GET,200,28.883,True
2026-09-28T15:50:48.754168+00:00,GET /runs/{id}/logs,GET,200,31.545,True
2026-09-28T15:50:48.754168+00:00,GET /runs/{id},GET,200,31.382,True
2026-09-28T15:50:48.755168+00:00,GET /workflows,GET,200,36.756,True
2026-09-28T15:50:48.760286+00:00,GET /workflows,GET,200,32.739,True
2026-09-28T15:50:48.757762+00:00,GET /runs/{id},GET,200,36.221,True
2026-09-28T15:50:48.793169+00:00,GET /health,GET,200,6.683,True
2026-09-28T15:50:48.785315+00:00,GET /runs/{id}/logs,GET,200,28.203,True
2026-09-28T15:50:48.719491+00:00,PUT /workflows/{id},PUT,200,95.160,True
2026-09-28T15:50:48.779039+00:00,GET /runs/{id}/logs,GET,200,37.108,True
2026-09-28T15:50:48.779039+00:00,GET /runs/{id},GET,200,37.396,True
2026-09-28T15:50:48.785315+00:00,GET /runs/{id},GET,200,32.442,True
2026-09-28T15:50:48.793169+00:00,GET /agents/catalog,GET,200,28.663,True
2026-09-28T15:50:48.791905+00:00,POST /workflows/{id}/validate,POST,200,35.416,True
2026-09-28T15:50:48.800426+00:00,GET /workflows,GET,200,30.869,True
2026-09-28T15:50:48.814136+00:00,GET /workflows/{id},GET,200,25.417,True
2026-09-28T15:50:48.816048+00:00,GET /workflows/{id},GET,200,24.298,True
2026-09-28T15:50:48.814136+00:00,GET /runs/{id},GET,200,29.053,True
2026-09-28T15:50:48.840585+00:00,GET /health,GET,200,7.407,True
2026-09-28T15:50:48.818055+00:00,GET /runs/{id}/logs,GET,200,39.321,True
2026-09-28T15:50:48.843744+00:00,GET /health,GET,200,14.230,True
2026-09-28T15:50:48.828056+00:00,GET /workflows,GET,200,31.040,True
2026-09-28T15:50:48.831587+00:00,GET /workflows/{id},GET,200,28.070,True
2026-09-28T15:50:48.822055+00:00,GET /runs/{id}/logs,GET,200,37.326,True
2026-09-28T15:50:48.840585+00:00,GET /runs/{id}/logs,GET,200,19.641,True
2026-09-28T15:50:48.857470+00:00,GET /workflows/{id},GET,200,15.691,True
2026-09-28T15:50:48.857470+00:00,GET /agents/catalog,GET,200,24.708,True
2026-09-28T15:50:48.859341+00:00,GET /workflows,GET,200,28.064,True
2026-09-28T15:50:48.859341+00:00,GET /workflows,GET,200,29.435,True
2026-09-28T15:50:48.859846+00:00,GET /agents/catalog,GET,200,29.062,True
2026-09-28T15:50:48.873410+00:00,GET /runs/{id},GET,200,28.454,True
2026-09-28T15:50:48.817055+00:00,PUT /workflows/{id},PUT,200,86.381,True
2026-09-28T15:50:48.882030+00:00,GET /runs/{id},GET,200,24.487,True
2026-09-28T15:50:48.887785+00:00,GET /workflows/{id},GET,200,19.729,True
2026-09-28T15:50:48.889481+00:00,GET /runs/{id},GET,200,31.749,True
2026-09-28T15:50:48.888948+00:00,GET /workflows,GET,200,36.397,True
2026-09-28T15:50:48.903527+00:00,GET /agents/catalog,GET,200,27.619,True
2026-09-28T15:50:48.902001+00:00,GET /runs/{id},GET,200,37.530,True
2026-09-28T15:50:48.907501+00:00,GET /runs/{id},GET,200,35.598,True
2026-09-28T15:50:48.858740+00:00,PUT /workflows/{id},PUT,500,92.164,False
2026-09-28T15:50:48.847959+00:00,PUT /workflows/{id},PUT,200,103.953,True
2026-09-28T15:50:48.921176+00:00,GET /workflows,GET,200,31.847,True
2026-09-28T15:50:48.925455+00:00,GET /runs/{id}/logs,GET,200,28.540,True
2026-09-28T15:50:48.931301+00:00,GET /runs/{id}/logs,GET,200,23.189,True
2026-09-28T15:50:48.942911+00:00,GET /workflows/{id},GET,200,21.336,True
2026-09-28T15:50:48.939331+00:00,POST /workflows/{id}/validate,POST,200,27.138,True
2026-09-28T15:50:48.954358+00:00,GET /workflows/{id},GET,200,20.450,True
2026-09-28T15:50:48.951844+00:00,GET /runs/{id},GET,200,29.778,True
2026-09-28T15:50:48.953350+00:00,GET /runs/{id},GET,200,30.202,True
2026-09-28T15:50:48.950838+00:00,GET /runs/{id}/logs,GET,200,35.698,True
2026-09-28T15:50:48.964356+00:00,GET /workflows/{id},GET,200,25.383,True
2026-09-28T15:50:48.953350+00:00,GET /runs/{id},GET,200,40.050,True
2026-09-28T15:50:48.974895+00:00,GET /agents/catalog,GET,200,19.644,True
2026-09-28T15:50:48.905824+00:00,PUT /workflows/{id},PUT,200,91.268,True
2026-09-28T15:50:48.993737+00:00,GET /health,GET,200,6.177,True
2026-09-28T15:50:48.966898+00:00,GET /workflows,GET,200,34.060,True
2026-09-28T15:50:49.000316+00:00,GET /health,GET,200,5.634,True
2026-09-28T15:50:48.986276+00:00,GET /workflows/{id},GET,200,20.122,True
2026-09-28T15:50:48.981569+00:00,POST /workflows/{id}/validate,POST,200,26.669,True
2026-09-28T15:50:48.988636+00:00,GET /runs/{id},GET,200,19.049,True
2026-09-28T15:50:48.997537+00:00,GET /workflows/{id},GET,200,15.683,True
2026-09-28T15:50:49.000316+00:00,GET /runs/{id}/logs,GET,200,19.313,True
2026-09-28T15:50:49.006171+00:00,GET /workflows/{id},GET,200,14.225,True
2026-09-28T15:50:49.008684+00:00,GET /runs/{id},GET,200,16.170,True
2026-09-28T15:50:49.006171+00:00,GET /workflows,GET,200,18.398,True
2026-09-28T15:50:49.019285+00:00,GET /runs/{id},GET,200,15.760,True
2026-09-28T15:50:49.020295+00:00,GET /runs/{id},GET,200,17.051,True
2026-09-28T15:50:49.024447+00:00,GET /runs/{id}/logs,GET,200,16.299,True
2026-09-28T15:50:49.025292+00:00,GET /runs/{id}/logs,GET,200,17.759,True
2026-09-28T15:50:49.034825+00:00,GET /runs/{id},GET,200,14.299,True
2026-09-28T15:50:48.983159+00:00,PUT /workflows/{id},PUT,200,68.159,True
2026-09-28T15:50:49.051835+00:00,GET /health,GET,200,2.933,True
2026-09-28T15:50:49.042831+00:00,GET /workflows,GET,200,15.095,True
2026-09-28T15:50:49.057731+00:00,GET /health,GET,200,4.598,True
2026-09-28T15:50:48.993737+00:00,PUT /workflows/{id},PUT,200,72.681,True
2026-09-28T15:50:49.049825+00:00,GET /runs/{id},GET,200,17.818,True
2026-09-28T15:50:49.054718+00:00,GET /runs/{id},GET,200,19.803,True
2026-09-28T15:50:49.074263+00:00,GET /health,GET,200,5.002,True
2026-09-28T15:50:49.062722+00:00,GET /runs/{id},GET,200,21.706,True
2026-09-28T15:50:49.013072+00:00,PUT /workflows/{id},PUT,500,71.486,False
2026-09-28T15:50:49.067273+00:00,GET /runs/{id},GET,200,18.719,True
2026-09-28T15:50:49.007678+00:00,PUT /workflows/{id},PUT,200,77.857,True
2026-09-28T15:50:49.067273+00:00,GET /workflows/{id},GET,200,19.587,True
2026-09-28T15:50:49.085949+00:00,GET /health,GET,200,5.726,True
2026-09-28T15:50:49.085384+00:00,GET /health,GET,200,7.204,True
2026-09-28T15:50:49.084862+00:00,GET /runs/{id},GET,200,20.681,True
2026-09-28T15:50:49.091782+00:00,GET /agents/catalog,GET,200,16.407,True
2026-09-28T15:50:49.040829+00:00,PUT /workflows/{id},PUT,200,69.361,True
2026-09-28T15:50:49.037829+00:00,PUT /workflows/{id},PUT,500,76.445,False
2026-09-28T15:50:49.091782+00:00,GET /workflows,GET,200,23.222,True
2026-09-28T15:50:49.110618+00:00,GET /workflows/{id},GET,200,14.218,True
2026-09-28T15:50:49.108507+00:00,GET /runs/{id},GET,200,25.119,True
2026-09-28T15:50:49.105118+00:00,GET /runs/{id}/logs,GET,200,29.113,True
2026-09-28T15:50:49.114277+00:00,GET /runs/{id},GET,200,21.145,True
2026-09-28T15:50:49.115321+00:00,POST /workflows/{id}/validate,POST,200,21.660,True
2026-09-28T15:50:49.124695+00:00,GET /agents/catalog,GET,200,16.512,True
2026-09-28T15:50:49.133714+00:00,GET /runs/{id}/logs,GET,200,25.161,True
2026-09-28T15:50:49.134713+00:00,GET /runs/{id},GET,200,27.832,True
2026-09-28T15:50:49.085949+00:00,PUT /workflows/{id},PUT,500,80.468,False
2026-09-28T15:50:49.079549+00:00,PUT /workflows/{id},PUT,200,87.470,True
2026-09-28T15:50:49.165954+00:00,PUT /workflows/{id},PUT,0,3.054,False
2026-09-28T15:50:49.134713+00:00,GET /workflows,GET,200,34.511,True
2026-09-28T15:50:49.087039+00:00,PUT /workflows/{id},PUT,500,83.505,False
2026-09-28T15:50:49.140764+00:00,GET /workflows,GET,200,29.491,True
2026-09-28T15:50:49.169979+00:00,GET /workflows/{id},GET,200,15.320,True
2026-09-28T15:50:49.161954+00:00,GET /runs/{id}/logs,GET,200,27.560,True
2026-09-28T15:50:49.170960+00:00,GET /runs/{id}/logs,GET,200,23.837,True
2026-09-28T15:50:49.166954+00:00,GET /runs/{id}/logs,GET,200,33.547,True
2026-09-28T15:50:49.169979+00:00,GET /runs/{id},GET,200,30.230,True
2026-09-28T15:50:49.185199+00:00,GET /runs/{id},GET,200,23.071,True
2026-09-28T15:50:49.194741+00:00,GET /runs/{id},GET,200,24.976,True
2026-09-28T15:50:49.189237+00:00,GET /workflows,GET,200,30.166,True
2026-09-28T15:50:49.168981+00:00,PUT /workflows/{id},PUT,200,51.703,True
2026-09-28T15:50:49.136705+00:00,PUT /workflows/{id},PUT,500,93.117,False
2026-09-28T15:50:49.207777+00:00,GET /agents/catalog,GET,200,22.883,True
2026-09-28T15:50:49.200701+00:00,GET /runs/{id},GET,200,31.237,True
2026-09-28T15:50:49.158956+00:00,PUT /workflows/{id},PUT,200,80.494,True
2026-09-28T15:50:49.218916+00:00,GET /runs/{id},GET,200,30.745,True
2026-09-28T15:50:49.221309+00:00,GET /workflows,GET,200,34.167,True
2026-09-28T15:50:49.219916+00:00,GET /workflows,GET,200,37.525,True
2026-09-28T15:50:49.229825+00:00,GET /runs/{id},GET,200,30.817,True
2026-09-28T15:50:49.231919+00:00,GET /runs/{id}/logs,GET,200,29.675,True
2026-09-28T15:50:49.231401+00:00,GET /runs/{id}/logs,GET,200,30.478,True
2026-09-28T15:50:49.238932+00:00,GET /runs/{id},GET,200,26.492,True
2026-09-28T15:50:49.260971+00:00,GET /health,GET,200,6.825,True
2026-09-28T15:50:49.250440+00:00,GET /workflows,GET,200,25.215,True
2026-09-28T15:50:49.255440+00:00,GET /runs/{id},GET,200,26.216,True
2026-09-28T15:50:49.260971+00:00,GET /workflows/{id},GET,200,20.674,True
2026-09-28T15:50:49.257446+00:00,GET /runs/{id},GET,200,25.914,True
2026-09-28T15:50:49.267529+00:00,GET /runs/{id}/logs,GET,200,21.160,True
2026-09-28T15:50:49.200701+00:00,PUT /workflows/{id},PUT,200,88.178,True
2026-09-28T15:50:49.281189+00:00,GET /workflows/{id},GET,200,17.457,True
2026-09-28T15:50:49.275527+00:00,GET /runs/{id},GET,200,26.972,True
2026-09-28T15:50:49.282189+00:00,GET /workflows/{id},GET,200,20.830,True
2026-09-28T15:50:49.288247+00:00,GET /workflows/{id},GET,200,17.527,True
2026-09-28T15:50:49.283248+00:00,GET /workflows,GET,200,23.589,True
2026-09-28T15:50:49.288247+00:00,GET /runs/{id},GET,200,20.498,True
2026-09-28T15:50:49.299070+00:00,GET /runs/{id},GET,200,22.854,True
2026-09-28T15:50:49.302166+00:00,GET /runs/{id}/logs,GET,200,23.568,True
2026-09-28T15:50:49.302166+00:00,GET /workflows/{id},GET,200,24.595,True
2026-09-28T15:50:49.321109+00:00,GET /health,GET,200,6.088,True
2026-09-28T15:50:49.309061+00:00,GET /runs/{id}/logs,GET,200,22.550,True
2026-09-28T15:50:49.306524+00:00,GET /runs/{id},GET,200,28.401,True
2026-09-28T15:50:49.265512+00:00,PUT /workflows/{id},PUT,500,81.462,False
2026-09-28T15:50:49.326115+00:00,GET /workflows/{id},GET,200,21.212,True
2026-09-28T15:50:49.327115+00:00,GET /runs/{id},GET,200,22.302,True
2026-09-28T15:50:49.260971+00:00,PUT /workflows/{id},PUT,200,88.171,True
2026-09-28T15:50:49.334114+00:00,GET /agents/catalog,GET,200,19.403,True
2026-09-28T15:50:49.332114+00:00,GET /runs/{id},GET,200,25.807,True
2026-09-28T15:50:49.328115+00:00,GET /runs/{id},GET,200,30.457,True
2026-09-28T15:50:49.358623+00:00,GET /health,GET,200,4.240,True
2026-09-28T15:50:49.347476+00:00,GET /agents/catalog,GET,200,20.943,True
2026-09-28T15:50:49.349602+00:00,GET /runs/{id},GET,200,25.813,True
2026-09-28T15:50:49.353998+00:00,GET /runs/{id},GET,200,24.123,True
2026-09-28T15:50:49.349602+00:00,GET /runs/{id},GET,200,29.089,True
2026-09-28T15:50:49.357623+00:00,GET /runs/{id},GET,200,32.411,True
2026-09-28T15:50:49.347476+00:00,GET /workflows/{id},GET,200,45.843,True
2026-09-28T15:50:49.362518+00:00,GET /workflows,GET,200,31.439,True
2026-09-28T15:50:49.307043+00:00,PUT /workflows/{id},PUT,200,87.186,True
2026-09-28T15:50:49.368136+00:00,GET /runs/{id},GET,200,26.217,True
2026-09-28T15:50:49.375470+00:00,GET /workflows/{id},GET,200,22.083,True
2026-09-28T15:50:49.378114+00:00,GET /workflows/{id},GET,200,24.051,True
2026-09-28T15:50:49.390218+00:00,GET /workflows/{id},GET,200,18.710,True
2026-09-28T15:50:49.379171+00:00,GET /workflows,GET,200,32.256,True
2026-09-28T15:50:49.408689+00:00,GET /health,GET,200,5.979,True
2026-09-28T15:50:49.395012+00:00,GET /runs/{id},GET,200,22.236,True
2026-09-28T15:50:49.393782+00:00,POST /workflows/{id}/validate,POST,200,25.702,True
2026-09-28T15:50:49.401998+00:00,GET /runs/{id},GET,200,18.578,True
2026-09-28T15:50:49.397490+00:00,GET /runs/{id}/logs,GET,200,23.936,True
2026-09-28T15:50:49.411146+00:00,GET /agents/catalog,GET,200,15.216,True
2026-09-28T15:50:49.426324+00:00,GET /health,GET,200,2.759,True
2026-09-28T15:50:49.414773+00:00,GET /agents/catalog,GET,200,15.044,True
2026-09-28T15:50:49.421084+00:00,GET /workflows/{id},GET,200,13.311,True
2026-09-28T15:50:49.421608+00:00,POST /workflows/{id}/validate,POST,200,14.359,True
2026-09-28T15:50:49.420037+00:00,GET /runs/{id}/logs,GET,200,15.988,True
2026-09-28T15:50:49.429952+00:00,GET /workflows/{id},GET,200,8.841,True
2026-09-28T15:50:49.436077+00:00,GET /health,GET,200,3.612,True
2026-09-28T15:50:49.439079+00:00,GET /health,GET,200,2.299,True
2026-09-28T15:50:49.433565+00:00,GET /workflows/{id},GET,200,10.079,True
2026-09-28T15:50:49.442084+00:00,GET /health,GET,200,3.357,True
2026-09-28T15:50:49.445085+00:00,GET /health,GET,200,4.925,True
2026-09-28T15:50:49.439079+00:00,GET /workflows/{id},GET,200,11.575,True
2026-09-28T15:50:49.435071+00:00,GET /workflows,GET,200,22.361,True
2026-09-28T15:50:49.450495+00:00,GET /workflows/{id},GET,200,12.448,True
2026-09-28T15:50:49.450495+00:00,POST /workflows/{id}/validate,POST,200,16.395,True
2026-09-28T15:50:49.444089+00:00,GET /runs/{id},GET,200,23.007,True
2026-09-28T15:50:49.393782+00:00,PUT /workflows/{id},PUT,500,79.794,False
2026-09-28T15:50:49.392597+00:00,PUT /workflows/{id},PUT,200,82.490,True
2026-09-28T15:50:49.462903+00:00,GET /workflows/{id},GET,200,14.682,True
2026-09-28T15:50:49.466155+00:00,GET /workflows/{id},GET,200,18.465,True
2026-09-28T15:50:49.417189+00:00,PUT /workflows/{id},PUT,200,76.309,True
2026-09-28T15:50:49.477667+00:00,GET /runs/{id}/logs,GET,200,22.172,True
2026-09-28T15:50:49.474161+00:00,GET /workflows,GET,200,26.052,True
2026-09-28T15:50:49.476160+00:00,GET /workflows,GET,200,25.334,True
2026-09-28T15:50:49.428943+00:00,PUT /workflows/{id},PUT,200,74.135,True
2026-09-28T15:50:49.499317+00:00,GET /health,GET,200,4.583,True
2026-09-28T15:50:49.493405+00:00,GET /workflows,GET,200,21.716,True
2026-09-28T15:50:49.502640+00:00,GET /workflows/{id},GET,200,13.775,True
2026-09-28T15:50:49.515296+00:00,GET /health,GET,200,5.191,True
2026-09-28T15:50:49.499317+00:00,GET /runs/{id},GET,200,20.969,True
2026-09-28T15:50:49.503809+00:00,POST /workflows/{id}/validate,POST,200,21.609,True
2026-09-28T15:50:49.458157+00:00,PUT /workflows/{id},PUT,200,74.228,True
2026-09-28T15:50:49.517302+00:00,GET /runs/{id},GET,200,24.204,True
2026-09-28T15:50:49.520307+00:00,POST /workflows/{id}/validate,POST,200,20.751,True
2026-09-28T15:50:49.520307+00:00,GET /runs/{id},GET,200,21.885,True
2026-09-28T15:50:49.467167+00:00,PUT /workflows/{id},PUT,200,77.044,True
2026-09-28T15:50:49.531304+00:00,GET /runs/{id}/logs,GET,200,14.782,True
2026-09-28T15:50:49.485405+00:00,PUT /workflows/{id},PUT,200,75.453,True
2026-09-28T15:50:49.542171+00:00,GET /workflows/{id},GET,200,19.688,True
2026-09-28T15:50:49.560632+00:00,GET /health,GET,200,6.304,True
2026-09-28T15:50:49.540962+00:00,GET /runs/{id},GET,200,29.349,True
2026-09-28T15:50:49.540962+00:00,GET /workflows,GET,200,29.172,True
2026-09-28T15:50:49.543178+00:00,GET /runs/{id},GET,200,29.256,True
2026-09-28T15:50:49.546719+00:00,GET /workflows,GET,200,30.863,True
2026-09-28T15:50:49.561632+00:00,GET /agents/catalog,GET,200,20.651,True
2026-09-28T15:50:49.500554+00:00,PUT /workflows/{id},PUT,200,84.228,True
2026-09-28T15:50:49.566634+00:00,GET /runs/{id},GET,200,24.225,True
2026-09-28T15:50:49.570632+00:00,GET /workflows/{id},GET,200,27.623,True
2026-09-28T15:50:49.573633+00:00,GET /runs/{id},GET,200,25.001,True
2026-09-28T15:50:49.526294+00:00,PUT /workflows/{id},PUT,200,80.499,True
2026-09-28T15:50:49.577641+00:00,GET /workflows,GET,200,30.545,True
2026-09-28T15:50:49.585141+00:00,GET /runs/{id},GET,200,23.974,True
2026-09-28T15:50:49.582150+00:00,GET /runs/{id},GET,200,28.955,True
2026-09-28T15:50:49.609403+00:00,GET /health,GET,200,5.524,True
2026-09-28T15:50:49.590952+00:00,GET /runs/{id},GET,200,24.467,True
2026-09-28T15:50:49.598113+00:00,GET /workflows/{id},GET,200,19.271,True
2026-09-28T15:50:49.598113+00:00,POST /workflows/{id}/validate,POST,200,21.862,True
2026-09-28T15:50:49.611003+00:00,GET /agents/catalog,GET,200,18.546,True
2026-09-28T15:50:49.606763+00:00,GET /runs/{id},GET,200,25.366,True
2026-09-28T15:50:49.608218+00:00,POST /workflows/{id}/validate,POST,200,27.358,True
2026-09-28T15:50:49.620081+00:00,GET /workflows/{id},GET,200,21.632,True
2026-09-28T15:50:49.636183+00:00,GET /health,GET,200,6.230,True
2026-09-28T15:50:49.618019+00:00,POST /workflows/{id}/validate,POST,200,26.472,True
2026-09-28T15:50:49.614967+00:00,GET /runs/{id}/logs,GET,200,29.235,True
2026-09-28T15:50:49.614967+00:00,GET /runs/{id},GET,200,30.283,True
2026-09-28T15:50:49.645188+00:00,GET /health,GET,200,5.386,True
2026-09-28T15:50:49.630080+00:00,GET /runs/{id}/logs,GET,200,26.011,True
2026-09-28T15:50:49.570632+00:00,PUT /workflows/{id},PUT,200,87.522,True
2026-09-28T15:50:49.631083+00:00,GET /workflows,GET,200,28.478,True
2026-09-28T15:50:49.644207+00:00,GET /workflows/{id},GET,200,23.111,True
2026-09-28T15:50:49.642195+00:00,GET /runs/{id}/logs,GET,200,26.309,True
2026-09-28T15:50:49.642195+00:00,GET /workflows,GET,200,30.007,True
2026-09-28T15:50:49.644207+00:00,GET /runs/{id}/logs,GET,200,29.360,True
2026-09-28T15:50:49.650194+00:00,GET /workflows,GET,200,28.188,True
2026-09-28T15:50:49.655507+00:00,GET /runs/{id},GET,200,25.557,True
2026-09-28T15:50:49.657506+00:00,GET /workflows,GET,200,28.366,True
2026-09-28T15:50:49.668062+00:00,GET /runs/{id}/logs,GET,200,22.765,True
2026-09-28T15:50:49.668062+00:00,GET /runs/{id}/logs,GET,200,28.660,True
2026-09-28T15:50:49.673667+00:00,GET /workflows,GET,200,27.107,True
2026-09-28T15:50:49.678669+00:00,GET /runs/{id},GET,200,26.009,True
2026-09-28T15:50:49.681654+00:00,GET /workflows,GET,200,28.888,True
2026-09-28T15:50:49.686608+00:00,GET /workflows,GET,200,29.326,True
2026-09-28T15:50:49.695720+00:00,GET /workflows/{id},GET,200,22.844,True
2026-09-28T15:50:49.690914+00:00,GET /workflows,GET,200,28.860,True
2026-09-28T15:50:49.715627+00:00,GET /health,GET,200,6.660,True
2026-09-28T15:50:49.703942+00:00,GET /workflows,GET,200,21.603,True
2026-09-28T15:50:49.700923+00:00,GET /runs/{id}/logs,GET,200,26.061,True
2026-09-28T15:50:49.726126+00:00,GET /health,GET,200,5.078,True
2026-09-28T15:50:49.660518+00:00,PUT /workflows/{id},PUT,200,86.515,True
2026-09-28T15:50:49.719646+00:00,GET /runs/{id},GET,200,27.593,True
2026-09-28T15:50:49.731238+00:00,GET /workflows/{id},GET,200,18.342,True
2026-09-28T15:50:49.721644+00:00,GET /runs/{id}/logs,GET,200,29.784,True
2026-09-28T15:50:49.719646+00:00,GET /workflows,GET,200,32.962,True
2026-09-28T15:50:49.727126+00:00,GET /runs/{id}/logs,GET,200,27.505,True
2026-09-28T15:50:49.671649+00:00,PUT /workflows/{id},PUT,200,85.732,True
2026-09-28T15:50:49.746892+00:00,GET /workflows/{id},GET,200,16.949,True
2026-09-28T15:50:49.746892+00:00,GET /workflows,GET,200,19.915,True
2026-09-28T15:50:49.749890+00:00,GET /runs/{id},GET,200,21.729,True
2026-09-28T15:50:49.766891+00:00,GET /health,GET,200,4.761,True
2026-09-28T15:50:49.752900+00:00,GET /workflows/{id},GET,200,19.771,True
2026-09-28T15:50:49.753893+00:00,GET /runs/{id}/logs,GET,200,21.988,True
2026-09-28T15:50:49.763741+00:00,GET /runs/{id}/logs,GET,200,20.435,True
2026-09-28T15:50:49.710371+00:00,PUT /workflows/{id},PUT,200,76.591,True
2026-09-28T15:50:49.786469+00:00,GET /health,GET,200,6.350,True
2026-09-28T15:50:49.771966+00:00,GET /runs/{id}/logs,GET,200,24.866,True
2026-09-28T15:50:49.770967+00:00,GET /runs/{id}/logs,GET,200,25.523,True
2026-09-28T15:50:49.772969+00:00,GET /workflows,GET,200,25.070,True
2026-09-28T15:50:49.775967+00:00,POST /workflows/{id}/validate,POST,200,22.953,True
2026-09-28T15:50:49.783968+00:00,GET /runs/{id}/logs,GET,200,24.855,True
2026-09-28T15:50:49.793404+00:00,GET /runs/{id},GET,200,20.348,True
2026-09-28T15:50:49.799664+00:00,GET /workflows/{id},GET,200,20.968,True
2026-09-28T15:50:49.796953+00:00,GET /runs/{id},GET,200,27.721,True
2026-09-28T15:50:49.820303+00:00,GET /health,GET,200,4.677,True
2026-09-28T15:50:49.796953+00:00,GET /runs/{id},GET,200,29.166,True
2026-09-28T15:50:49.824315+00:00,GET /health,GET,200,4.104,True
2026-09-28T15:50:49.813779+00:00,GET /workflows/{id},GET,200,16.903,True
2026-09-28T15:50:49.808694+00:00,GET /runs/{id}/logs,GET,200,24.300,True
2026-09-28T15:50:49.751891+00:00,PUT /workflows/{id},PUT,500,85.657,False
2026-09-28T15:50:49.757890+00:00,PUT /workflows/{id},PUT,200,80.638,True
2026-09-28T15:50:49.825304+00:00,GET /runs/{id},GET,200,14.773,True
2026-09-28T15:50:49.825304+00:00,GET /runs/{id},GET,200,22.040,True
2026-09-28T15:50:49.829304+00:00,GET /runs/{id},GET,200,23.100,True
2026-09-28T15:50:49.839356+00:00,GET /agents/catalog,GET,200,19.155,True
2026-09-28T15:50:49.833312+00:00,GET /workflows,GET,200,31.416,True
2026-09-28T15:50:49.838356+00:00,GET /runs/{id}/logs,GET,200,27.619,True
2026-09-28T15:50:49.852400+00:00,GET /workflows/{id},GET,200,20.177,True
2026-09-28T15:50:49.796953+00:00,PUT /workflows/{id},PUT,200,79.898,True
2026-09-28T15:50:49.858387+00:00,GET /agents/catalog,GET,200,19.097,True
2026-09-28T15:50:49.847358+00:00,GET /workflows,GET,200,30.871,True
2026-09-28T15:50:49.837356+00:00,PUT /workflows/{id},PUT,200,54.007,True
2026-09-28T15:50:49.864844+00:00,GET /runs/{id}/logs,GET,200,27.745,True
2026-09-28T15:50:49.866350+00:00,GET /workflows,GET,200,32.694,True
2026-09-28T15:50:49.891194+00:00,GET /health,GET,200,7.882,True
2026-09-28T15:50:49.872165+00:00,GET /runs/{id}/logs,GET,200,30.662,True
2026-09-28T15:50:49.877163+00:00,GET /runs/{id},GET,200,27.684,True
2026-09-28T15:50:49.877163+00:00,GET /runs/{id}/logs,GET,200,28.986,True
2026-09-28T15:50:49.906797+00:00,GET /health,GET,200,3.170,True
2026-09-28T15:50:49.830305+00:00,PUT /workflows/{id},PUT,200,89.179,True
2026-09-28T15:50:49.892653+00:00,GET /runs/{id}/logs,GET,200,30.748,True
2026-09-28T15:50:49.919560+00:00,GET /health,GET,200,6.575,True
2026-09-28T15:50:49.899431+00:00,GET /runs/{id}/logs,GET,200,29.451,True
2026-09-28T15:50:49.898422+00:00,GET /workflows,GET,200,31.376,True
2026-09-28T15:50:49.902570+00:00,GET /runs/{id},GET,200,27.380,True
2026-09-28T15:50:49.904795+00:00,GET /workflows,GET,200,27.680,True
2026-09-28T15:50:49.910056+00:00,GET /workflows,GET,200,24.727,True
2026-09-28T15:50:49.922566+00:00,GET /runs/{id}/logs,GET,200,26.189,True
2026-09-28T15:50:49.935098+00:00,GET /workflows/{id},GET,200,21.429,True
2026-09-28T15:50:49.926473+00:00,GET /workflows,GET,200,30.212,True
2026-09-28T15:50:49.949860+00:00,GET /health,GET,200,7.619,True
2026-09-28T15:50:49.930465+00:00,GET /runs/{id}/logs,GET,200,27.015,True
2026-09-28T15:50:49.929473+00:00,GET /runs/{id}/logs,GET,200,31.067,True
2026-09-28T15:50:49.930465+00:00,GET /workflows,GET,200,31.279,True
2026-09-28T15:50:49.933097+00:00,GET /workflows,GET,200,28.978,True
2026-09-28T15:50:49.878818+00:00,PUT /workflows/{id},PUT,200,85.711,True
2026-09-28T15:50:49.961371+00:00,GET /agents/catalog,GET,200,14.479,True
2026-09-28T15:50:49.956861+00:00,GET /workflows,GET,200,22.737,True
2026-09-28T15:50:49.960383+00:00,GET /workflows,GET,200,20.065,True
2026-09-28T15:50:49.955881+00:00,GET /workflows,GET,200,24.462,True
2026-09-28T15:50:49.964371+00:00,PUT /workflows/{id},PUT,200,22.094,True
2026-09-28T15:50:49.980769+00:00,GET /runs/{id}/logs,GET,200,12.982,True
2026-09-28T15:50:49.980769+00:00,GET /runs/{id},GET,200,13.286,True
2026-09-28T15:50:49.979761+00:00,GET /runs/{id},GET,200,14.758,True
2026-09-28T15:50:49.986929+00:00,GET /workflows/{id},GET,200,11.758,True
2026-09-28T15:50:49.993161+00:00,GET /runs/{id},GET,200,16.495,True
2026-09-28T15:50:49.994545+00:00,GET /runs/{id}/logs,GET,200,15.507,True
2026-09-28T15:50:49.994545+00:00,GET /runs/{id},GET,200,20.576,True
2026-09-28T15:50:49.997805+00:00,GET /runs/{id}/logs,GET,200,20.371,True
2026-09-28T15:50:50.009884+00:00,GET /workflows/{id},GET,200,21.618,True
2026-09-28T15:50:50.014810+00:00,GET /workflows/{id},GET,200,16.996,True
2026-09-28T15:50:50.031354+00:00,GET /health,GET,200,5.467,True
2026-09-28T15:50:50.009884+00:00,GET /workflows,GET,200,30.678,True
2026-09-28T15:50:50.017823+00:00,GET /runs/{id},GET,200,22.391,True
2026-09-28T15:50:49.961371+00:00,PUT /workflows/{id},PUT,500,83.304,False
2026-09-28T15:50:50.044433+00:00,GET /runs/{id},GET,0,0.308,False
2026-09-28T15:50:49.956861+00:00,PUT /workflows/{id},PUT,200,88.707,True
2026-09-28T15:50:49.956861+00:00,PUT /workflows/{id},PUT,500,93.834,False
2026-09-28T15:50:50.031354+00:00,GET /workflows/{id},GET,200,21.762,True
2026-09-28T15:50:49.975868+00:00,PUT /workflows/{id},PUT,200,77.470,True
2026-09-28T15:50:50.037433+00:00,GET /workflows,GET,200,34.259,True
2026-09-28T15:50:50.045432+00:00,GET /runs/{id},GET,200,29.157,True
2026-09-28T15:50:50.040446+00:00,GET /runs/{id}/logs,GET,200,33.992,True
2026-09-28T15:50:50.041441+00:00,GET /workflows,GET,200,35.156,True
2026-09-28T15:50:50.051435+00:00,GET /health,GET,200,28.643,True
2026-09-28T15:50:50.075720+00:00,GET /health,GET,200,4.847,True
2026-09-28T15:50:50.053440+00:00,GET /runs/{id},GET,200,27.876,True
2026-09-28T15:50:50.074744+00:00,GET /health,GET,200,7.273,True
2026-09-28T15:50:50.053440+00:00,GET /workflows,GET,200,29.241,True
2026-09-28T15:50:50.045432+00:00,PUT /workflows/{id},PUT,200,38.636,True
2026-09-28T15:50:50.070491+00:00,GET /runs/{id}/logs,GET,200,26.299,True
2026-09-28T15:50:50.074744+00:00,GET /runs/{id},GET,200,23.817,True
2026-09-28T15:50:50.080731+00:00,GET /runs/{id},GET,200,19.191,True
2026-09-28T15:50:50.081726+00:00,GET /runs/{id}/logs,GET,200,19.156,True
2026-09-28T15:50:50.081726+00:00,GET /runs/{id}/logs,GET,200,18.579,True
2026-09-28T15:50:50.100597+00:00,GET /runs/{id},GET,200,15.040,True
2026-09-28T15:50:50.100597+00:00,GET /workflows/{id},GET,200,15.234,True
2026-09-28T15:50:50.098095+00:00,POST /workflows/{id}/validate,POST,200,18.328,True
2026-09-28T15:50:50.098095+00:00,POST /workflows/{id}/validate,POST,200,19.533,True
2026-09-28T15:50:50.100597+00:00,POST /workflows/{id}/validate,POST,200,17.161,True
2026-09-28T15:50:50.116448+00:00,GET /health,GET,200,3.471,True
2026-09-28T15:50:50.116448+00:00,GET /workflows/{id},GET,200,15.479,True
2026-09-28T15:50:50.117447+00:00,GET /workflows,GET,200,22.969,True
2026-09-28T15:50:50.117447+00:00,GET /workflows,GET,200,25.617,True
2026-09-28T15:50:50.119468+00:00,GET /runs/{id},GET,200,24.242,True
2026-09-28T15:50:50.116448+00:00,GET /workflows,GET,200,27.758,True
2026-09-28T15:50:50.144486+00:00,GET /health,GET,200,6.611,True
2026-09-28T15:50:50.150764+00:00,GET /health,GET,200,4.344,True
2026-09-28T15:50:50.131452+00:00,GET /workflows/{id},GET,200,26.829,True
2026-09-28T15:50:50.142904+00:00,GET /workflows/{id},GET,200,22.177,True
2026-09-28T15:50:50.083803+00:00,PUT /workflows/{id},PUT,500,89.152,False
2026-09-28T15:50:50.079720+00:00,PUT /workflows/{id},PUT,200,93.508,True
2026-09-28T15:50:50.144486+00:00,GET /workflows,GET,200,35.829,True
2026-09-28T15:50:50.140790+00:00,GET /workflows,GET,200,40.134,True
2026-09-28T15:50:50.155304+00:00,GET /runs/{id},GET,200,25.951,True
2026-09-28T15:50:50.081726+00:00,PUT /workflows/{id},PUT,500,99.678,False
2026-09-28T15:50:50.158664+00:00,GET /runs/{id}/logs,GET,200,23.639,True
2026-09-28T15:50:50.181664+00:00,GET /health,GET,200,5.879,True
2026-09-28T15:50:50.172664+00:00,GET /workflows/{id},GET,200,20.926,True
2026-09-28T15:50:50.180663+00:00,GET /workflows/{id},GET,200,15.674,True
2026-09-28T15:50:50.173665+00:00,GET /workflows,GET,200,26.076,True
2026-09-28T15:50:50.181664+00:00,GET /runs/{id},GET,200,18.439,True
2026-09-28T15:50:50.188118+00:00,GET /runs/{id},GET,200,16.880,True
2026-09-28T15:50:50.200077+00:00,GET /workflows/{id},GET,200,12.059,True
2026-09-28T15:50:50.194025+00:00,GET /workflows,GET,200,20.084,True
2026-09-28T15:50:50.199074+00:00,GET /runs/{id}/logs,GET,200,18.722,True
2026-09-28T15:50:50.204191+00:00,GET /runs/{id},GET,200,22.142,True
2026-09-28T15:50:50.164663+00:00,PUT /workflows/{id},PUT,200,76.814,True
2026-09-28T15:50:50.213530+00:00,GET /agents/catalog,GET,200,28.270,True
2026-09-28T15:50:50.211520+00:00,GET /runs/{id},GET,200,30.793,True
2026-09-28T15:50:50.217153+00:00,GET /workflows,GET,200,34.073,True
2026-09-28T15:50:50.226925+00:00,GET /runs/{id},GET,200,28.571,True
2026-09-28T15:50:50.180663+00:00,PUT /workflows/{id},PUT,500,89.993,False
2026-09-28T15:50:50.180663+00:00,PUT /workflows/{id},PUT,200,91.692,True
2026-09-28T15:50:50.242030+00:00,GET /runs/{id},GET,200,30.479,True
2026-09-28T15:50:50.242030+00:00,GET /runs/{id},GET,200,31.302,True
2026-09-28T15:50:50.255596+00:00,GET /runs/{id},GET,200,29.185,True
2026-09-28T15:50:50.252452+00:00,GET /runs/{id},GET,200,32.915,True
2026-09-28T15:50:50.196032+00:00,PUT /workflows/{id},PUT,200,90.162,True
2026-09-28T15:50:50.271912+00:00,GET /workflows/{id},GET,200,20.535,True
2026-09-28T15:50:50.271912+00:00,GET /workflows/{id},GET,200,23.705,True
2026-09-28T15:50:50.272913+00:00,GET /runs/{id},GET,200,28.382,True
2026-09-28T15:50:50.270910+00:00,GET /runs/{id},GET,200,31.877,True
2026-09-28T15:50:50.286145+00:00,GET /workflows/{id},GET,200,23.576,True
2026-09-28T15:50:50.283643+00:00,GET /runs/{id}/logs,GET,200,41.765,True
2026-09-28T15:50:50.285138+00:00,GET /runs/{id},GET,200,44.460,True
2026-09-28T15:50:50.292880+00:00,GET /runs/{id},GET,200,38.013,True
2026-09-28T15:50:50.303088+00:00,GET /agents/catalog,GET,200,29.081,True
2026-09-28T15:50:50.302031+00:00,GET /runs/{id},GET,200,30.476,True
2026-09-28T15:50:50.294900+00:00,GET /runs/{id},GET,200,36.966,True
2026-09-28T15:50:50.332468+00:00,GET /health,GET,200,7.329,True
2026-09-28T15:50:50.243035+00:00,PUT /workflows/{id},PUT,200,96.940,True
2026-09-28T15:50:50.310093+00:00,GET /workflows,GET,200,32.741,True
2026-09-28T15:50:50.330461+00:00,POST /workflows/{id}/validate,POST,200,21.913,True
2026-09-28T15:50:50.326470+00:00,GET /workflows,GET,200,28.218,True
2026-09-28T15:50:50.339899+00:00,GET /runs/{id}/logs,GET,200,25.497,True
2026-09-28T15:50:50.343067+00:00,GET /runs/{id}/logs,GET,200,27.611,True
2026-09-28T15:50:50.340424+00:00,GET /workflows,GET,200,33.543,True
2026-09-28T15:50:50.329470+00:00,PUT /workflows/{id},PUT,200,46.038,True
2026-09-28T15:50:50.353251+00:00,GET /runs/{id},GET,200,25.889,True
2026-09-28T15:50:50.354835+00:00,GET /runs/{id}/logs,GET,200,28.328,True
2026-09-28T15:50:50.364824+00:00,GET /runs/{id}/logs,GET,200,27.020,True
2026-09-28T15:50:50.373340+00:00,GET /agents/catalog,GET,200,28.168,True
2026-09-28T15:50:50.375854+00:00,GET /workflows,GET,200,35.699,True
2026-09-28T15:50:50.392266+00:00,GET /workflows/{id},GET,200,20.213,True
2026-09-28T15:50:50.370342+00:00,GET /workflows,GET,200,42.535,True
2026-09-28T15:50:50.381887+00:00,GET /runs/{id},GET,200,32.202,True
2026-09-28T15:50:50.332468+00:00,PUT /workflows/{id},PUT,200,86.587,True
2026-09-28T15:50:50.402000+00:00,GET /agents/catalog,GET,200,18.721,True
2026-09-28T15:50:50.332468+00:00,PUT /workflows/{id},PUT,500,95.981,False
2026-09-28T15:50:50.411478+00:00,GET /workflows,GET,200,19.246,True
2026-09-28T15:50:50.413033+00:00,GET /runs/{id},GET,200,27.346,True
2026-09-28T15:50:50.415201+00:00,GET /runs/{id},GET,200,26.595,True
2026-09-28T15:50:50.421011+00:00,GET /workflows/{id},GET,200,23.458,True
2026-09-28T15:50:50.430538+00:00,GET /runs/{id}/logs,GET,200,23.006,True
2026-09-28T15:50:50.428317+00:00,GET /runs/{id},GET,200,26.363,True
2026-09-28T15:50:50.419421+00:00,GET /runs/{id},GET,200,35.321,True
2026-09-28T15:50:50.453223+00:00,GET /health,GET,200,5.452,True
2026-09-28T15:50:50.441598+00:00,GET /workflows/{id},GET,200,17.747,True
2026-09-28T15:50:50.454789+00:00,GET /health,GET,200,5.609,True
2026-09-28T15:50:50.440553+00:00,GET /runs/{id}/logs,GET,200,21.250,True
2026-09-28T15:50:50.378889+00:00,PUT /workflows/{id},PUT,200,83.051,True
2026-09-28T15:50:50.454789+00:00,GET /runs/{id}/logs,GET,200,16.250,True
2026-09-28T15:50:50.412514+00:00,PUT /workflows/{id},PUT,200,71.027,True
2026-09-28T15:50:50.459474+00:00,GET /runs/{id}/logs,GET,200,24.717,True
2026-09-28T15:50:50.460000+00:00,GET /workflows,GET,200,24.499,True
2026-09-28T15:50:50.462006+00:00,GET /runs/{id},GET,200,26.775,True
2026-09-28T15:50:50.459474+00:00,GET /workflows,GET,200,29.857,True
2026-09-28T15:50:50.462006+00:00,GET /workflows,GET,200,27.622,True
2026-09-28T15:50:50.483465+00:00,GET /health,GET,200,6.405,True
2026-09-28T15:50:50.488683+00:00,GET /workflows/{id},GET,200,18.933,True
2026-09-28T15:50:50.484504+00:00,POST /workflows/{id}/validate,POST,200,25.868,True
2026-09-28T15:50:50.489215+00:00,GET /workflows/{id},GET,200,22.461,True
2026-09-28T15:50:50.485016+00:00,GET /runs/{id},GET,200,31.377,True
2026-09-28T15:50:50.489737+00:00,GET /runs/{id}/logs,GET,200,32.007,True
2026-09-28T15:50:50.490263+00:00,GET /workflows,GET,200,33.515,True
2026-09-28T15:50:50.444249+00:00,PUT /workflows/{id},PUT,200,85.224,True
2026-09-28T15:50:50.510090+00:00,GET /runs/{id}/logs,GET,200,33.543,True
2026-09-28T15:50:50.507470+00:00,GET /runs/{id}/logs,GET,200,36.450,True
2026-09-28T15:50:50.511664+00:00,GET /workflows,GET,200,35.191,True
2026-09-28T15:50:50.546842+00:00,GET /health,GET,200,4.418,True
2026-09-28T15:50:50.521626+00:00,GET /runs/{id},GET,200,30.397,True
2026-09-28T15:50:50.516406+00:00,GET /workflows,GET,200,39.455,True
2026-09-28T15:50:50.522840+00:00,GET /runs/{id},GET,200,37.108,True
2026-09-28T15:50:50.470710+00:00,PUT /workflows/{id},PUT,200,92.219,True
2026-09-28T15:50:50.528952+00:00,GET /workflows,GET,200,34.805,True
2026-09-28T15:50:50.564364+00:00,GET /health,GET,200,6.218,True
2026-09-28T15:50:50.543717+00:00,GET /runs/{id},GET,200,27.897,True
2026-09-28T15:50:50.544229+00:00,GET /workflows,GET,200,28.105,True
2026-09-28T15:50:50.570754+00:00,GET /health,GET,200,6.255,True
2026-09-28T15:50:50.551084+00:00,GET /runs/{id},GET,200,25.946,True
2026-09-28T15:50:50.555199+00:00,POST /workflows/{id}/validate,POST,200,22.969,True
2026-09-28T15:50:50.560201+00:00,GET /workflows/{id},GET,200,18.284,True
2026-09-28T15:50:50.563313+00:00,PUT /workflows/{id},PUT,200,26.145,True
2026-09-28T15:50:50.571798+00:00,GET /workflows,GET,200,22.306,True
2026-09-28T15:50:50.577163+00:00,GET /runs/{id},GET,200,18.076,True
2026-09-28T15:50:50.577163+00:00,GET /runs/{id},GET,200,19.130,True
2026-09-28T15:50:50.579166+00:00,GET /runs/{id}/logs,GET,200,19.060,True
2026-09-28T15:50:50.588520+00:00,GET /agents/catalog,GET,200,16.083,True
2026-09-28T15:50:50.594084+00:00,GET /workflows/{id},GET,200,17.457,True
2026-09-28T15:50:50.595085+00:00,GET /runs/{id},GET,200,21.460,True
2026-09-28T15:50:50.597086+00:00,GET /workflows,GET,200,22.440,True
2026-09-28T15:50:50.596085+00:00,GET /runs/{id},GET,200,24.887,True
2026-09-28T15:50:50.611079+00:00,GET /workflows,GET,200,23.007,True
2026-09-28T15:50:50.552148+00:00,PUT /workflows/{id},PUT,200,82.782,True
2026-09-28T15:50:50.620690+00:00,GET /workflows/{id},GET,200,18.994,True
2026-09-28T15:50:50.616311+00:00,GET /workflows,GET,200,26.885,True
2026-09-28T15:50:50.620690+00:00,GET /runs/{id},GET,200,24.925,True
2026-09-28T15:50:50.643863+00:00,GET /health,GET,200,5.261,True
2026-09-28T15:50:50.572328+00:00,PUT /workflows/{id},PUT,200,80.378,True
2026-09-28T15:50:50.578162+00:00,PUT /workflows/{id},PUT,500,80.770,False
2026-09-28T15:50:50.634252+00:00,GET /runs/{id}/logs,GET,200,25.960,True
2026-09-28T15:50:50.639740+00:00,GET /runs/{id},GET,200,22.663,True
2026-09-28T15:50:50.645864+00:00,GET /workflows/{id},GET,200,19.887,True
2026-09-28T15:50:50.648852+00:00,GET /workflows,GET,200,30.809,True
2026-09-28T15:50:50.651988+00:00,GET /runs/{id}/logs,GET,200,32.127,True
2026-09-28T15:50:50.658988+00:00,GET /runs/{id},GET,200,28.169,True
2026-09-28T15:50:50.660493+00:00,GET /runs/{id}/logs,GET,200,27.495,True
2026-09-28T15:50:50.604851+00:00,PUT /workflows/{id},PUT,200,83.200,True
2026-09-28T15:50:50.665135+00:00,GET /runs/{id}/logs,GET,200,24.189,True
2026-09-28T15:50:50.662129+00:00,GET /workflows,GET,200,28.001,True
2026-09-28T15:50:50.689452+00:00,GET /health,GET,200,6.502,True
2026-09-28T15:50:50.684758+00:00,GET /workflows/{id},GET,200,20.794,True
2026-09-28T15:50:50.686762+00:00,GET /workflows/{id},GET,200,22.596,True
2026-09-28T15:50:50.689452+00:00,GET /workflows/{id},GET,200,22.902,True
2026-09-28T15:50:50.688237+00:00,GET /workflows/{id},GET,200,28.858,True
2026-09-28T15:50:50.679053+00:00,GET /workflows,GET,200,38.224,True
2026-09-28T15:50:50.688237+00:00,GET /workflows,GET,200,33.780,True
2026-09-28T15:50:50.696896+00:00,GET /workflows,GET,200,25.647,True
2026-09-28T15:50:50.634252+00:00,PUT /workflows/{id},PUT,200,93.473,True
2026-09-28T15:50:50.705491+00:00,GET /runs/{id},GET,200,29.393,True
2026-09-28T15:50:50.734959+00:00,GET /health,GET,200,6.950,True
2026-09-28T15:50:50.717151+00:00,GET /workflows/{id},GET,200,24.557,True
2026-09-28T15:50:50.721661+00:00,GET /runs/{id},GET,200,23.774,True
2026-09-28T15:50:50.710460+00:00,GET /workflows,GET,200,35.914,True
2026-09-28T15:50:50.741668+00:00,GET /health,GET,200,7.140,True
2026-09-28T15:50:50.718142+00:00,POST /workflows/{id}/validate,POST,200,31.574,True
2026-09-28T15:50:50.712622+00:00,GET /workflows,GET,200,36.968,True
2026-09-28T15:50:50.721661+00:00,GET /runs/{id}/logs,GET,200,28.254,True
2026-09-28T15:50:50.749717+00:00,GET /health,GET,200,3.896,True
2026-09-28T15:50:50.753724+00:00,GET /health,GET,200,4.617,True
2026-09-28T15:50:50.727928+00:00,PUT /workflows/{id},PUT,200,34.629,True
2026-09-28T15:50:50.741668+00:00,GET /runs/{id},GET,200,25.688,True
2026-09-28T15:50:50.745676+00:00,POST /workflows/{id}/validate,POST,200,24.264,True
2026-09-28T15:50:50.749717+00:00,GET /workflows/{id},GET,200,23.494,True
2026-09-28T15:50:50.748728+00:00,GET /runs/{id},GET,200,26.325,True
2026-09-28T15:50:50.749717+00:00,GET /runs/{id},GET,200,26.048,True
2026-09-28T15:50:50.745676+00:00,GET /runs/{id},GET,200,31.303,True
2026-09-28T15:50:50.762271+00:00,GET /agents/catalog,GET,200,20.239,True
2026-09-28T15:50:50.758265+00:00,GET /runs/{id},GET,200,27.449,True
2026-09-28T15:50:50.770772+00:00,GET /workflows/{id},GET,200,17.968,True
2026-09-28T15:50:50.774772+00:00,GET /agents/catalog,GET,200,24.627,True
2026-09-28T15:50:50.775771+00:00,POST /workflows/{id}/validate,POST,200,25.177,True
2026-09-28T15:50:50.776772+00:00,GET /workflows,GET,200,24.161,True
2026-09-28T15:50:50.772771+00:00,GET /workflows,GET,200,32.379,True
2026-09-28T15:50:50.788783+00:00,GET /runs/{id},GET,200,24.250,True
2026-09-28T15:50:50.786549+00:00,GET /runs/{id}/logs,GET,200,28.256,True
2026-09-28T15:50:50.799966+00:00,GET /agents/catalog,GET,200,16.915,True
2026-09-28T15:50:50.801003+00:00,GET /runs/{id},GET,200,18.743,True
2026-09-28T15:50:50.819731+00:00,GET /health,GET,200,3.005,True
2026-09-28T15:50:50.817010+00:00,GET /agents/catalog,GET,200,9.822,True
2026-09-28T15:50:50.814889+00:00,GET /runs/{id},GET,200,14.073,True
2026-09-28T15:50:50.822474+00:00,GET /workflows/{id},GET,200,11.876,True
2026-09-28T15:50:50.826501+00:00,GET /runs/{id}/logs,GET,200,10.710,True
2026-09-28T15:50:50.766766+00:00,PUT /workflows/{id},PUT,200,70.399,True
2026-09-28T15:50:50.828516+00:00,GET /runs/{id}/logs,GET,200,18.876,True
2026-09-28T15:50:50.834649+00:00,GET /runs/{id},GET,200,20.154,True
2026-09-28T15:50:50.836659+00:00,POST /workflows/{id}/validate,POST,200,21.521,True
2026-09-28T15:50:50.836659+00:00,GET /runs/{id},GET,200,22.155,True
2026-09-28T15:50:50.782778+00:00,PUT /workflows/{id},PUT,200,77.605,True
2026-09-28T15:50:50.846990+00:00,POST /workflows/{id}/validate,POST,200,22.588,True
2026-09-28T15:50:50.801003+00:00,PUT /workflows/{id},PUT,200,74.336,True
2026-09-28T15:50:50.854990+00:00,GET /runs/{id},GET,200,26.931,True
2026-09-28T15:50:50.858988+00:00,GET /workflows/{id},GET,200,32.147,True
2026-09-28T15:50:50.860492+00:00,GET /workflows,GET,200,31.804,True
2026-09-28T15:50:50.805308+00:00,PUT /workflows/{id},PUT,200,87.199,True
2026-09-28T15:50:50.812784+00:00,PUT /workflows/{id},PUT,500,84.586,False
2026-09-28T15:50:50.859987+00:00,GET /runs/{id}/logs,GET,200,37.882,True
2026-09-28T15:50:50.875268+00:00,GET /workflows/{id},GET,200,23.496,True
2026-09-28T15:50:50.870522+00:00,GET /runs/{id},GET,200,29.879,True
2026-09-28T15:50:50.882027+00:00,GET /runs/{id}/logs,GET,200,28.496,True
2026-09-28T15:50:50.892875+00:00,GET /workflows/{id},GET,200,22.345,True
2026-09-28T15:50:50.914398+00:00,GET /health,GET,200,3.916,True
2026-09-28T15:50:50.891530+00:00,GET /runs/{id},GET,200,29.786,True
2026-09-28T15:50:50.897169+00:00,GET /runs/{id},GET,200,25.469,True
2026-09-28T15:50:50.900176+00:00,GET /workflows,GET,200,24.216,True
2026-09-28T15:50:50.898178+00:00,POST /workflows/{id}/validate,POST,200,27.979,True
2026-09-28T15:50:50.899176+00:00,GET /workflows,GET,200,27.108,True
2026-09-28T15:50:50.922878+00:00,GET /workflows/{id},GET,200,11.528,True
2026-09-28T15:50:50.923878+00:00,GET /workflows/{id},GET,200,12.763,True
2026-09-28T15:50:50.921875+00:00,GET /runs/{id},GET,200,20.888,True
2026-09-28T15:50:50.925878+00:00,GET /workflows,GET,200,18.414,True
2026-09-28T15:50:50.925878+00:00,GET /runs/{id}/logs,GET,200,18.601,True
2026-09-28T15:50:50.933916+00:00,GET /workflows/{id},GET,200,16.324,True
2026-09-28T15:50:50.936920+00:00,GET /agents/catalog,GET,200,16.203,True
2026-09-28T15:50:50.942219+00:00,GET /workflows/{id},GET,200,14.432,True
2026-09-28T15:50:50.944212+00:00,GET /runs/{id},GET,200,20.445,True
2026-09-28T15:50:50.890529+00:00,PUT /workflows/{id},PUT,200,74.196,True
2026-09-28T15:50:50.945212+00:00,GET /workflows,GET,200,33.909,True
2026-09-28T15:50:50.950745+00:00,GET /workflows,GET,200,29.204,True
2026-09-28T15:50:50.952749+00:00,GET /agents/catalog,GET,200,30.393,True
2026-09-28T15:50:50.957250+00:00,GET /runs/{id},GET,200,31.843,True
2026-09-28T15:50:50.964914+00:00,GET /workflows/{id},GET,200,32.382,True
2026-09-28T15:50:50.910398+00:00,PUT /workflows/{id},PUT,200,91.860,True
2026-09-28T15:50:50.964914+00:00,GET /runs/{id},GET,200,38.699,True
2026-09-28T15:50:50.979007+00:00,GET /runs/{id},GET,200,25.954,True
2026-09-28T15:50:50.988965+00:00,GET /workflows/{id},GET,200,18.808,True
2026-09-28T15:50:50.918870+00:00,PUT /workflows/{id},PUT,500,94.048,False
2026-09-28T15:50:50.983735+00:00,GET /workflows/{id},GET,200,32.139,True
2026-09-28T15:50:50.997911+00:00,GET /workflows/{id},GET,200,23.884,True
2026-09-28T15:50:51.003035+00:00,GET /workflows/{id},GET,200,23.518,True
2026-09-28T15:50:51.004293+00:00,GET /runs/{id},GET,200,34.395,True
2026-09-28T15:50:51.015811+00:00,GET /agents/catalog,GET,200,26.162,True
2026-09-28T15:50:51.012032+00:00,GET /runs/{id}/logs,GET,200,33.081,True
2026-09-28T15:50:51.007120+00:00,GET /runs/{id},GET,200,38.751,True
2026-09-28T15:50:51.021882+00:00,GET /runs/{id},GET,200,25.966,True
2026-09-28T15:50:51.002027+00:00,PUT /workflows/{id},PUT,200,49.063,True
2026-09-28T15:50:51.027137+00:00,GET /runs/{id}/logs,GET,200,26.662,True
2026-09-28T15:50:50.980069+00:00,PUT /workflows/{id},PUT,200,84.509,True
2026-09-28T15:50:51.041987+00:00,GET /runs/{id},GET,200,28.209,True
2026-09-28T15:50:51.046988+00:00,GET /runs/{id},GET,200,25.927,True
2026-09-28T15:50:51.050988+00:00,GET /agents/catalog,GET,200,21.568,True
2026-09-28T15:50:51.045986+00:00,GET /runs/{id}/logs,GET,200,27.481,True
2026-09-28T15:50:51.047986+00:00,GET /runs/{id},GET,200,28.229,True
2026-09-28T15:50:51.070133+00:00,GET /health,GET,200,6.678,True
2026-09-28T15:50:51.053100+00:00,GET /runs/{id},GET,200,24.167,True
2026-09-28T15:50:51.075462+00:00,GET /health,GET,200,2.989,True
2026-09-28T15:50:51.072940+00:00,GET /health,GET,200,6.726,True
2026-09-28T15:50:51.072940+00:00,GET /health,GET,200,6.790,True
2026-09-28T15:50:51.064113+00:00,GET /workflows/{id},GET,200,15.629,True
2026-09-28T15:50:51.077459+00:00,GET /runs/{id}/logs,GET,200,15.312,True
2026-09-28T15:50:51.078465+00:00,GET /workflows,GET,200,17.171,True
2026-09-28T15:50:51.079460+00:00,POST /workflows/{id}/validate,POST,200,19.382,True
2026-09-28T15:50:51.079460+00:00,GET /workflows,GET,200,20.021,True
2026-09-28T15:50:51.093436+00:00,GET /workflows/{id},GET,200,13.198,True
2026-09-28T15:50:51.039387+00:00,PUT /workflows/{id},PUT,200,70.099,True
2026-09-28T15:50:51.095752+00:00,GET /workflows/{id},GET,200,13.609,True
2026-09-28T15:50:51.098723+00:00,GET /workflows/{id},GET,200,15.952,True
2026-09-28T15:50:51.100132+00:00,POST /workflows/{id}/validate,POST,200,18.180,True
2026-09-28T15:50:51.106184+00:00,GET /workflows/{id},GET,200,17.912,True
2026-09-28T15:50:51.109035+00:00,GET /workflows/{id},GET,200,19.617,True
2026-09-28T15:50:51.109035+00:00,GET /runs/{id}/logs,GET,200,29.225,True
2026-09-28T15:50:51.114904+00:00,GET /runs/{id},GET,200,26.139,True
2026-09-28T15:50:51.123288+00:00,GET /runs/{id}/logs,GET,200,33.134,True
2026-09-28T15:50:51.118593+00:00,GET /workflows,GET,200,39.665,True
2026-09-28T15:50:51.072940+00:00,PUT /workflows/{id},PUT,200,85.196,True
2026-09-28T15:50:51.128832+00:00,POST /workflows/{id}/validate,POST,200,33.900,True
2026-09-28T15:50:51.138555+00:00,GET /runs/{id},GET,200,25.532,True
2026-09-28T15:50:51.140558+00:00,POST /workflows/{id}/validate,POST,200,24.059,True
2026-09-28T15:50:51.076461+00:00,PUT /workflows/{id},PUT,200,90.194,True
2026-09-28T15:50:51.079460+00:00,PUT /workflows/{id},PUT,500,92.681,False
2026-09-28T15:50:51.167220+00:00,GET /health,GET,200,9.288,True
2026-09-28T15:50:51.158665+00:00,GET /runs/{id},GET,200,25.250,True
2026-09-28T15:50:51.157612+00:00,GET /workflows,GET,200,29.099,True
2026-09-28T15:50:51.158139+00:00,GET /workflows,GET,200,30.142,True
2026-09-28T15:50:51.186546+00:00,GET /health,GET,200,5.391,True
2026-09-28T15:50:51.163212+00:00,GET /workflows,GET,200,33.115,True
2026-09-28T15:50:51.165198+00:00,GET /runs/{id},GET,200,31.337,True
2026-09-28T15:50:51.191547+00:00,GET /health,GET,200,6.626,True
2026-09-28T15:50:51.176558+00:00,GET /runs/{id}/logs,GET,200,25.219,True
2026-09-28T15:50:51.171548+00:00,GET /workflows/{id},GET,200,37.555,True
2026-09-28T15:50:51.183548+00:00,GET /runs/{id}/logs,GET,200,30.238,True
2026-09-28T15:50:51.187546+00:00,GET /workflows,GET,200,26.265,True
2026-09-28T15:50:51.195899+00:00,GET /workflows/{id},GET,200,21.072,True
2026-09-28T15:50:51.214136+00:00,GET /health,GET,200,8.491,True
2026-09-28T15:50:51.214136+00:00,GET /health,GET,200,8.657,True
2026-09-28T15:50:51.195899+00:00,POST /workflows/{id}/validate,POST,200,27.674,True
2026-09-28T15:50:51.209457+00:00,GET /workflows/{id},GET,200,17.116,True
2026-09-28T15:50:51.201937+00:00,GET /runs/{id}/logs,GET,200,26.574,True
2026-09-28T15:50:51.198939+00:00,GET /runs/{id}/logs,GET,200,29.764,True
2026-09-28T15:50:51.217135+00:00,GET /workflows,GET,200,27.177,True
2026-09-28T15:50:51.223138+00:00,GET /runs/{id},GET,200,24.361,True
2026-09-28T15:50:51.164210+00:00,PUT /workflows/{id},PUT,200,83.282,True
2026-09-28T15:50:51.222137+00:00,GET /runs/{id},GET,200,25.451,True
2026-09-28T15:50:51.228276+00:00,POST /workflows/{id}/validate,POST,200,20.600,True
2026-09-28T15:50:51.228276+00:00,GET /workflows,GET,200,20.668,True
2026-09-28T15:50:51.247719+00:00,GET /workflows/{id},GET,200,14.088,True
2026-09-28T15:50:51.247719+00:00,GET /runs/{id}/logs,GET,200,17.595,True
2026-09-28T15:50:51.247719+00:00,GET /runs/{id},GET,200,22.617,True
2026-09-28T15:50:51.244717+00:00,GET /workflows,GET,200,27.006,True
2026-09-28T15:50:51.249108+00:00,GET /workflows,GET,200,24.681,True
2026-09-28T15:50:51.249108+00:00,GET /runs/{id},GET,200,24.817,True
2026-09-28T15:50:51.265443+00:00,GET /workflows,GET,200,19.008,True
2026-09-28T15:50:51.283620+00:00,GET /health,GET,200,6.327,True
2026-09-28T15:50:51.273627+00:00,GET /workflows/{id},GET,200,19.582,True
2026-09-28T15:50:51.273627+00:00,GET /runs/{id},GET,200,26.530,True
2026-09-28T15:50:51.269615+00:00,GET /runs/{id},GET,200,30.717,True
2026-09-28T15:50:51.271621+00:00,GET /workflows,GET,200,29.778,True
2026-09-28T15:50:51.224136+00:00,PUT /workflows/{id},PUT,200,83.522,True
2026-09-28T15:50:51.227137+00:00,PUT /workflows/{id},PUT,500,90.052,False
2026-09-28T15:50:51.290386+00:00,GET /runs/{id},GET,200,28.477,True
2026-09-28T15:50:51.292888+00:00,GET /workflows/{id},GET,200,27.066,True
2026-09-28T15:50:51.299583+00:00,GET /runs/{id},GET,200,27.987,True
2026-09-28T15:50:51.301040+00:00,GET /agents/catalog,GET,200,31.997,True
2026-09-28T15:50:51.307685+00:00,GET /workflows/{id},GET,200,25.589,True
2026-09-28T15:50:51.301040+00:00,GET /runs/{id}/logs,GET,200,32.715,True
2026-09-28T15:50:51.316801+00:00,GET /health,GET,200,19.033,True
2026-09-28T15:50:51.261933+00:00,PUT /workflows/{id},PUT,200,80.465,True
2026-09-28T15:50:51.320512+00:00,GET /agents/catalog,GET,200,23.780,True
2026-09-28T15:50:51.342579+00:00,GET /health,GET,200,8.675,True
2026-09-28T15:50:51.332572+00:00,GET /workflows/{id},GET,200,22.667,True
2026-09-28T15:50:51.319506+00:00,GET /runs/{id}/logs,GET,200,36.448,True
2026-09-28T15:50:51.335581+00:00,GET /workflows/{id},GET,200,22.055,True
2026-09-28T15:50:51.328512+00:00,GET /runs/{id},GET,200,29.938,True
2026-09-28T15:50:51.333582+00:00,GET /runs/{id}/logs,GET,200,25.118,True
2026-09-28T15:50:51.333582+00:00,GET /runs/{id}/logs,GET,200,26.141,True
2026-09-28T15:50:51.358544+00:00,GET /workflows/{id},GET,200,15.574,True
2026-09-28T15:50:51.357543+00:00,GET /workflows/{id},GET,200,16.363,True
2026-09-28T15:50:51.359546+00:00,GET /workflows/{id},GET,200,15.978,True
2026-09-28T15:50:51.355538+00:00,GET /runs/{id}/logs,GET,200,19.664,True
2026-09-28T15:50:51.358544+00:00,GET /workflows/{id},GET,200,17.083,True
2026-09-28T15:50:51.355538+00:00,GET /runs/{id}/logs,GET,200,21.203,True
2026-09-28T15:50:51.375303+00:00,GET /agents/catalog,GET,200,11.586,True
2026-09-28T15:50:51.376301+00:00,GET /workflows/{id},GET,200,12.293,True
2026-09-28T15:50:51.374303+00:00,GET /runs/{id},GET,200,16.804,True
2026-09-28T15:50:51.375303+00:00,POST /workflows/{id}/validate,POST,200,16.415,True
2026-09-28T15:50:51.376301+00:00,GET /runs/{id}/logs,GET,200,15.415,True
2026-09-28T15:50:51.387496+00:00,GET /workflows/{id},GET,200,17.674,True
2026-09-28T15:50:51.388489+00:00,GET /agents/catalog,GET,200,27.210,True
2026-09-28T15:50:51.391488+00:00,GET /runs/{id}/logs,GET,200,27.258,True
2026-09-28T15:50:51.391488+00:00,GET /workflows/{id},GET,200,28.046,True
2026-09-28T15:50:51.391488+00:00,GET /workflows,GET,200,31.226,True
2026-09-28T15:50:51.419432+00:00,GET /health,GET,200,6.536,True
2026-09-28T15:50:51.343581+00:00,PUT /workflows/{id},PUT,200,82.468,True
2026-09-28T15:50:51.404489+00:00,GET /runs/{id}/logs,GET,200,33.529,True
2026-09-28T15:50:51.351298+00:00,PUT /workflows/{id},PUT,200,91.007,True
2026-09-28T15:50:51.415731+00:00,GET /runs/{id},GET,200,33.259,True
2026-09-28T15:50:51.419946+00:00,GET /runs/{id}/logs,GET,200,29.362,True
2026-09-28T15:50:51.422576+00:00,GET /runs/{id}/logs,GET,200,32.968,True
2026-09-28T15:50:51.425581+00:00,GET /runs/{id}/logs,GET,200,31.583,True
2026-09-28T15:50:51.426581+00:00,GET /workflows,GET,200,38.986,True
2026-09-28T15:50:51.438094+00:00,GET /runs/{id},GET,200,27.435,True
2026-09-28T15:50:51.374303+00:00,PUT /workflows/{id},PUT,200,97.730,True
2026-09-28T15:50:51.455473+00:00,GET /workflows/{id},GET,200,17.349,True
2026-09-28T15:50:51.441910+00:00,GET /runs/{id}/logs,GET,200,31.627,True
2026-09-28T15:50:51.448923+00:00,GET /runs/{id},GET,200,28.850,True
2026-09-28T15:50:51.472131+00:00,GET /health,GET,200,5.499,True
2026-09-28T15:50:51.457479+00:00,GET /runs/{id}/logs,GET,200,24.351,True
2026-09-28T15:50:51.477636+00:00,GET /health,GET,200,4.286,True
2026-09-28T15:50:51.465000+00:00,GET /agents/catalog,GET,200,20.896,True
2026-09-28T15:50:51.465992+00:00,GET /runs/{id}/logs,GET,200,23.536,True
2026-09-28T15:50:51.473130+00:00,GET /workflows/{id},GET,200,19.555,True
2026-09-28T15:50:51.477636+00:00,GET /workflows,GET,200,24.776,True
2026-09-28T15:50:51.471133+00:00,GET /workflows,GET,200,31.555,True
2026-09-28T15:50:51.481716+00:00,GET /workflows/{id},GET,200,23.129,True
2026-09-28T15:50:51.486005+00:00,GET /runs/{id},GET,200,25.278,True
2026-09-28T15:50:51.482716+00:00,GET /workflows,GET,200,31.554,True
2026-09-28T15:50:51.493009+00:00,GET /runs/{id}/logs,GET,200,26.457,True
2026-09-28T15:50:51.503526+00:00,GET /workflows/{id},GET,200,20.888,True
2026-09-28T15:50:51.502523+00:00,GET /agents/catalog,GET,200,22.651,True
2026-09-28T15:50:51.505029+00:00,GET /runs/{id},GET,200,22.620,True
2026-09-28T15:50:51.511547+00:00,GET /workflows/{id},GET,200,17.044,True
2026-09-28T15:50:51.448923+00:00,PUT /workflows/{id},PUT,200,79.765,True
2026-09-28T15:50:51.519546+00:00,GET /runs/{id},GET,200,22.357,True
2026-09-28T15:50:51.525239+00:00,GET /runs/{id}/logs,GET,200,25.745,True
2026-09-28T15:50:51.527750+00:00,GET /runs/{id},GET,200,24.757,True
2026-09-28T15:50:51.524544+00:00,GET /workflows,GET,200,28.668,True
2026-09-28T15:50:51.528749+00:00,GET /workflows,GET,200,26.948,True
2026-09-28T15:50:51.528749+00:00,GET /runs/{id},GET,200,26.946,True
2026-09-28T15:50:51.489009+00:00,PUT /workflows/{id},PUT,200,74.255,True
2026-09-28T15:50:51.550785+00:00,GET /runs/{id},GET,200,20.734,True
2026-09-28T15:50:51.551779+00:00,GET /workflows/{id},GET,200,21.355,True
2026-09-28T15:50:51.552777+00:00,GET /workflows,GET,200,31.107,True
2026-09-28T15:50:51.555779+00:00,GET /runs/{id}/logs,GET,200,28.422,True
2026-09-28T15:50:51.563454+00:00,GET /workflows/{id},GET,200,21.401,True
2026-09-28T15:50:51.555779+00:00,GET /workflows,GET,200,30.141,True
2026-09-28T15:50:51.571459+00:00,GET /runs/{id}/logs,GET,200,20.401,True
2026-09-28T15:50:51.583459+00:00,GET /health,GET,200,8.645,True
2026-09-28T15:50:51.513544+00:00,PUT /workflows/{id},PUT,200,79.592,True
2026-09-28T15:50:51.573458+00:00,GET /workflows,GET,200,20.394,True
2026-09-28T15:50:51.592687+00:00,GET /workflows/{id},GET,200,18.813,True
2026-09-28T15:50:51.585459+00:00,GET /runs/{id},GET,200,33.046,True
2026-09-28T15:50:51.584459+00:00,GET /runs/{id},GET,200,34.547,True
2026-09-28T15:50:51.593688+00:00,GET /runs/{id},GET,200,25.507,True
2026-09-28T15:50:51.591689+00:00,GET /workflows,GET,200,27.927,True
2026-09-28T15:50:51.593688+00:00,GET /runs/{id}/logs,GET,200,26.865,True
2026-09-28T15:50:51.542272+00:00,PUT /workflows/{id},PUT,200,80.561,True
2026-09-28T15:50:51.619226+00:00,GET /health,GET,200,5.856,True
2026-09-28T15:50:51.611694+00:00,GET /runs/{id},GET,200,24.901,True
2026-09-28T15:50:51.620708+00:00,GET /workflows/{id},GET,200,20.621,True
2026-09-28T15:50:51.619226+00:00,GET /runs/{id},GET,200,25.280,True
2026-09-28T15:50:51.619226+00:00,GET /workflows,GET,200,27.938,True
2026-09-28T15:50:51.620204+00:00,GET /workflows,GET,200,31.848,True
2026-09-28T15:50:51.624904+00:00,GET /runs/{id}/logs,GET,200,28.150,True
2026-09-28T15:50:51.622219+00:00,GET /workflows,GET,200,31.573,True
2026-09-28T15:50:51.636486+00:00,GET /workflows/{id},GET,200,23.703,True
2026-09-28T15:50:51.644370+00:00,GET /runs/{id},GET,200,24.506,True
2026-09-28T15:50:51.641496+00:00,GET /workflows,GET,200,29.392,True
2026-09-28T15:50:51.585459+00:00,PUT /workflows/{id},PUT,200,88.215,True
2026-09-28T15:50:51.646384+00:00,GET /runs/{id},GET,200,26.702,True
2026-09-28T15:50:51.651374+00:00,GET /runs/{id}/logs,GET,200,27.626,True
2026-09-28T15:50:51.654391+00:00,GET /runs/{id},GET,200,28.456,True
2026-09-28T15:50:51.660398+00:00,GET /workflows,GET,200,24.052,True
2026-09-28T15:50:51.673608+00:00,POST /workflows/{id}/validate,POST,200,17.985,True
2026-09-28T15:50:51.670942+00:00,GET /runs/{id}/logs,GET,200,21.542,True
2026-09-28T15:50:51.673608+00:00,GET /runs/{id},GET,200,18.895,True
2026-09-28T15:50:51.683599+00:00,GET /runs/{id},GET,200,13.545,True
2026-09-28T15:50:51.691659+00:00,GET /workflows/{id},GET,200,16.585,True
2026-09-28T15:50:51.691659+00:00,GET /runs/{id},GET,200,17.605,True
2026-09-28T15:50:51.692658+00:00,GET /runs/{id},GET,200,19.449,True
2026-09-28T15:50:51.708659+00:00,GET /health,GET,200,4.070,True
2026-09-28T15:50:51.697658+00:00,GET /runs/{id},GET,200,20.102,True
2026-09-28T15:50:51.653383+00:00,PUT /workflows/{id},PUT,200,68.409,True
2026-09-28T15:50:51.709659+00:00,GET /runs/{id},GET,200,22.223,True
2026-09-28T15:50:51.712664+00:00,GET /runs/{id},GET,200,23.528,True
2026-09-28T15:50:51.711659+00:00,GET /runs/{id},GET,200,27.148,True
2026-09-28T15:50:51.721672+00:00,GET /workflows/{id},GET,200,20.198,True
2026-09-28T15:50:51.717663+00:00,GET /runs/{id},GET,200,26.440,True
2026-09-28T15:50:51.668928+00:00,PUT /workflows/{id},PUT,200,79.438,True
2026-09-28T15:50:51.731603+00:00,GET /runs/{id},GET,200,24.716,True
2026-09-28T15:50:51.756333+00:00,GET /health,GET,200,3.733,True
2026-09-28T15:50:51.736233+00:00,GET /workflows,GET,200,28.984,True
2026-09-28T15:50:51.742241+00:00,GET /runs/{id}/logs,GET,200,24.291,True
2026-09-28T15:50:51.679599+00:00,PUT /workflows/{id},PUT,500,92.743,False
2026-09-28T15:50:51.682607+00:00,PUT /workflows/{id},PUT,200,89.829,True
2026-09-28T15:50:51.747233+00:00,GET /agents/catalog,GET,200,24.635,True
2026-09-28T15:50:51.744234+00:00,GET /workflows,GET,200,28.975,True
2026-09-28T15:50:51.766325+00:00,GET /health,GET,200,6.806,True
2026-09-28T15:50:51.760332+00:00,GET /runs/{id}/logs,GET,200,19.578,True
2026-09-28T15:50:51.765325+00:00,GET /workflows,GET,200,31.475,True
2026-09-28T15:50:51.773324+00:00,GET /workflows,GET,200,32.889,True
2026-09-28T15:50:51.773324+00:00,GET /runs/{id},GET,200,33.763,True
2026-09-28T15:50:51.772808+00:00,GET /workflows,GET,200,34.790,True
2026-09-28T15:50:51.772808+00:00,GET /runs/{id},GET,200,36.327,True
2026-09-28T15:50:51.772324+00:00,GET /runs/{id},GET,200,37.177,True
2026-09-28T15:50:51.779865+00:00,GET /runs/{id},GET,200,34.281,True
2026-09-28T15:50:51.796874+00:00,GET /workflows/{id},GET,200,20.863,True
2026-09-28T15:50:51.805856+00:00,GET /workflows/{id},GET,200,19.992,True
2026-09-28T15:50:51.739236+00:00,PUT /workflows/{id},PUT,200,87.859,True
2026-09-28T15:50:51.826856+00:00,GET /health,GET,200,4.093,True
2026-09-28T15:50:51.806856+00:00,GET /runs/{id},GET,200,26.322,True
2026-09-28T15:50:51.809856+00:00,GET /runs/{id},GET,200,24.532,True
2026-09-28T15:50:51.806856+00:00,GET /runs/{id},GET,200,27.028,True
2026-09-28T15:50:51.813856+00:00,GET /runs/{id},GET,200,20.997,True
2026-09-28T15:50:51.833861+00:00,GET /health,GET,200,3.668,True
2026-09-28T15:50:51.825864+00:00,GET /runs/{id},GET,200,20.546,True
2026-09-28T15:50:51.832869+00:00,GET /workflows/{id},GET,200,13.906,True
2026-09-28T15:50:51.847394+00:00,GET /health,GET,200,3.696,True
2026-09-28T15:50:51.830869+00:00,GET /runs/{id}/logs,GET,200,23.060,True
2026-09-28T15:50:51.833861+00:00,GET /runs/{id},GET,200,21.103,True
2026-09-28T15:50:51.834861+00:00,GET /runs/{id}/logs,GET,200,20.728,True
2026-09-28T15:50:51.837870+00:00,GET /runs/{id},GET,200,18.256,True
2026-09-28T15:50:51.856408+00:00,GET /health,GET,200,4.519,True
2026-09-28T15:50:51.851392+00:00,GET /workflows/{id},GET,200,16.416,True
2026-09-28T15:50:51.855408+00:00,GET /workflows/{id},GET,200,15.901,True
2026-09-28T15:50:51.866911+00:00,GET /health,GET,200,5.001,True
2026-09-28T15:50:51.854400+00:00,GET /runs/{id},GET,200,20.795,True
2026-09-28T15:50:51.855408+00:00,GET /workflows,GET,200,23.905,True
2026-09-28T15:50:51.808857+00:00,PUT /workflows/{id},PUT,200,72.232,True
2026-09-28T15:50:51.871443+00:00,GET /workflows/{id},GET,200,16.853,True
2026-09-28T15:50:51.817856+00:00,PUT /workflows/{id},PUT,200,76.819,True
2026-09-28T15:50:51.872442+00:00,GET /workflows,GET,200,22.626,True
2026-09-28T15:50:51.875154+00:00,GET /workflows,GET,200,21.166,True
2026-09-28T15:50:51.881168+00:00,GET /runs/{id}/logs,GET,200,19.111,True
2026-09-28T15:50:51.888680+00:00,GET /runs/{id}/logs,GET,200,23.143,True
2026-09-28T15:50:51.895443+00:00,GET /agents/catalog,GET,200,21.038,True
2026-09-28T15:50:51.894441+00:00,GET /runs/{id}/logs,GET,200,23.837,True
2026-09-28T15:50:51.846401+00:00,PUT /workflows/{id},PUT,200,77.987,True
2026-09-28T15:50:51.900440+00:00,GET /workflows,GET,200,27.176,True
2026-09-28T15:50:51.911953+00:00,GET /runs/{id},GET,200,26.994,True
2026-09-28T15:50:51.860711+00:00,PUT /workflows/{id},PUT,200,77.951,True
2026-09-28T15:50:51.924950+00:00,GET /agents/catalog,GET,200,22.212,True
2026-09-28T15:50:51.917950+00:00,GET /workflows,GET,200,32.335,True
2026-09-28T15:50:51.916950+00:00,GET /workflows,GET,200,34.024,True
2026-09-28T15:50:51.927950+00:00,GET /workflows,GET,200,30.641,True
2026-09-28T15:50:51.879162+00:00,PUT /workflows/{id},PUT,200,84.257,True
2026-09-28T15:50:51.938457+00:00,GET /workflows/{id},GET,200,27.124,True
2026-09-28T15:50:51.938457+00:00,GET /runs/{id},GET,200,35.713,True
2026-09-28T15:50:51.947460+00:00,GET /runs/{id}/logs,GET,200,27.662,True
2026-09-28T15:50:51.950971+00:00,GET /workflows/{id},GET,200,24.244,True
2026-09-28T15:50:51.958604+00:00,GET /runs/{id},GET,200,26.509,True
2026-09-28T15:50:51.950971+00:00,GET /runs/{id}/logs,GET,200,34.727,True
2026-09-28T15:50:51.974119+00:00,GET /health,GET,200,11.505,True
2026-09-28T15:50:51.895443+00:00,PUT /workflows/{id},PUT,200,91.609,True
2026-09-28T15:50:51.966118+00:00,GET /workflows,GET,200,24.924,True
2026-09-28T15:50:51.985274+00:00,GET /health,GET,200,8.493,True
2026-09-28T15:50:51.963606+00:00,PUT /workflows/{id},PUT,200,30.959,True
2026-09-28T15:50:51.975112+00:00,GET /workflows/{id},GET,200,22.443,True
2026-09-28T15:50:51.984275+00:00,GET /workflows/{id},GET,200,20.795,True
2026-09-28T15:50:51.975112+00:00,GET /workflows,GET,200,34.311,True
2026-09-28T15:50:51.986283+00:00,GET /runs/{id},GET,200,31.489,True
2026-09-28T15:50:51.985274+00:00,GET /runs/{id}/logs,GET,200,37.307,True
2026-09-28T15:50:51.994274+00:00,GET /runs/{id},GET,200,29.804,True
2026-09-28T15:50:51.994274+00:00,GET /runs/{id},GET,200,31.453,True
2026-09-28T15:50:51.990274+00:00,GET /workflows,GET,200,36.999,True
2026-09-28T15:50:51.997778+00:00,GET /runs/{id}/logs,GET,200,31.603,True
2026-09-28T15:50:52.004783+00:00,GET /runs/{id}/logs,GET,200,25.182,True
2026-09-28T15:50:52.008582+00:00,GET /agents/catalog,GET,200,22.666,True
2026-09-28T15:50:52.024116+00:00,GET /agents/catalog,GET,200,13.715,True
2026-09-28T15:50:52.026113+00:00,POST /workflows/{id}/validate,POST,200,17.115,True
2026-09-28T15:50:52.028126+00:00,GET /runs/{id},GET,200,22.805,True
2026-09-28T15:50:52.032118+00:00,GET /runs/{id}/logs,GET,200,21.018,True
2026-09-28T15:50:52.031127+00:00,GET /runs/{id}/logs,GET,200,22.443,True
2026-09-28T15:50:52.037656+00:00,GET /workflows/{id},GET,200,16.392,True
2026-09-28T15:50:52.029113+00:00,GET /runs/{id},GET,200,24.695,True
2026-09-28T15:50:52.043117+00:00,GET /workflows/{id},GET,200,14.842,True
2026-09-28T15:50:52.054426+00:00,GET /health,GET,200,4.530,True
2026-09-28T15:50:52.050645+00:00,GET /agents/catalog,GET,200,10.715,True
2026-09-28T15:50:52.052809+00:00,GET /workflows/{id},GET,200,16.087,True
2026-09-28T15:50:52.053368+00:00,GET /runs/{id}/logs,GET,200,19.029,True
2026-09-28T15:50:52.057652+00:00,GET /runs/{id}/logs,GET,200,25.581,True
2026-09-28T15:50:52.058691+00:00,GET /workflows,GET,200,26.615,True
2026-09-28T15:50:52.060793+00:00,GET /workflows,GET,200,24.853,True
2026-09-28T15:50:52.067785+00:00,GET /runs/{id},GET,200,24.286,True
2026-09-28T15:50:52.023137+00:00,PUT /workflows/{id},PUT,500,87.923,False
2026-09-28T15:50:52.085013+00:00,GET /runs/{id}/logs,GET,200,28.569,True
2026-09-28T15:50:52.083006+00:00,GET /workflows,GET,200,31.005,True
2026-09-28T15:50:52.086518+00:00,GET /workflows,GET,200,28.608,True
2026-09-28T15:50:52.071834+00:00,GET /workflows,GET,200,42.743,True
2026-09-28T15:50:52.018581+00:00,PUT /workflows/{id},PUT,200,97.823,True
2026-09-28T15:50:52.093157+00:00,GET /runs/{id}/logs,GET,200,28.567,True
2026-09-28T15:50:52.053896+00:00,PUT /workflows/{id},PUT,200,79.968,True
2026-09-28T15:50:52.133810+00:00,GET /health,GET,200,6.193,True
2026-09-28T15:50:52.111408+00:00,GET /runs/{id},GET,200,33.650,True
2026-09-28T15:50:52.115104+00:00,GET /runs/{id}/logs,GET,200,30.035,True
2026-09-28T15:50:52.114580+00:00,GET /runs/{id},GET,200,31.018,True
2026-09-28T15:50:52.115104+00:00,GET /runs/{id}/logs,GET,200,33.747,True
2026-09-28T15:50:52.114048+00:00,POST /workflows/{id}/validate,POST,200,40.319,True
2026-09-28T15:50:52.121484+00:00,GET /workflows,GET,200,34.623,True
2026-09-28T15:50:52.116167+00:00,PUT /workflows/{id},PUT,200,41.305,True
2026-09-28T15:50:52.156326+00:00,GET /health,GET,200,4.267,True
2026-09-28T15:50:52.145181+00:00,GET /workflows/{id},GET,200,18.842,True
2026-09-28T15:50:52.145181+00:00,GET /workflows/{id},GET,200,19.581,True
2026-09-28T15:50:52.140179+00:00,POST /workflows/{id}/validate,POST,200,27.330,True
2026-09-28T15:50:52.144184+00:00,GET /runs/{id},GET,200,24.275,True
2026-09-28T15:50:52.154320+00:00,GET /agents/catalog,GET,200,17.024,True
2026-09-28T15:50:52.170834+00:00,GET /health,GET,200,4.469,True
2026-09-28T15:50:52.160338+00:00,GET /runs/{id}/logs,GET,200,23.566,True
2026-09-28T15:50:52.157326+00:00,GET /runs/{id},GET,200,27.316,True
2026-09-28T15:50:52.164830+00:00,GET /runs/{id},GET,200,22.651,True
2026-09-28T15:50:52.164325+00:00,GET /workflows,GET,200,25.968,True
2026-09-28T15:50:52.168842+00:00,GET /runs/{id}/logs,GET,200,21.640,True
2026-09-28T15:50:52.166864+00:00,GET /runs/{id},GET,200,26.677,True
2026-09-28T15:50:52.175843+00:00,GET /runs/{id}/logs,GET,200,57.850,True
2026-09-28T15:50:52.184837+00:00,GET /workflows/{id},GET,200,49.052,True
2026-09-28T15:50:52.233484+00:00,GET /health,GET,200,8.006,True
2026-09-28T15:50:52.233484+00:00,GET /health,GET,200,7.982,True
2026-09-28T15:50:52.183843+00:00,GET /runs/{id}/logs,GET,200,58.194,True
2026-09-28T15:50:52.190852+00:00,POST /workflows/{id}/validate,POST,200,54.777,True
2026-09-28T15:50:52.186843+00:00,GET /workflows,GET,200,58.603,True
2026-09-28T15:50:52.189861+00:00,GET /workflows,GET,200,56.301,True
2026-09-28T15:50:52.193852+00:00,GET /agents/catalog,GET,200,55.468,True
2026-09-28T15:50:52.242488+00:00,GET /workflows/{id},GET,200,15.728,True
2026-09-28T15:50:52.148179+00:00,PUT /workflows/{id},PUT,200,109.741,True
2026-09-28T15:50:52.241488+00:00,GET /workflows/{id},GET,200,20.004,True
2026-09-28T15:50:52.246488+00:00,GET /workflows/{id},GET,200,17.858,True
2026-09-28T15:50:52.245487+00:00,GET /runs/{id},GET,200,22.825,True
2026-09-28T15:50:52.249487+00:00,GET /agents/catalog,GET,200,19.495,True
2026-09-28T15:50:52.245487+00:00,GET /workflows,GET,200,27.031,True
2026-09-28T15:50:52.257994+00:00,POST /workflows/{id}/validate,POST,200,23.985,True
2026-09-28T15:50:52.268995+00:00,GET /workflows/{id},GET,200,15.241,True
2026-09-28T15:50:52.261994+00:00,GET /runs/{id},GET,200,22.713,True
2026-09-28T15:50:52.263994+00:00,GET /runs/{id}/logs,GET,200,21.293,True
2026-09-28T15:50:52.257994+00:00,GET /runs/{id},GET,200,27.858,True
2026-09-28T15:50:52.282073+00:00,GET /workflows,GET,200,24.572,True
2026-09-28T15:50:52.284072+00:00,GET /runs/{id},GET,200,23.596,True
2026-09-28T15:50:52.284072+00:00,GET /runs/{id}/logs,GET,200,24.964,True
2026-09-28T15:50:52.307124+00:00,GET /health,GET,200,5.052,True
2026-09-28T15:50:52.286576+00:00,GET /runs/{id},GET,200,25.976,True
2026-09-28T15:50:52.285073+00:00,GET /runs/{id}/logs,GET,200,27.275,True
2026-09-28T15:50:52.308210+00:00,GET /health,GET,200,5.263,True
2026-09-28T15:50:52.241488+00:00,PUT /workflows/{id},PUT,200,76.290,True
2026-09-28T15:50:52.313722+00:00,GET /workflows/{id},GET,200,17.599,True
2026-09-28T15:50:52.309210+00:00,GET /workflows,GET,200,28.524,True
2026-09-28T15:50:52.311723+00:00,GET /workflows,GET,200,32.223,True
2026-09-28T15:50:52.311723+00:00,GET /workflows,GET,200,32.861,True
2026-09-28T15:50:52.318225+00:00,GET /workflows,GET,200,30.894,True
2026-09-28T15:50:52.330373+00:00,GET /workflows/{id},GET,200,19.666,True
2026-09-28T15:50:52.337367+00:00,GET /workflows/{id},GET,200,19.416,True
2026-09-28T15:50:52.268995+00:00,PUT /workflows/{id},PUT,500,88.141,False
2026-09-28T15:50:52.272508+00:00,PUT /workflows/{id},PUT,200,85.104,True
2026-09-28T15:50:52.348368+00:00,GET /health,GET,200,9.010,True
2026-09-28T15:50:52.350878+00:00,GET /health,GET,200,7.988,True
2026-09-28T15:50:52.344368+00:00,GET /workflows/{id},GET,200,15.391,True
2026-09-28T15:50:52.356541+00:00,GET /workflows/{id},GET,200,21.077,True
2026-09-28T15:50:52.358053+00:00,GET /runs/{id},GET,200,21.440,True
2026-09-28T15:50:52.360058+00:00,GET /runs/{id},GET,200,22.181,True
2026-09-28T15:50:52.378062+00:00,GET /health,GET,200,4.654,True
2026-09-28T15:50:52.356541+00:00,GET /workflows,GET,200,26.129,True
2026-09-28T15:50:52.358053+00:00,GET /workflows,GET,200,25.248,True
2026-09-28T15:50:52.312722+00:00,PUT /workflows/{id},PUT,200,71.594,True
2026-09-28T15:50:52.382580+00:00,GET /workflows/{id},GET,200,21.097,True
2026-09-28T15:50:52.379064+00:00,GET /runs/{id},GET,200,29.229,True
2026-09-28T15:50:52.384581+00:00,GET /runs/{id},GET,200,28.853,True
2026-09-28T15:50:52.381578+00:00,GET /workflows,GET,200,32.257,True
2026-09-28T15:50:52.383582+00:00,GET /workflows,GET,200,30.818,True
2026-09-28T15:50:52.383582+00:00,GET /workflows,GET,200,31.161,True
2026-09-28T15:50:52.413410+00:00,GET /health,GET,200,7.039,True
2026-09-28T15:50:52.403600+00:00,GET /runs/{id},GET,200,28.613,True
2026-09-28T15:50:52.356541+00:00,PUT /workflows/{id},PUT,500,94.039,False
2026-09-28T15:50:52.344368+00:00,PUT /workflows/{id},PUT,200,108.596,True
2026-09-28T15:50:52.414410+00:00,POST /workflows/{id}/validate,POST,200,38.424,True
2026-09-28T15:50:52.414410+00:00,GET /workflows,GET,200,39.681,True
2026-09-28T15:50:52.414410+00:00,GET /workflows,GET,200,40.295,True
2026-09-28T15:50:52.407893+00:00,GET /workflows,GET,200,46.590,True
2026-09-28T15:50:52.419872+00:00,GET /runs/{id}/logs,GET,200,34.950,True
2026-09-28T15:50:52.432592+00:00,GET /runs/{id}/logs,GET,200,25.965,True
2026-09-28T15:50:52.453581+00:00,GET /workflows/{id},GET,200,16.523,True
2026-09-28T15:50:52.455085+00:00,GET /workflows/{id},GET,200,15.402,True
2026-09-28T15:50:52.454579+00:00,GET /agents/catalog,GET,200,21.500,True
2026-09-28T15:50:52.455613+00:00,GET /runs/{id}/logs,GET,200,24.430,True
2026-09-28T15:50:52.453581+00:00,GET /runs/{id},GET,200,26.787,True
2026-09-28T15:50:52.454579+00:00,POST /workflows/{id}/validate,POST,200,25.870,True
2026-09-28T15:50:52.450576+00:00,PUT /workflows/{id},PUT,200,42.240,True
2026-09-28T15:50:52.470149+00:00,GET /runs/{id},GET,200,31.985,True
2026-09-28T15:50:52.470655+00:00,GET /workflows,GET,200,36.096,True
2026-09-28T15:50:52.479831+00:00,GET /runs/{id}/logs,GET,200,28.915,True
2026-09-28T15:50:52.479831+00:00,GET /runs/{id},GET,200,29.073,True
2026-09-28T15:50:52.475659+00:00,GET /workflows,GET,200,34.727,True
2026-09-28T15:50:52.480836+00:00,GET /runs/{id}/logs,GET,200,31.581,True
2026-09-28T15:50:52.509070+00:00,GET /health,GET,200,8.911,True
2026-09-28T15:50:52.493562+00:00,GET /runs/{id}/logs,GET,200,25.225,True
2026-09-28T15:50:52.510071+00:00,GET /health,GET,200,8.612,True
2026-09-28T15:50:52.502065+00:00,GET /workflows,GET,200,28.218,True
2026-09-28T15:50:52.506070+00:00,GET /workflows,GET,200,30.766,True
2026-09-28T15:50:52.509070+00:00,GET /runs/{id}/logs,GET,200,31.921,True
2026-09-28T15:50:52.512075+00:00,GET /runs/{id},GET,200,30.665,True
2026-09-28T15:50:52.518075+00:00,GET /workflows,GET,200,29.390,True
2026-09-28T15:50:52.519078+00:00,GET /workflows,GET,200,29.539,True
2026-09-28T15:50:52.458748+00:00,PUT /workflows/{id},PUT,200,92.816,True
2026-09-28T15:50:52.518075+00:00,GET /runs/{id},GET,200,36.057,True
2026-09-28T15:50:52.537189+00:00,GET /runs/{id},GET,200,28.046,True
2026-09-28T15:50:52.541198+00:00,GET /runs/{id},GET,200,24.262,True
2026-09-28T15:50:52.542191+00:00,GET /runs/{id},GET,200,25.010,True
2026-09-28T15:50:52.548189+00:00,GET /runs/{id}/logs,GET,200,21.897,True
2026-09-28T15:50:52.554705+00:00,GET /workflows,GET,200,19.516,True
2026-09-28T15:50:52.573847+00:00,GET /health,GET,200,5.501,True
2026-09-28T15:50:52.564854+00:00,GET /workflows/{id},GET,200,16.171,True
2026-09-28T15:50:52.551697+00:00,PUT /workflows/{id},PUT,200,32.464,True
2026-09-28T15:50:52.581846+00:00,GET /health,GET,200,4.799,True
2026-09-28T15:50:52.567855+00:00,GET /runs/{id},GET,200,22.300,True
2026-09-28T15:50:52.565855+00:00,GET /runs/{id}/logs,GET,200,24.934,True
2026-09-28T15:50:52.570852+00:00,GET /workflows,GET,200,25.349,True
2026-09-28T15:50:52.590381+00:00,GET /health,GET,200,6.699,True
2026-09-28T15:50:52.583848+00:00,GET /workflows/{id},GET,200,16.672,True
2026-09-28T15:50:52.579846+00:00,GET /runs/{id},GET,200,22.217,True
2026-09-28T15:50:52.530183+00:00,PUT /workflows/{id},PUT,200,82.025,True
2026-09-28T15:50:52.612418+00:00,GET /health,GET,200,4.835,True
2026-09-28T15:50:52.595396+00:00,GET /runs/{id}/logs,GET,200,22.684,True
2026-09-28T15:50:52.596394+00:00,GET /runs/{id},GET,200,22.903,True
2026-09-28T15:50:52.600900+00:00,GET /runs/{id}/logs,GET,200,19.542,True
2026-09-28T15:50:52.547189+00:00,PUT /workflows/{id},PUT,200,74.095,True
2026-09-28T15:50:52.620420+00:00,GET /health,GET,200,3.261,True
2026-09-28T15:50:52.616418+00:00,GET /runs/{id},GET,200,13.167,True
2026-09-28T15:50:52.619419+00:00,GET /runs/{id},GET,200,14.142,True
2026-09-28T15:50:52.622924+00:00,GET /workflows/{id},GET,200,11.815,True
2026-09-28T15:50:52.621418+00:00,GET /runs/{id},GET,200,15.333,True
2026-09-28T15:50:52.630053+00:00,GET /runs/{id},GET,200,17.516,True
2026-09-28T15:50:52.636837+00:00,GET /workflows/{id},GET,200,15.512,True
2026-09-28T15:50:52.652425+00:00,GET /health,GET,200,3.920,True
2026-09-28T15:50:52.634101+00:00,GET /runs/{id},GET,200,23.975,True
2026-09-28T15:50:52.635102+00:00,GET /runs/{id}/logs,GET,200,22.834,True
2026-09-28T15:50:52.647384+00:00,GET /runs/{id},GET,200,18.637,True
2026-09-28T15:50:52.586437+00:00,PUT /workflows/{id},PUT,500,90.705,False
2026-09-28T15:50:52.590381+00:00,PUT /workflows/{id},PUT,200,86.800,True
2026-09-28T15:50:52.655917+00:00,GET /workflows,GET,200,21.922,True
2026-09-28T15:50:52.657934+00:00,GET /workflows/{id},GET,200,20.484,True
2026-09-28T15:50:52.601904+00:00,PUT /workflows/{id},PUT,500,76.657,False
2026-09-28T15:50:52.657934+00:00,GET /agents/catalog,GET,200,24.143,True
2026-09-28T15:50:52.665933+00:00,GET /workflows/{id},GET,200,26.429,True
2026-09-28T15:50:52.677464+00:00,GET /agents/catalog,GET,200,24.847,True
2026-09-28T15:50:52.678472+00:00,GET /workflows/{id},GET,200,25.811,True
2026-09-28T15:50:52.678472+00:00,POST /workflows/{id}/validate,POST,200,28.478,True
2026-09-28T15:50:52.701865+00:00,GET /health,GET,200,7.230,True
2026-09-28T15:50:52.677464+00:00,GET /runs/{id},GET,200,32.259,True
2026-09-28T15:50:52.618418+00:00,PUT /workflows/{id},PUT,200,92.820,True
2026-09-28T15:50:52.682616+00:00,GET /runs/{id}/logs,GET,200,31.214,True
2026-09-28T15:50:52.677464+00:00,GET /workflows,GET,200,36.066,True
2026-09-28T15:50:52.692154+00:00,GET /runs/{id}/logs,GET,200,25.917,True
2026-09-28T15:50:52.703867+00:00,POST /workflows/{id}/validate,POST,200,23.507,True
2026-09-28T15:50:52.706871+00:00,GET /workflows,GET,200,30.836,True
2026-09-28T15:50:52.709865+00:00,GET /workflows,GET,200,31.014,True
2026-09-28T15:50:52.711371+00:00,GET /runs/{id}/logs,GET,200,29.488,True
2026-09-28T15:50:52.718078+00:00,POST /workflows/{id}/validate,POST,200,22.462,True
2026-09-28T15:50:52.708865+00:00,GET /runs/{id},GET,200,32.689,True
2026-09-28T15:50:52.713378+00:00,GET /runs/{id},GET,200,28.754,True
2026-09-28T15:50:52.728147+00:00,GET /workflows/{id},GET,200,17.569,True
2026-09-28T15:50:52.740662+00:00,GET /health,GET,200,5.689,True
2026-09-28T15:50:52.745407+00:00,GET /health,GET,200,4.932,True
2026-09-28T15:50:52.750172+00:00,GET /health,GET,200,4.005,True
2026-09-28T15:50:52.737663+00:00,GET /runs/{id},GET,200,23.252,True
2026-09-28T15:50:52.740662+00:00,GET /runs/{id},GET,200,22.742,True
2026-09-28T15:50:52.741662+00:00,GET /runs/{id},GET,200,23.096,True
2026-09-28T15:50:52.740662+00:00,POST /workflows/{id}/validate,POST,200,24.432,True
2026-09-28T15:50:52.742662+00:00,GET /runs/{id}/logs,GET,200,25.815,True
2026-09-28T15:50:52.764841+00:00,GET /workflows/{id},GET,200,16.832,True
2026-09-28T15:50:52.760841+00:00,GET /runs/{id},GET,200,21.886,True
2026-09-28T15:50:52.763843+00:00,POST /workflows/{id}/validate,POST,200,19.550,True
2026-09-28T15:50:52.765841+00:00,GET /agents/catalog,GET,200,18.433,True
2026-09-28T15:50:52.767843+00:00,GET /workflows,GET,200,17.539,True
2026-09-28T15:50:52.713378+00:00,PUT /workflows/{id},PUT,200,72.541,True
2026-09-28T15:50:52.784352+00:00,GET /health,GET,200,4.372,True
2026-09-28T15:50:52.782358+00:00,GET /workflows/{id},GET,200,11.079,True
2026-09-28T15:50:52.781358+00:00,GET /workflows,GET,200,19.411,True
2026-09-28T15:50:52.793350+00:00,GET /workflows/{id},GET,200,15.960,True
2026-09-28T15:50:52.786350+00:00,GET /runs/{id}/logs,GET,200,23.387,True
2026-09-28T15:50:52.788360+00:00,GET /runs/{id},GET,200,22.256,True
2026-09-28T15:50:52.801350+00:00,GET /workflows/{id},GET,200,13.724,True
2026-09-28T15:50:52.746662+00:00,PUT /workflows/{id},PUT,200,80.005,True
2026-09-28T15:50:52.754177+00:00,PUT /workflows/{id},PUT,500,80.496,False
2026-09-28T15:50:52.810858+00:00,GET /workflows,GET,200,25.609,True
2026-09-28T15:50:52.809855+00:00,GET /runs/{id}/logs,GET,200,27.171,True
2026-09-28T15:50:52.814857+00:00,GET /runs/{id}/logs,GET,200,22.679,True
2026-09-28T15:50:52.809855+00:00,GET /runs/{id}/logs,GET,200,28.007,True
2026-09-28T15:50:52.826375+00:00,GET /health,GET,200,12.485,True
2026-09-28T15:50:52.834399+00:00,GET /workflows/{id},GET,200,18.368,True
2026-09-28T15:50:52.837367+00:00,GET /workflows/{id},GET,200,16.273,True
2026-09-28T15:50:52.836367+00:00,GET /runs/{id}/logs,GET,200,22.639,True
2026-09-28T15:50:52.837367+00:00,GET /agents/catalog,GET,200,21.462,True
2026-09-28T15:50:52.837367+00:00,POST /workflows/{id}/validate,POST,200,21.829,True
2026-09-28T15:50:52.785350+00:00,PUT /workflows/{id},PUT,200,83.209,True
2026-09-28T15:50:52.783353+00:00,PUT /workflows/{id},PUT,500,85.795,False
2026-09-28T15:50:52.852887+00:00,GET /workflows/{id},GET,200,19.323,True
2026-09-28T15:50:52.852887+00:00,GET /runs/{id},GET,200,28.205,True
2026-09-28T15:50:52.859149+00:00,GET /agents/catalog,GET,200,25.642,True
2026-09-28T15:50:52.859149+00:00,GET /workflows/{id},GET,200,25.468,True
2026-09-28T15:50:52.881710+00:00,GET /health,GET,200,6.008,True
2026-09-28T15:50:52.859149+00:00,GET /runs/{id},GET,200,28.807,True
2026-09-28T15:50:52.885352+00:00,GET /health,GET,200,8.272,True
2026-09-28T15:50:52.868376+00:00,POST /workflows/{id}/validate,POST,200,24.562,True
2026-09-28T15:50:52.868376+00:00,POST /workflows/{id}/validate,POST,200,25.497,True
2026-09-28T15:50:52.872716+00:00,GET /runs/{id}/logs,GET,200,23.454,True
2026-09-28T15:50:52.884345+00:00,GET /workflows,GET,200,28.096,True
2026-09-28T15:50:52.887855+00:00,GET /runs/{id},GET,200,27.543,True
2026-09-28T15:50:52.893192+00:00,GET /runs/{id}/logs,GET,200,28.244,True
2026-09-28T15:50:52.895687+00:00,GET /runs/{id},GET,200,27.113,True
2026-09-28T15:50:52.893192+00:00,GET /runs/{id}/logs,GET,200,32.067,True
2026-09-28T15:50:52.894677+00:00,GET /workflows,GET,200,33.594,True
2026-09-28T15:50:52.838370+00:00,PUT /workflows/{id},PUT,200,89.583,True
2026-09-28T15:50:52.915202+00:00,POST /workflows/{id}/validate,POST,200,24.652,True
2026-09-28T15:50:52.912798+00:00,GET /runs/{id},GET,200,30.374,True
2026-09-28T15:50:52.922773+00:00,GET /workflows/{id},GET,200,21.284,True
2026-09-28T15:50:52.921774+00:00,GET /workflows,GET,200,28.833,True
2026-09-28T15:50:52.928774+00:00,GET /workflows/{id},GET,200,22.526,True
2026-09-28T15:50:52.925772+00:00,GET /runs/{id},GET,200,28.352,True
2026-09-28T15:50:52.927775+00:00,GET /runs/{id},GET,200,26.529,True
2026-09-28T15:50:52.944305+00:00,GET /workflows/{id},GET,200,21.160,True
2026-09-28T15:50:52.943305+00:00,POST /workflows/{id}/validate,POST,200,25.168,True
2026-09-28T15:50:52.940304+00:00,GET /workflows,GET,200,29.671,True
2026-09-28T15:50:52.950306+00:00,GET /workflows/{id},GET,200,20.490,True
2026-09-28T15:50:52.950306+00:00,GET /runs/{id},GET,200,25.710,True
2026-09-28T15:50:52.887855+00:00,PUT /workflows/{id},PUT,200,92.294,True
2026-09-28T15:50:52.953894+00:00,GET /runs/{id},GET,200,25.398,True
2026-09-28T15:50:52.966194+00:00,GET /runs/{id},GET,200,21.304,True
2026-09-28T15:50:52.969185+00:00,GET /workflows/{id},GET,200,17.409,True
2026-09-28T15:50:52.970690+00:00,GET /runs/{id},GET,200,22.774,True
2026-09-28T15:50:52.993921+00:00,GET /health,GET,200,5.732,True
2026-09-28T15:50:52.977007+00:00,GET /workflows,GET,200,24.335,True
2026-09-28T15:50:52.979520+00:00,GET /runs/{id}/logs,GET,200,22.153,True
2026-09-28T15:50:52.979520+00:00,GET /runs/{id},GET,200,23.779,True
2026-09-28T15:50:52.987520+00:00,GET /runs/{id},GET,200,27.923,True
2026-09-28T15:50:52.987520+00:00,GET /workflows,GET,200,34.272,True
2026-09-28T15:50:52.999028+00:00,POST /workflows/{id}/validate,POST,200,24.316,True
2026-09-28T15:50:53.001908+00:00,GET /runs/{id},GET,200,27.057,True
2026-09-28T15:50:53.003391+00:00,GET /runs/{id}/logs,GET,200,28.799,True
2026-09-28T15:50:53.001395+00:00,GET /runs/{id}/logs,GET,200,32.226,True
2026-09-28T15:50:52.953894+00:00,PUT /workflows/{id},PUT,200,82.055,True
2026-09-28T15:50:53.014915+00:00,GET /workflows/{id},GET,200,22.394,True
2026-09-28T15:50:53.036180+00:00,GET /health,GET,200,5.247,True
2026-09-28T15:50:53.020859+00:00,GET /runs/{id},GET,200,24.934,True
2026-09-28T15:50:53.032192+00:00,GET /workflows/{id},GET,200,19.006,True
2026-09-28T15:50:53.033180+00:00,GET /workflows/{id},GET,200,18.393,True
2026-09-28T15:50:52.968195+00:00,PUT /workflows/{id},PUT,200,88.328,True
2026-09-28T15:50:53.029179+00:00,GET /workflows,GET,200,28.011,True
2026-09-28T15:50:53.041180+00:00,GET /workflows/{id},GET,200,18.440,True
2026-09-28T15:50:53.038180+00:00,GET /runs/{id},GET,200,22.600,True
2026-09-28T15:50:53.056650+00:00,GET /health,GET,200,7.004,True
2026-09-28T15:50:53.051278+00:00,GET /workflows/{id},GET,200,18.825,True
2026-09-28T15:50:53.046460+00:00,GET /runs/{id},GET,200,24.788,True
2026-09-28T15:50:53.051804+00:00,GET /runs/{id},GET,200,24.974,True
2026-09-28T15:50:53.060503+00:00,GET /runs/{id},GET,200,23.652,True
2026-09-28T15:50:53.057170+00:00,GET /workflows,GET,200,27.354,True
2026-09-28T15:50:53.063030+00:00,GET /runs/{id}/logs,GET,200,23.557,True
2026-09-28T15:50:53.076878+00:00,GET /runs/{id},GET,200,19.557,True
2026-09-28T15:50:53.071028+00:00,GET /runs/{id}/logs,GET,200,25.575,True
2026-09-28T15:50:53.096218+00:00,GET /health,GET,200,4.591,True
2026-09-28T15:50:53.087450+00:00,GET /agents/catalog,GET,200,14.519,True
2026-09-28T15:50:53.023969+00:00,PUT /workflows/{id},PUT,200,81.525,True
2026-09-28T15:50:53.084706+00:00,GET /workflows,GET,200,22.352,True
2026-09-28T15:50:53.096218+00:00,GET /runs/{id},GET,200,22.349,True
2026-09-28T15:50:53.118541+00:00,GET /health,GET,200,6.196,True
2026-09-28T15:50:53.100870+00:00,GET /runs/{id},GET,200,23.707,True
2026-09-28T15:50:53.105483+00:00,GET /agents/catalog,GET,200,22.413,True
2026-09-28T15:50:53.100870+00:00,GET /runs/{id},GET,200,26.687,True
2026-09-28T15:50:53.106894+00:00,GET /workflows,GET,200,29.850,True
2026-09-28T15:50:53.059976+00:00,PUT /workflows/{id},PUT,200,83.580,True
2026-09-28T15:50:53.124877+00:00,GET /runs/{id},GET,200,28.612,True
2026-09-28T15:50:53.125401+00:00,GET /workflows,GET,200,31.888,True
2026-09-28T15:50:53.084184+00:00,PUT /workflows/{id},PUT,500,79.163,False
2026-09-28T15:50:53.128010+00:00,GET /workflows,GET,200,35.984,True
2026-09-28T15:50:53.069502+00:00,PUT /workflows/{id},PUT,200,93.702,True
2026-09-28T15:50:53.128010+00:00,GET /runs/{id}/logs,GET,200,36.416,True
2026-09-28T15:50:53.137152+00:00,GET /runs/{id},GET,200,28.290,True
2026-09-28T15:50:53.164044+00:00,GET /workflows/{id},GET,200,16.089,True
2026-09-28T15:50:53.157502+00:00,GET /runs/{id}/logs,GET,200,25.282,True
2026-09-28T15:50:53.164044+00:00,GET /workflows/{id},GET,200,19.264,True
2026-09-28T15:50:53.179818+00:00,GET /health,GET,200,5.268,True
2026-09-28T15:50:53.164742+00:00,GET /runs/{id}/logs,GET,200,21.381,True
2026-09-28T15:50:53.163043+00:00,GET /runs/{id}/logs,GET,200,23.288,True
2026-09-28T15:50:53.182834+00:00,GET /health,GET,200,3.976,True
2026-09-28T15:50:53.164742+00:00,GET /workflows,GET,200,24.011,True
2026-09-28T15:50:53.186110+00:00,GET /workflows/{id},GET,200,22.677,True
2026-09-28T15:50:53.185110+00:00,GET /runs/{id},GET,200,25.724,True
2026-09-28T15:50:53.182834+00:00,GET /workflows,GET,200,31.228,True
2026-09-28T15:50:53.186110+00:00,GET /runs/{id}/logs,GET,200,27.658,True
2026-09-28T15:50:53.189110+00:00,GET /runs/{id},GET,200,27.937,True
2026-09-28T15:50:53.187110+00:00,GET /runs/{id},GET,200,35.438,True
2026-09-28T15:50:53.143477+00:00,PUT /workflows/{id},PUT,200,87.069,True
2026-09-28T15:50:53.210540+00:00,GET /runs/{id}/logs,GET,200,27.975,True
2026-09-28T15:50:53.213963+00:00,POST /workflows/{id}/validate,POST,200,25.080,True
2026-09-28T15:50:53.213963+00:00,GET /runs/{id},GET,200,26.111,True
2026-09-28T15:50:53.217125+00:00,GET /runs/{id},GET,200,26.603,True
2026-09-28T15:50:53.153503+00:00,PUT /workflows/{id},PUT,200,90.994,True
2026-09-28T15:50:53.239548+00:00,GET /health,GET,200,5.957,True
2026-09-28T15:50:53.222744+00:00,GET /runs/{id},GET,200,26.621,True
2026-09-28T15:50:53.243548+00:00,GET /health,GET,200,6.706,True
2026-09-28T15:50:53.249552+00:00,GET /health,GET,200,4.483,True
2026-09-28T15:50:53.230037+00:00,GET /workflows,GET,200,24.223,True
2026-09-28T15:50:53.239548+00:00,GET /runs/{id}/logs,GET,200,25.151,True
2026-09-28T15:50:53.245556+00:00,POST /workflows/{id}/validate,POST,200,23.129,True
2026-09-28T15:50:53.238547+00:00,GET /runs/{id},GET,200,30.033,True
2026-09-28T15:50:53.244553+00:00,GET /runs/{id},GET,200,25.629,True
2026-09-28T15:50:53.268318+00:00,GET /health,GET,200,7.952,True
2026-09-28T15:50:53.254556+00:00,GET /agents/catalog,GET,200,22.698,True
2026-09-28T15:50:53.264518+00:00,GET /workflows/{id},GET,200,14.372,True
2026-09-28T15:50:53.253553+00:00,POST /workflows/{id}/validate,POST,200,26.041,True
2026-09-28T15:50:53.276945+00:00,GET /health,GET,200,5.425,True
2026-09-28T15:50:53.278945+00:00,GET /health,GET,200,7.723,True
2026-09-28T15:50:53.208042+00:00,PUT /workflows/{id},PUT,200,81.244,True
2026-09-28T15:50:53.268318+00:00,GET /runs/{id},GET,200,23.781,True
2026-09-28T15:50:53.269713+00:00,GET /runs/{id},GET,200,22.616,True
2026-09-28T15:50:53.279948+00:00,GET /agents/catalog,GET,200,22.292,True
2026-09-28T15:50:53.282599+00:00,GET /workflows/{id},GET,200,23.415,True
2026-09-28T15:50:53.276945+00:00,GET /workflows,GET,200,31.658,True
2026-09-28T15:50:53.286778+00:00,GET /workflows/{id},GET,200,25.544,True
2026-09-28T15:50:53.289980+00:00,GET /agents/catalog,GET,200,25.602,True
2026-09-28T15:50:53.292374+00:00,GET /workflows/{id},GET,200,25.167,True
2026-09-28T15:50:53.292374+00:00,GET /runs/{id},GET,200,27.452,True
2026-09-28T15:50:53.316974+00:00,GET /health,GET,200,7.218,True
2026-09-28T15:50:53.305871+00:00,GET /workflows/{id},GET,200,24.562,True
2026-09-28T15:50:53.302043+00:00,GET /runs/{id},GET,200,37.370,True
2026-09-28T15:50:53.319393+00:00,GET /workflows/{id},GET,200,21.390,True
2026-09-28T15:50:53.312592+00:00,GET /runs/{id},GET,200,31.304,True
2026-09-28T15:50:53.309016+00:00,GET /workflows,GET,200,38.720,True
2026-09-28T15:50:53.315549+00:00,GET /workflows,GET,200,34.430,True
2026-09-28T15:50:53.250553+00:00,PUT /workflows/{id},PUT,200,102.005,True
2026-09-28T15:50:53.324508+00:00,GET /runs/{id},GET,200,31.065,True
2026-09-28T15:50:53.330286+00:00,GET /workflows,GET,200,29.861,True
2026-09-28T15:50:53.339634+00:00,GET /workflows/{id},GET,200,22.303,True
2026-09-28T15:50:53.341200+00:00,POST /workflows/{id}/validate,POST,200,28.288,True
2026-09-28T15:50:53.348069+00:00,GET /workflows/{id},GET,200,21.706,True
2026-09-28T15:50:53.344349+00:00,GET /runs/{id},GET,200,27.961,True
2026-09-28T15:50:53.349603+00:00,POST /workflows/{id}/validate,POST,200,24.900,True
2026-09-28T15:50:53.356403+00:00,GET /runs/{id},GET,200,27.341,True
2026-09-28T15:50:53.360410+00:00,GET /runs/{id}/logs,GET,200,27.528,True
2026-09-28T15:50:53.352397+00:00,GET /runs/{id}/logs,GET,200,36.295,True
2026-09-28T15:50:53.374917+00:00,GET /agents/catalog,GET,200,18.903,True
2026-09-28T15:50:53.387916+00:00,GET /health,GET,200,8.086,True
2026-09-28T15:50:53.361410+00:00,GET /workflows,GET,200,34.358,True
2026-09-28T15:50:53.368909+00:00,POST /workflows/{id}/validate,POST,200,28.970,True
2026-09-28T15:50:53.369914+00:00,GET /workflows,GET,200,29.581,True
2026-09-28T15:50:53.399477+00:00,GET /health,GET,200,4.970,True
2026-09-28T15:50:53.388916+00:00,GET /agents/catalog,GET,200,16.987,True
2026-09-28T15:50:53.383915+00:00,GET /runs/{id}/logs,GET,200,22.500,True
2026-09-28T15:50:53.393294+00:00,GET /workflows/{id},GET,200,21.152,True
2026-09-28T15:50:53.395279+00:00,GET /workflows/{id},GET,200,19.258,True
2026-09-28T15:50:53.396297+00:00,GET /runs/{id},GET,200,23.524,True
2026-09-28T15:50:53.414370+00:00,GET /health,GET,200,6.024,True
2026-09-28T15:50:53.398293+00:00,GET /runs/{id}/logs,GET,200,22.934,True
2026-09-28T15:50:53.403542+00:00,GET /runs/{id},GET,200,22.254,True
2026-09-28T15:50:53.405858+00:00,GET /workflows,GET,200,24.223,True
2026-09-28T15:50:53.415371+00:00,GET /workflows/{id},GET,200,18.444,True
2026-09-28T15:50:53.419757+00:00,GET /workflows/{id},GET,200,16.195,True
2026-09-28T15:50:53.420811+00:00,GET /workflows/{id},GET,200,21.219,True
2026-09-28T15:50:53.420811+00:00,GET /runs/{id}/logs,GET,200,27.527,True
2026-09-28T15:50:53.433151+00:00,GET /workflows/{id},GET,200,15.855,True
2026-09-28T15:50:53.425980+00:00,GET /workflows,GET,200,25.305,True
2026-09-28T15:50:53.371928+00:00,PUT /workflows/{id},PUT,200,81.834,True
2026-09-28T15:50:53.430138+00:00,GET /runs/{id},GET,200,24.071,True
2026-09-28T15:50:53.436152+00:00,GET /workflows/{id},GET,200,19.422,True
2026-09-28T15:50:53.449166+00:00,POST /workflows/{id}/validate,POST,200,23.631,True
2026-09-28T15:50:53.454164+00:00,GET /agents/catalog,GET,200,18.293,True
2026-09-28T15:50:53.451187+00:00,POST /workflows/{id}/validate,POST,200,21.621,True
2026-09-28T15:50:53.449166+00:00,GET /runs/{id},GET,200,24.601,True
2026-09-28T15:50:53.454164+00:00,GET /workflows/{id},GET,200,20.293,True
2026-09-28T15:50:53.405858+00:00,PUT /workflows/{id},PUT,200,70.839,True
2026-09-28T15:50:53.455187+00:00,GET /runs/{id}/logs,GET,200,23.149,True
2026-09-28T15:50:53.472658+00:00,POST /workflows/{id}/validate,POST,200,19.122,True
2026-09-28T15:50:53.472658+00:00,POST /workflows/{id}/validate,POST,200,23.350,True
2026-09-28T15:50:53.476238+00:00,GET /workflows/{id},GET,200,21.702,True
2026-09-28T15:50:53.473659+00:00,GET /runs/{id}/logs,GET,200,26.651,True
2026-09-28T15:50:53.473659+00:00,GET /runs/{id}/logs,GET,200,29.315,True
2026-09-28T15:50:53.478756+00:00,GET /runs/{id},GET,200,25.730,True
2026-09-28T15:50:53.500942+00:00,GET /health,GET,200,5.023,True
2026-09-28T15:50:53.491952+00:00,GET /agents/catalog,GET,200,18.484,True
2026-09-28T15:50:53.498368+00:00,GET /agents/catalog,GET,200,19.936,True
2026-09-28T15:50:53.495362+00:00,GET /runs/{id}/logs,GET,200,25.256,True
2026-09-28T15:50:53.442157+00:00,PUT /workflows/{id},PUT,200,79.200,True
2026-09-28T15:50:53.501947+00:00,POST /workflows/{id}/validate,POST,200,19.158,True
2026-09-28T15:50:53.503358+00:00,POST /workflows/{id}/validate,POST,200,28.483,True
2026-09-28T15:50:53.509531+00:00,GET /runs/{id}/logs,GET,200,24.348,True
2026-09-28T15:50:53.506147+00:00,GET /workflows,GET,200,30.993,True
2026-09-28T15:50:53.518152+00:00,GET /workflows/{id},GET,200,22.434,True
2026-09-28T15:50:53.522159+00:00,GET /runs/{id},GET,200,25.690,True
2026-09-28T15:50:53.521157+00:00,GET /runs/{id},GET,200,28.054,True
2026-09-28T15:50:53.521157+00:00,GET /runs/{id},GET,200,35.214,True
2026-09-28T15:50:53.532387+00:00,GET /runs/{id},GET,200,27.903,True
2026-09-28T15:50:53.534384+00:00,GET /runs/{id},GET,200,28.962,True
2026-09-28T15:50:53.473659+00:00,PUT /workflows/{id},PUT,200,92.466,True
2026-09-28T15:50:53.536404+00:00,GET /runs/{id},GET,200,29.696,True
2026-09-28T15:50:53.540400+00:00,GET /workflows,GET,200,27.268,True
2026-09-28T15:50:53.549392+00:00,GET /runs/{id}/logs,GET,200,20.674,True
2026-09-28T15:50:53.556515+00:00,GET /workflows/{id},GET,200,13.704,True
2026-09-28T15:50:53.563516+00:00,GET /workflows/{id},GET,200,18.237,True
2026-09-28T15:50:53.560528+00:00,GET /runs/{id},GET,200,24.129,True
2026-09-28T15:50:53.569515+00:00,GET /workflows/{id},GET,200,20.385,True
2026-09-28T15:50:53.566523+00:00,GET /runs/{id},GET,200,26.846,True
2026-09-28T15:50:53.567517+00:00,GET /runs/{id}/logs,GET,200,27.005,True
2026-09-28T15:50:53.570614+00:00,GET /runs/{id},GET,200,25.747,True
2026-09-28T15:50:53.566523+00:00,GET /workflows,GET,200,29.917,True
2026-09-28T15:50:53.581620+00:00,GET /workflows/{id},GET,200,18.764,True
2026-09-28T15:50:53.584622+00:00,GET /runs/{id}/logs,GET,200,23.500,True
2026-09-28T15:50:53.590376+00:00,GET /workflows/{id},GET,200,24.029,True
2026-09-28T15:50:53.596039+00:00,GET /runs/{id},GET,200,26.304,True
2026-09-28T15:50:53.593213+00:00,GET /runs/{id}/logs,GET,200,29.688,True
2026-09-28T15:50:53.594671+00:00,GET /workflows,GET,200,33.069,True
2026-09-28T15:50:53.600770+00:00,GET /runs/{id}/logs,GET,200,29.529,True
2026-09-28T15:50:53.547415+00:00,PUT /workflows/{id},PUT,200,83.833,True
2026-09-28T15:50:53.614084+00:00,GET /workflows,GET,200,24.320,True
2026-09-28T15:50:53.622691+00:00,GET /runs/{id}/logs,GET,200,27.281,True
2026-09-28T15:50:53.623130+00:00,GET /runs/{id},GET,200,26.998,True
2026-09-28T15:50:53.631257+00:00,GET /agents/catalog,GET,200,19.310,True
2026-09-28T15:50:53.630257+00:00,GET /runs/{id}/logs,GET,200,25.174,True
2026-09-28T15:50:53.628250+00:00,GET /workflows,GET,200,28.877,True
2026-09-28T15:50:53.638522+00:00,GET /runs/{id},GET,200,20.867,True
2026-09-28T15:50:53.596039+00:00,PUT /workflows/{id},PUT,200,74.561,True
2026-09-28T15:50:53.649538+00:00,GET /runs/{id},GET,200,26.808,True
2026-09-28T15:50:53.649538+00:00,GET /runs/{id}/logs,GET,200,28.499,True
2026-09-28T15:50:53.655757+00:00,GET /workflows,GET,200,24.880,True
2026-09-28T15:50:53.658755+00:00,GET /workflows,GET,200,22.527,True
2026-09-28T15:50:53.677198+00:00,GET /health,GET,200,5.991,True
2026-09-28T15:50:53.679857+00:00,GET /health,GET,200,5.852,True
2026-09-28T15:50:53.607991+00:00,PUT /workflows/{id},PUT,200,78.345,True
2026-09-28T15:50:53.670680+00:00,GET /runs/{id},GET,200,16.626,True
2026-09-28T15:50:53.681865+00:00,GET /workflows/{id},GET,200,11.804,True
2026-09-28T15:50:53.682864+00:00,GET /workflows/{id},GET,200,13.065,True
2026-09-28T15:50:53.678199+00:00,GET /runs/{id}/logs,GET,200,19.285,True
2026-09-28T15:50:53.685861+00:00,GET /runs/{id}/logs,GET,200,19.614,True
2026-09-28T15:50:53.686864+00:00,POST /workflows/{id}/validate,POST,200,25.147,True
2026-09-28T15:50:53.711519+00:00,GET /health,GET,200,5.904,True
2026-09-28T15:50:53.697892+00:00,GET /workflows/{id},GET,200,20.342,True
2026-09-28T15:50:53.693900+00:00,GET /workflows,GET,200,28.009,True
2026-09-28T15:50:53.695853+00:00,GET /workflows,GET,200,28.848,True
2026-09-28T15:50:53.705569+00:00,GET /runs/{id}/logs,GET,200,24.030,True
2026-09-28T15:50:53.656754+00:00,PUT /workflows/{id},PUT,200,78.859,True
2026-09-28T15:50:53.717359+00:00,GET /runs/{id},GET,200,18.747,True
2026-09-28T15:50:53.650537+00:00,PUT /workflows/{id},PUT,500,90.964,False
2026-09-28T15:50:53.724329+00:00,GET /workflows/{id},GET,200,18.678,True
2026-09-28T15:50:53.722137+00:00,GET /workflows,GET,200,22.098,True
2026-09-28T15:50:53.735431+00:00,GET /health,GET,200,8.574,True
2026-09-28T15:50:53.729437+00:00,POST /workflows/{id}/validate,POST,200,22.027,True
2026-09-28T15:50:53.743942+00:00,GET /workflows/{id},GET,200,15.891,True
2026-09-28T15:50:53.741942+00:00,GET /workflows,GET,200,25.773,True
2026-09-28T15:50:53.736428+00:00,GET /runs/{id},GET,200,31.587,True
2026-09-28T15:50:53.686864+00:00,PUT /workflows/{id},PUT,200,81.593,True
2026-09-28T15:50:53.743942+00:00,GET /workflows,GET,200,25.641,True
2026-09-28T15:50:53.751448+00:00,GET /runs/{id}/logs,GET,200,17.860,True
2026-09-28T15:50:53.767120+00:00,GET /health,GET,200,5.984,True
2026-09-28T15:50:53.769126+00:00,GET /health,GET,200,5.260,True
2026-09-28T15:50:53.759051+00:00,GET /runs/{id}/logs,GET,200,17.289,True
2026-09-28T15:50:53.769126+00:00,GET /workflows/{id},GET,200,20.063,True
2026-09-28T15:50:53.768126+00:00,GET /workflows,GET,200,22.712,True
2026-09-28T15:50:53.769126+00:00,GET /runs/{id}/logs,GET,200,22.771,True
2026-09-28T15:50:53.773134+00:00,GET /workflows,GET,200,23.673,True
2026-09-28T15:50:53.774126+00:00,GET /runs/{id},GET,200,26.638,True
2026-09-28T15:50:53.717359+00:00,PUT /workflows/{id},PUT,200,85.588,True
2026-09-28T15:50:53.789134+00:00,GET /workflows,GET,200,27.543,True
2026-09-28T15:50:53.790242+00:00,GET /runs/{id}/logs,GET,200,27.202,True
2026-09-28T15:50:53.791249+00:00,GET /runs/{id},GET,200,29.785,True
2026-09-28T15:50:53.803085+00:00,GET /runs/{id}/logs,GET,200,24.018,True
2026-09-28T15:50:53.743942+00:00,PUT /workflows/{id},PUT,200,83.861,True
2026-09-28T15:50:53.800576+00:00,GET /workflows,GET,200,27.674,True
2026-09-28T15:50:53.817592+00:00,GET /runs/{id}/logs,GET,200,26.637,True
2026-09-28T15:50:53.818132+00:00,GET /runs/{id}/logs,GET,200,28.845,True
2026-09-28T15:50:53.828044+00:00,GET /agents/catalog,GET,200,18.956,True
2026-09-28T15:50:53.828044+00:00,GET /runs/{id},GET,200,23.135,True
2026-09-28T15:50:53.821439+00:00,GET /workflows,GET,200,31.075,True
2026-09-28T15:50:53.846465+00:00,GET /health,GET,200,6.399,True
2026-09-28T15:50:53.828044+00:00,GET /runs/{id},GET,200,26.499,True
2026-09-28T15:50:53.777139+00:00,PUT /workflows/{id},PUT,200,84.920,True
2026-09-28T15:50:53.843438+00:00,GET /workflows/{id},GET,200,21.292,True
2026-09-28T15:50:53.847460+00:00,GET /workflows/{id},GET,200,19.527,True
2026-09-28T15:50:53.796988+00:00,PUT /workflows/{id},PUT,200,81.075,True
2026-09-28T15:50:53.861814+00:00,GET /agents/catalog,GET,200,16.534,True
2026-09-28T15:50:53.853213+00:00,GET /agents/catalog,GET,200,26.218,True
2026-09-28T15:50:53.853718+00:00,GET /workflows,GET,200,27.066,True
2026-09-28T15:50:53.851470+00:00,GET /workflows,GET,200,29.027,True
2026-09-28T15:50:53.866819+00:00,GET /workflows/{id},GET,200,15.224,True
2026-09-28T15:50:53.864827+00:00,POST /workflows/{id}/validate,POST,200,25.693,True
2026-09-28T15:50:53.879930+00:00,GET /workflows/{id},GET,200,19.088,True
2026-09-28T15:50:53.877936+00:00,GET /workflows,GET,200,28.083,True
2026-09-28T15:50:53.878932+00:00,GET /runs/{id}/logs,GET,200,28.374,True
2026-09-28T15:50:53.881929+00:00,GET /workflows/{id},GET,200,27.852,True
2026-09-28T15:50:53.880929+00:00,GET /workflows,GET,200,31.477,True
2026-09-28T15:50:53.878932+00:00,GET /workflows,GET,200,33.350,True
2026-09-28T15:50:53.890632+00:00,GET /runs/{id}/logs,GET,200,27.764,True
2026-09-28T15:50:53.918464+00:00,GET /health,GET,200,4.699,True
2026-09-28T15:50:53.907045+00:00,GET /agents/catalog,GET,200,20.749,True
2026-09-28T15:50:53.899492+00:00,GET /workflows,GET,200,30.775,True
2026-09-28T15:50:53.906045+00:00,GET /runs/{id}/logs,GET,200,26.373,True
2026-09-28T15:50:53.910044+00:00,GET /runs/{id},GET,200,24.001,True
2026-09-28T15:50:53.929805+00:00,GET /health,GET,200,5.804,True
2026-09-28T15:50:53.912043+00:00,GET /runs/{id}/logs,GET,200,27.205,True
2026-09-28T15:50:53.853718+00:00,PUT /workflows/{id},PUT,200,85.605,True
2026-09-28T15:50:53.932797+00:00,GET /runs/{id},GET,200,16.684,True
2026-09-28T15:50:53.923466+00:00,POST /workflows/{id}/validate,POST,200,26.100,True
2026-09-28T15:50:53.927798+00:00,POST /workflows/{id}/validate,POST,200,22.144,True
2026-09-28T15:50:53.935798+00:00,GET /runs/{id},GET,200,24.063,True
2026-09-28T15:50:53.939388+00:00,GET /workflows,GET,200,22.059,True
2026-09-28T15:50:53.939804+00:00,GET /runs/{id}/logs,GET,200,23.994,True
2026-09-28T15:50:53.960818+00:00,GET /health,GET,200,5.296,True
2026-09-28T15:50:53.963648+00:00,GET /health,GET,200,4.346,True
2026-09-28T15:50:53.949317+00:00,GET /runs/{id},GET,200,22.747,True
2026-09-28T15:50:53.966653+00:00,GET /health,GET,200,5.862,True
2026-09-28T15:50:53.949317+00:00,GET /runs/{id}/logs,GET,200,23.603,True
2026-09-28T15:50:53.949317+00:00,GET /workflows,GET,200,23.541,True
2026-09-28T15:50:53.967654+00:00,GET /agents/catalog,GET,200,13.433,True
2026-09-28T15:50:53.912043+00:00,PUT /workflows/{id},PUT,200,72.679,True
2026-09-28T15:50:53.972567+00:00,GET /workflows/{id},GET,200,15.800,True
2026-09-28T15:50:53.988580+00:00,GET /health,GET,200,5.125,True
2026-09-28T15:50:53.972567+00:00,GET /runs/{id}/logs,GET,200,23.103,True
2026-09-28T15:50:53.973557+00:00,GET /runs/{id}/logs,GET,200,22.320,True
2026-09-28T15:50:53.981587+00:00,GET /runs/{id},GET,200,25.322,True
2026-09-28T15:50:53.984592+00:00,GET /runs/{id}/logs,GET,200,22.073,True
2026-09-28T15:50:53.933797+00:00,PUT /workflows/{id},PUT,200,73.811,True
2026-09-28T15:50:53.994903+00:00,GET /runs/{id}/logs,GET,200,26.055,True
2026-09-28T15:50:53.996161+00:00,GET /workflows,GET,200,28.661,True
2026-09-28T15:50:53.993580+00:00,GET /runs/{id}/logs,GET,200,33.124,True
2026-09-28T15:50:54.006506+00:00,GET /runs/{id},GET,200,29.293,True
2026-09-28T15:50:53.959818+00:00,PUT /workflows/{id},PUT,200,77.290,True
2026-09-28T15:50:54.006506+00:00,GET /runs/{id}/logs,GET,200,34.310,True
2026-09-28T15:50:54.007642+00:00,GET /workflows,GET,200,38.634,True
2026-09-28T15:50:54.021493+00:00,GET /workflows,GET,200,28.900,True
2026-09-28T15:50:54.036166+00:00,GET /agents/catalog,GET,200,17.091,True
2026-09-28T15:50:54.027159+00:00,GET /runs/{id}/logs,GET,200,26.948,True
2026-09-28T15:50:54.050189+00:00,GET /health,GET,200,4.692,True
2026-09-28T15:50:53.972567+00:00,PUT /workflows/{id},PUT,200,84.677,True
2026-09-28T15:50:54.037164+00:00,GET /agents/catalog,GET,200,20.177,True
2026-09-28T15:50:54.041477+00:00,GET /workflows,GET,200,21.735,True
2026-09-28T15:50:54.053991+00:00,GET /workflows/{id},GET,200,15.484,True
2026-09-28T15:50:54.053991+00:00,GET /runs/{id},GET,200,16.498,True
2026-09-28T15:50:54.056991+00:00,GET /agents/catalog,GET,200,13.821,True
2026-09-28T15:50:54.054992+00:00,POST /workflows/{id}/validate,POST,200,16.135,True
2026-09-28T15:50:54.071146+00:00,GET /health,GET,200,3.782,True
2026-09-28T15:50:54.071146+00:00,GET /health,GET,200,3.340,True
2026-09-28T15:50:54.069147+00:00,GET /runs/{id}/logs,GET,200,14.079,True
2026-09-28T15:50:54.070146+00:00,GET /runs/{id},GET,200,19.355,True
2026-09-28T15:50:54.074549+00:00,GET /runs/{id},GET,200,19.522,True
2026-09-28T15:50:54.074549+00:00,GET /runs/{id},GET,200,19.604,True
2026-09-28T15:50:54.024684+00:00,PUT /workflows/{id},PUT,200,72.046,True
2026-09-28T15:50:54.083488+00:00,GET /runs/{id},GET,200,16.453,True
2026-09-28T15:50:54.089653+00:00,GET /workflows,GET,200,27.396,True
2026-09-28T15:50:54.093487+00:00,GET /runs/{id}/logs,GET,200,23.676,True
2026-09-28T15:50:54.096192+00:00,GET /workflows/{id},GET,200,22.804,True
2026-09-28T15:50:54.046475+00:00,PUT /workflows/{id},PUT,200,77.925,True
2026-09-28T15:50:54.093487+00:00,GET /runs/{id},GET,200,30.429,True
2026-09-28T15:50:54.063141+00:00,PUT /workflows/{id},PUT,200,72.585,True
2026-09-28T15:50:54.057990+00:00,PUT /workflows/{id},PUT,500,86.999,False
2026-09-28T15:50:54.119511+00:00,GET /workflows/{id},GET,200,25.689,True
2026-09-28T15:50:54.118194+00:00,GET /runs/{id},GET,200,27.924,True
2026-09-28T15:50:54.123296+00:00,GET /runs/{id},GET,200,22.102,True
2026-09-28T15:50:54.116732+00:00,GET /runs/{id},GET,200,29.204,True
2026-09-28T15:50:54.124701+00:00,GET /runs/{id},GET,200,22.293,True
2026-09-28T15:50:54.146137+00:00,GET /health,GET,200,6.543,True
2026-09-28T15:50:54.135119+00:00,GET /workflows/{id},GET,200,21.859,True
2026-09-28T15:50:54.147136+00:00,POST /workflows/{id}/validate,POST,200,25.973,True
2026-09-28T15:50:54.146137+00:00,GET /runs/{id}/logs,GET,200,28.370,True
2026-09-28T15:50:54.153163+00:00,POST /workflows/{id}/validate,POST,200,24.509,True
2026-09-28T15:50:54.145136+00:00,GET /workflows,GET,200,32.659,True
2026-09-28T15:50:54.146137+00:00,GET /workflows,GET,200,32.019,True
2026-09-28T15:50:54.099494+00:00,PUT /workflows/{id},PUT,200,79.716,True
2026-09-28T15:50:54.178346+00:00,GET /health,GET,200,6.711,True
2026-09-28T15:50:54.144137+00:00,GET /agents/catalog,GET,200,42.754,True
2026-09-28T15:50:54.157906+00:00,GET /runs/{id}/logs,GET,200,30.915,True
2026-09-28T15:50:54.177345+00:00,GET /workflows/{id},GET,200,24.134,True
2026-09-28T15:50:54.172341+00:00,GET /runs/{id},GET,200,31.719,True
2026-09-28T15:50:54.174913+00:00,GET /runs/{id}/logs,GET,200,31.730,True
2026-09-28T15:50:54.179345+00:00,GET /workflows/{id},GET,200,28.587,True
2026-09-28T15:50:54.177345+00:00,GET /runs/{id},GET,200,33.100,True
2026-09-28T15:50:54.188441+00:00,GET /runs/{id}/logs,GET,200,28.408,True
2026-09-28T15:50:54.184346+00:00,GET /workflows,GET,200,32.389,True
2026-09-28T15:50:54.211001+00:00,GET /health,GET,200,7.417,True
2026-09-28T15:50:54.187407+00:00,GET /runs/{id}/logs,GET,200,33.727,True
2026-09-28T15:50:54.207510+00:00,GET /workflows/{id},GET,200,17.401,True
2026-09-28T15:50:54.204989+00:00,GET /runs/{id},GET,200,27.414,True
2026-09-28T15:50:54.206073+00:00,GET /runs/{id},GET,200,25.664,True
2026-09-28T15:50:54.218549+00:00,GET /runs/{id}/logs,GET,200,21.313,True
2026-09-28T15:50:54.216138+00:00,GET /runs/{id},GET,200,24.817,True
2026-09-28T15:50:54.225076+00:00,GET /runs/{id},GET,200,18.466,True
2026-09-28T15:50:54.220556+00:00,GET /runs/{id}/logs,GET,200,23.204,True
2026-09-28T15:50:54.232312+00:00,GET /workflows,GET,200,20.358,True
2026-09-28T15:50:54.243985+00:00,GET /workflows/{id},GET,200,17.228,True
2026-09-28T15:50:54.232312+00:00,GET /runs/{id},GET,200,29.170,True
2026-09-28T15:50:54.239314+00:00,GET /runs/{id},GET,200,24.811,True
2026-09-28T15:50:54.261485+00:00,GET /health,GET,200,4.692,True
2026-09-28T15:50:54.241966+00:00,GET /runs/{id}/logs,GET,200,26.273,True
2026-09-28T15:50:54.243985+00:00,GET /runs/{id}/logs,GET,200,28.756,True
2026-09-28T15:50:54.252485+00:00,GET /workflows,GET,200,23.696,True
2026-09-28T15:50:54.267813+00:00,GET /workflows/{id},GET,200,16.972,True
2026-09-28T15:50:54.201298+00:00,PUT /workflows/{id},PUT,200,83.898,True
2026-09-28T15:50:54.262991+00:00,GET /workflows,GET,200,29.931,True
2026-09-28T15:50:54.272953+00:00,GET /workflows/{id},GET,200,22.341,True
2026-09-28T15:50:54.265821+00:00,POST /workflows/{id}/validate,POST,200,33.187,True
2026-09-28T15:50:54.276466+00:00,GET /workflows,GET,200,24.936,True
2026-09-28T15:50:54.217553+00:00,PUT /workflows/{id},PUT,200,85.954,True
2026-09-28T15:50:54.285472+00:00,GET /runs/{id},GET,200,30.795,True
2026-09-28T15:50:54.294122+00:00,GET /workflows/{id},GET,200,24.477,True
2026-09-28T15:50:54.295513+00:00,GET /workflows/{id},GET,200,26.871,True
2026-09-28T15:50:54.284473+00:00,GET /workflows,GET,200,37.586,True
2026-09-28T15:50:54.298947+00:00,GET /runs/{id}/logs,GET,200,30.229,True
2026-09-28T15:50:54.302952+00:00,POST /workflows/{id}/validate,POST,200,26.934,True
2026-09-28T15:50:54.300367+00:00,GET /workflows,GET,200,33.581,True
2026-09-28T15:50:54.319082+00:00,GET /agents/catalog,GET,200,23.877,True
2026-09-28T15:50:54.322097+00:00,GET /workflows/{id},GET,200,22.185,True
2026-09-28T15:50:54.261485+00:00,PUT /workflows/{id},PUT,200,85.705,True
2026-09-28T15:50:54.322097+00:00,POST /workflows/{id}/validate,POST,200,26.879,True
2026-09-28T15:50:54.316283+00:00,GET /workflows,GET,200,33.534,True
2026-09-28T15:50:54.330088+00:00,POST /workflows/{id}/validate,POST,200,24.022,True
2026-09-28T15:50:54.329107+00:00,GET /runs/{id},GET,200,28.828,True
2026-09-28T15:50:54.353920+00:00,GET /health,GET,200,4.640,True
2026-09-28T15:50:54.334096+00:00,GET /runs/{id}/logs,GET,200,28.924,True
2026-09-28T15:50:54.343121+00:00,GET /runs/{id}/logs,GET,200,29.182,True
2026-09-28T15:50:54.346363+00:00,GET /agents/catalog,GET,200,25.369,True
2026-09-28T15:50:54.344832+00:00,GET /runs/{id},GET,200,31.550,True
2026-09-28T15:50:54.371526+00:00,GET /health,GET,200,6.910,True
2026-09-28T15:50:54.372503+00:00,GET /health,GET,200,6.758,True
2026-09-28T15:50:54.349356+00:00,GET /workflows,GET,200,29.620,True
2026-09-28T15:50:54.349356+00:00,GET /runs/{id}/logs,GET,200,32.555,True
2026-09-28T15:50:54.358907+00:00,GET /runs/{id}/logs,GET,200,23.628,True
2026-09-28T15:50:54.363907+00:00,GET /agents/catalog,GET,200,20.335,True
2026-09-28T15:50:54.357914+00:00,POST /workflows/{id}/validate,POST,200,27.417,True
2026-09-28T15:50:54.379525+00:00,GET /workflows/{id},GET,200,17.721,True
2026-09-28T15:50:54.376520+00:00,GET /runs/{id},GET,200,24.420,True
2026-09-28T15:50:54.381504+00:00,GET /runs/{id},GET,200,27.613,True
2026-09-28T15:50:54.378512+00:00,GET /runs/{id},GET,200,31.339,True
2026-09-28T15:50:54.382505+00:00,GET /workflows,GET,200,31.090,True
2026-09-28T15:50:54.385510+00:00,GET /runs/{id}/logs,GET,200,28.355,True
2026-09-28T15:50:54.383505+00:00,GET /runs/{id}/logs,GET,200,31.739,True
2026-09-28T15:50:54.414918+00:00,GET /health,GET,200,6.238,True
2026-09-28T15:50:54.400830+00:00,GET /runs/{id}/logs,GET,200,23.649,True
2026-09-28T15:50:54.396238+00:00,GET /runs/{id}/logs,GET,200,36.289,True
2026-09-28T15:50:54.413537+00:00,GET /agents/catalog,GET,200,20.364,True
2026-09-28T15:50:54.410104+00:00,GET /runs/{id}/logs,GET,200,28.293,True
2026-09-28T15:50:54.408648+00:00,GET /runs/{id},GET,200,30.209,True
2026-09-28T15:50:54.424812+00:00,GET /agents/catalog,GET,200,19.087,True
2026-09-28T15:50:54.421792+00:00,GET /workflows/{id},GET,200,21.961,True
2026-09-28T15:50:54.413537+00:00,GET /workflows,GET,200,32.340,True
2026-09-28T15:50:54.433336+00:00,GET /runs/{id}/logs,GET,200,24.479,True
2026-09-28T15:50:54.433336+00:00,GET /runs/{id},GET,200,26.205,True
2026-09-28T15:50:54.446530+00:00,GET /workflows/{id},GET,200,16.954,True
2026-09-28T15:50:54.443525+00:00,GET /workflows/{id},GET,200,21.379,True
2026-09-28T15:50:54.439336+00:00,GET /runs/{id}/logs,GET,200,27.534,True
2026-09-28T15:50:54.438338+00:00,GET /runs/{id},GET,200,29.097,True
2026-09-28T15:50:54.378512+00:00,PUT /workflows/{id},PUT,200,91.335,True
2026-09-28T15:50:54.470340+00:00,GET /health,GET,200,5.552,True
2026-09-28T15:50:54.457034+00:00,GET /workflows,GET,200,26.053,True
2026-09-28T15:50:54.462612+00:00,POST /workflows/{id}/validate,POST,200,22.443,True
2026-09-28T15:50:54.459627+00:00,GET /runs/{id},GET,200,31.184,True
2026-09-28T15:50:54.466862+00:00,GET /workflows,GET,200,26.571,True
2026-09-28T15:50:54.464116+00:00,GET /workflows,GET,200,29.389,True
2026-09-28T15:50:54.475664+00:00,GET /workflows,GET,200,24.405,True
2026-09-28T15:50:54.485815+00:00,GET /workflows/{id},GET,200,19.824,True
2026-09-28T15:50:54.483631+00:00,GET /runs/{id}/logs,GET,200,25.857,True
2026-09-28T15:50:54.491341+00:00,GET /workflows/{id},GET,200,22.224,True
2026-09-28T15:50:54.494189+00:00,GET /runs/{id},GET,200,30.250,True
2026-09-28T15:50:54.494189+00:00,GET /runs/{id},GET,200,30.949,True
2026-09-28T15:50:54.500622+00:00,GET /workflows,GET,200,27.765,True
2026-09-28T15:50:54.510098+00:00,GET /workflows/{id},GET,200,20.423,True
2026-09-28T15:50:54.443525+00:00,PUT /workflows/{id},PUT,200,87.147,True
2026-09-28T15:50:54.506049+00:00,GET /runs/{id}/logs,GET,200,28.872,True
2026-09-28T15:50:54.527626+00:00,GET /workflows/{id},GET,200,13.049,True
2026-09-28T15:50:54.530625+00:00,GET /workflows/{id},GET,200,14.545,True
2026-09-28T15:50:54.524626+00:00,GET /runs/{id}/logs,GET,200,21.729,True
2026-09-28T15:50:54.524626+00:00,GET /workflows,GET,200,22.430,True
2026-09-28T15:50:54.466862+00:00,PUT /workflows/{id},PUT,200,81.109,True
2026-09-28T15:50:54.544633+00:00,GET /runs/{id},GET,200,12.861,True
2026-09-28T15:50:54.546633+00:00,GET /runs/{id},GET,200,15.605,True
2026-09-28T15:50:54.557739+00:00,GET /health,GET,200,4.950,True
2026-09-28T15:50:54.547635+00:00,POST /workflows/{id}/validate,POST,200,15.689,True
2026-09-28T15:50:54.548634+00:00,GET /workflows,GET,200,15.549,True
2026-09-28T15:50:54.562740+00:00,GET /workflows,GET,200,11.394,True
2026-09-28T15:50:54.562740+00:00,POST /workflows/{id}/validate,POST,200,13.008,True
2026-09-28T15:50:54.562740+00:00,GET /workflows,GET,200,14.103,True
2026-09-28T15:50:54.513381+00:00,PUT /workflows/{id},PUT,200,72.848,True
2026-09-28T15:50:54.575676+00:00,GET /workflows/{id},GET,200,12.084,True
2026-09-28T15:50:54.573661+00:00,GET /workflows,GET,200,19.639,True
2026-09-28T15:50:54.534625+00:00,PUT /workflows/{id},PUT,500,72.732,False
2026-09-28T15:50:54.530625+00:00,PUT /workflows/{id},PUT,200,77.450,True
2026-09-28T15:50:54.586666+00:00,GET /runs/{id},GET,200,22.411,True
2026-09-28T15:50:54.587655+00:00,GET /runs/{id},GET,200,21.173,True
2026-09-28T15:50:54.540633+00:00,PUT /workflows/{id},PUT,200,72.343,True
2026-09-28T15:50:54.608304+00:00,GET /health,GET,200,5.805,True
2026-09-28T15:50:54.608679+00:00,GET /workflows/{id},GET,200,18.377,True
2026-09-28T15:50:54.609776+00:00,GET /runs/{id},GET,200,22.433,True
2026-09-28T15:50:54.606986+00:00,GET /runs/{id}/logs,GET,200,27.372,True
2026-09-28T15:50:54.613157+00:00,GET /runs/{id},GET,200,21.951,True
2026-09-28T15:50:54.564143+00:00,PUT /workflows/{id},PUT,200,72.770,True
2026-09-28T15:50:54.626977+00:00,GET /runs/{id},GET,200,19.633,True
2026-09-28T15:50:54.634985+00:00,GET /workflows/{id},GET,200,17.304,True
2026-09-28T15:50:54.652037+00:00,GET /health,GET,200,4.930,True
2026-09-28T15:50:54.631982+00:00,GET /runs/{id},GET,200,25.757,True
2026-09-28T15:50:54.634985+00:00,GET /runs/{id},GET,200,24.317,True
2026-09-28T15:50:54.576666+00:00,PUT /workflows/{id},PUT,200,83.333,True
2026-09-28T15:50:54.657032+00:00,GET /health,GET,200,4.450,True
2026-09-28T15:50:54.636982+00:00,GET /runs/{id}/logs,GET,200,26.681,True
2026-09-28T15:50:54.660034+00:00,GET /health,GET,200,6.094,True
2026-09-28T15:50:54.593352+00:00,PUT /workflows/{id},PUT,200,77.553,True
2026-09-28T15:50:54.657032+00:00,GET /workflows,GET,200,22.994,True
2026-09-28T15:50:54.660034+00:00,GET /workflows/{id},GET,200,21.157,True
2026-09-28T15:50:54.662031+00:00,GET /workflows/{id},GET,200,18.963,True
2026-09-28T15:50:54.680465+00:00,GET /health,GET,200,4.773,True
2026-09-28T15:50:54.665167+00:00,GET /runs/{id}/logs,GET,200,20.135,True
2026-09-28T15:50:54.663539+00:00,GET /runs/{id},GET,200,23.888,True
2026-09-28T15:50:54.613157+00:00,PUT /workflows/{id},PUT,200,74.182,True
2026-09-28T15:50:54.685020+00:00,GET /health,GET,200,5.086,True
2026-09-28T15:50:54.670764+00:00,POST /workflows/{id}/validate,POST,200,20.261,True
2026-09-28T15:50:54.680465+00:00,GET /workflows/{id},GET,200,16.272,True
2026-09-28T15:50:54.686013+00:00,GET /agents/catalog,GET,200,15.691,True
2026-09-28T15:50:54.680465+00:00,GET /runs/{id}/logs,GET,200,21.795,True
2026-09-28T15:50:54.690002+00:00,GET /workflows/{id},GET,200,16.457,True
2026-09-28T15:50:54.701369+00:00,GET /health,GET,200,6.836,True
2026-09-28T15:50:54.691004+00:00,GET /runs/{id}/logs,GET,200,20.016,True
2026-09-28T15:50:54.697418+00:00,GET /workflows/{id},GET,200,18.473,True
2026-09-28T15:50:54.702383+00:00,GET /runs/{id}/logs,GET,200,21.907,True
2026-09-28T15:50:54.706259+00:00,GET /runs/{id}/logs,GET,200,22.153,True
2026-09-28T15:50:54.647021+00:00,PUT /workflows/{id},PUT,200,81.919,True
2026-09-28T15:50:54.708644+00:00,GET /runs/{id},GET,200,20.387,True
2026-09-28T15:50:54.714965+00:00,GET /runs/{id}/logs,GET,200,17.257,True
2026-09-28T15:50:54.711106+00:00,GET /runs/{id}/logs,GET,200,21.913,True
2026-09-28T15:50:54.725058+00:00,GET /runs/{id},GET,200,21.234,True
2026-09-28T15:50:54.733120+00:00,GET /workflows/{id},GET,200,16.521,True
2026-09-28T15:50:54.729112+00:00,GET /workflows,GET,200,26.337,True
2026-09-28T15:50:54.728125+00:00,GET /runs/{id},GET,200,26.728,True
2026-09-28T15:50:54.733120+00:00,GET /runs/{id}/logs,GET,200,22.322,True
2026-09-28T15:50:54.749503+00:00,GET /workflows/{id},GET,200,11.679,True
2026-09-28T15:50:54.687006+00:00,PUT /workflows/{id},PUT,200,79.325,True
2026-09-28T15:50:54.688017+00:00,PUT /workflows/{id},PUT,500,78.699,False
2026-09-28T15:50:54.755294+00:00,GET /workflows/{id},GET,200,15.416,True
2026-09-28T15:50:54.755823+00:00,GET /runs/{id},GET,200,22.280,True
2026-09-28T15:50:54.760642+00:00,GET /runs/{id},GET,200,23.434,True
2026-09-28T15:50:54.767123+00:00,GET /workflows,GET,200,26.690,True
2026-09-28T15:50:54.766120+00:00,GET /workflows,GET,200,28.306,True
2026-09-28T15:50:54.771142+00:00,GET /runs/{id},GET,200,25.113,True
2026-09-28T15:50:54.778121+00:00,GET /workflows/{id},GET,200,18.472,True
2026-09-28T15:50:54.796387+00:00,GET /health,GET,200,6.510,True
2026-09-28T15:50:54.784120+00:00,GET /agents/catalog,GET,200,21.748,True
2026-09-28T15:50:54.729112+00:00,PUT /workflows/{id},PUT,200,79.568,True
2026-09-28T15:50:54.795323+00:00,GET /workflows/{id},GET,200,25.318,True
2026-09-28T15:50:54.795323+00:00,GET /runs/{id}/logs,GET,200,26.740,True
2026-09-28T15:50:54.792762+00:00,GET /workflows,GET,200,28.641,True
2026-09-28T15:50:54.745842+00:00,PUT /workflows/{id},PUT,200,76.805,True
2026-09-28T15:50:54.802290+00:00,GET /agents/catalog,GET,200,22.651,True
2026-09-28T15:50:54.755294+00:00,PUT /workflows/{id},PUT,200,76.241,True
2026-09-28T15:50:54.822363+00:00,POST /workflows/{id}/validate,POST,200,20.549,True
2026-09-28T15:50:54.821855+00:00,GET /workflows,GET,200,24.890,True
2026-09-28T15:50:54.820629+00:00,GET /workflows,GET,200,25.758,True
2026-09-28T15:50:54.822363+00:00,GET /workflows,GET,200,24.969,True
2026-09-28T15:50:54.825694+00:00,GET /runs/{id}/logs,GET,200,22.508,True
2026-09-28T15:50:54.831686+00:00,GET /workflows,GET,200,18.898,True
2026-09-28T15:50:54.846696+00:00,GET /health,GET,200,4.703,True
2026-09-28T15:50:54.842721+00:00,GET /runs/{id},GET,200,18.720,True
2026-09-28T15:50:54.846696+00:00,GET /runs/{id},GET,200,20.827,True
2026-09-28T15:50:54.847686+00:00,GET /runs/{id}/logs,GET,200,20.581,True
2026-09-28T15:50:54.850697+00:00,POST /workflows/{id}/validate,POST,200,24.054,True
2026-09-28T15:50:54.850697+00:00,GET /runs/{id},GET,200,28.163,True
2026-09-28T15:50:54.861704+00:00,GET /runs/{id}/logs,GET,200,26.289,True
2026-09-28T15:50:54.868191+00:00,GET /workflows,GET,200,23.486,True
2026-09-28T15:50:54.806624+00:00,PUT /workflows/{id},PUT,200,86.987,True
2026-09-28T15:50:54.808759+00:00,PUT /workflows/{id},PUT,500,92.969,False
2026-09-28T15:50:54.878839+00:00,GET /workflows/{id},GET,200,23.900,True
2026-09-28T15:50:54.874816+00:00,GET /workflows,GET,200,28.148,True
2026-09-28T15:50:54.868191+00:00,GET /runs/{id}/logs,GET,200,36.258,True
2026-09-28T15:50:54.903169+00:00,GET /health,GET,200,5.656,True
2026-09-28T15:50:54.903169+00:00,GET /workflows/{id},GET,200,17.279,True
2026-09-28T15:50:54.900705+00:00,GET /workflows/{id},GET,200,20.870,True
2026-09-28T15:50:54.893387+00:00,GET /runs/{id},GET,200,30.043,True
2026-09-28T15:50:54.892087+00:00,GET /runs/{id},GET,200,31.671,True
2026-09-28T15:50:54.910125+00:00,GET /workflows/{id},GET,200,17.141,True
2026-09-28T15:50:54.920030+00:00,GET /agents/catalog,GET,200,13.791,True
2026-09-28T15:50:54.847686+00:00,PUT /workflows/{id},PUT,200,86.847,True
2026-09-28T15:50:54.923525+00:00,GET /workflows/{id},GET,200,14.103,True
2026-09-28T15:50:54.922220+00:00,GET /runs/{id}/logs,GET,200,22.889,True
2026-09-28T15:50:54.923525+00:00,GET /runs/{id},GET,200,23.477,True
2026-09-28T15:50:54.926554+00:00,GET /runs/{id},GET,200,21.237,True
2026-09-28T15:50:54.934555+00:00,GET /workflows/{id},GET,200,19.843,True
2026-09-28T15:50:54.934555+00:00,GET /runs/{id}/logs,GET,200,25.543,True
2026-09-28T15:50:54.937554+00:00,POST /workflows/{id}/validate,POST,200,27.901,True
2026-09-28T15:50:54.946065+00:00,GET /workflows/{id},GET,200,23.559,True
2026-09-28T15:50:54.887579+00:00,PUT /workflows/{id},PUT,200,84.902,True
2026-09-28T15:50:54.954108+00:00,GET /workflows/{id},GET,200,22.978,True
2026-09-28T15:50:54.948523+00:00,GET /workflows,GET,200,29.619,True
2026-09-28T15:50:54.902163+00:00,PUT /workflows/{id},PUT,200,86.969,True
2026-09-28T15:50:54.959812+00:00,GET /workflows,GET,200,28.935,True
2026-09-28T15:50:54.965937+00:00,GET /workflows,GET,200,27.490,True
2026-09-28T15:50:54.971498+00:00,GET /workflows/{id},GET,200,20.909,True
2026-09-28T15:50:54.970493+00:00,GET /runs/{id},GET,200,25.063,True
2026-09-28T15:50:54.977808+00:00,GET /runs/{id}/logs,GET,200,27.829,True
2026-09-28T15:50:54.977808+00:00,GET /workflows,GET,200,30.507,True
2026-09-28T15:50:54.994054+00:00,POST /workflows/{id}/validate,POST,200,25.199,True
2026-09-28T15:50:54.995061+00:00,GET /workflows,GET,200,26.060,True
2026-09-28T15:50:54.992687+00:00,POST /workflows/{id}/validate,POST,200,28.646,True
2026-09-28T15:50:54.989325+00:00,GET /runs/{id},GET,200,32.745,True
2026-09-28T15:50:55.018483+00:00,GET /health,GET,200,6.129,True
2026-09-28T15:50:55.007298+00:00,GET /runs/{id},GET,200,24.519,True
2026-09-28T15:50:54.945064+00:00,PUT /workflows/{id},PUT,200,91.539,True
2026-09-28T15:50:55.005299+00:00,GET /workflows,GET,200,31.962,True
2026-09-28T15:50:55.021498+00:00,GET /workflows/{id},GET,200,20.149,True
2026-09-28T15:50:55.021498+00:00,POST /workflows/{id}/validate,POST,200,24.555,True
2026-09-28T15:50:55.021498+00:00,GET /runs/{id},GET,200,26.408,True
2026-09-28T15:50:55.025012+00:00,GET /runs/{id},GET,200,25.197,True
2026-09-28T15:50:55.032032+00:00,GET /runs/{id}/logs,GET,200,30.712,True
2026-09-28T15:50:55.041962+00:00,GET /runs/{id},GET,200,25.137,True
2026-09-28T15:50:55.036973+00:00,GET /workflows,GET,200,30.700,True
2026-09-28T15:50:55.037964+00:00,GET /workflows,GET,200,32.363,True
2026-09-28T15:50:55.048961+00:00,GET /workflows,GET,200,24.486,True
2026-09-28T15:50:55.049961+00:00,GET /runs/{id},GET,200,25.444,True
2026-09-28T15:50:54.989325+00:00,PUT /workflows/{id},PUT,200,87.544,True
2026-09-28T15:50:55.066980+00:00,GET /agents/catalog,GET,200,16.171,True
2026-09-28T15:50:55.067978+00:00,GET /runs/{id}/logs,GET,200,20.006,True
2026-09-28T15:50:55.062980+00:00,GET /workflows,GET,200,28.848,True
2026-09-28T15:50:55.072492+00:00,GET /runs/{id},GET,200,27.164,True
2026-09-28T15:50:55.083030+00:00,GET /workflows/{id},GET,200,18.067,True
2026-09-28T15:50:55.076003+00:00,GET /workflows,GET,200,28.045,True
2026-09-28T15:50:55.077009+00:00,GET /workflows,GET,200,27.163,True
2026-09-28T15:50:55.087546+00:00,GET /runs/{id},GET,200,25.821,True
2026-09-28T15:50:55.100682+00:00,GET /workflows/{id},GET,200,21.453,True
2026-09-28T15:50:55.092463+00:00,GET /workflows,GET,200,30.028,True
2026-09-28T15:50:55.045969+00:00,PUT /workflows/{id},PUT,200,83.295,True
2026-09-28T15:50:55.103827+00:00,GET /runs/{id},GET,200,29.354,True
2026-09-28T15:50:55.100682+00:00,GET /workflows,GET,200,35.770,True
2026-09-28T15:50:55.133100+00:00,GET /health,GET,200,6.509,True
2026-09-28T15:50:55.113571+00:00,GET /runs/{id},GET,200,28.636,True
2026-09-28T15:50:55.121622+00:00,GET /runs/{id}/logs,GET,200,22.803,True
2026-09-28T15:50:55.069486+00:00,PUT /workflows/{id},PUT,200,76.811,True
2026-09-28T15:50:55.121622+00:00,GET /runs/{id},GET,200,26.596,True
2026-09-28T15:50:55.139604+00:00,GET /workflows/{id},GET,200,18.434,True
2026-09-28T15:50:55.129962+00:00,GET /runs/{id},GET,200,30.075,True
2026-09-28T15:50:55.136962+00:00,GET /runs/{id},GET,200,27.123,True
2026-09-28T15:50:55.142126+00:00,GET /runs/{id},GET,200,26.416,True
2026-09-28T15:50:55.146132+00:00,GET /runs/{id},GET,200,25.302,True
2026-09-28T15:50:55.169026+00:00,GET /health,GET,200,4.177,True
2026-09-28T15:50:55.159924+00:00,GET /workflows/{id},GET,200,14.686,True
2026-09-28T15:50:55.158311+00:00,GET /runs/{id},GET,200,27.540,True
2026-09-28T15:50:55.103827+00:00,PUT /workflows/{id},PUT,200,81.717,True
2026-09-28T15:50:55.164027+00:00,GET /runs/{id},GET,200,21.880,True
2026-09-28T15:50:55.173018+00:00,GET /workflows/{id},GET,200,13.900,True
2026-09-28T15:50:55.174583+00:00,GET /workflows/{id},GET,200,14.929,True
2026-09-28T15:50:55.172498+00:00,GET /runs/{id}/logs,GET,200,18.239,True
2026-09-28T15:50:55.185655+00:00,GET /agents/catalog,GET,200,21.228,True
2026-09-28T15:50:55.207127+00:00,GET /health,GET,200,4.982,True
2026-09-28T15:50:55.186694+00:00,GET /runs/{id}/logs,GET,200,25.717,True
2026-09-28T15:50:55.190748+00:00,GET /runs/{id},GET,200,25.820,True
2026-09-28T15:50:55.186174+00:00,GET /runs/{id}/logs,GET,200,30.583,True
2026-09-28T15:50:55.189754+00:00,POST /workflows/{id}/validate,POST,200,28.753,True
2026-09-28T15:50:55.148599+00:00,PUT /workflows/{id},PUT,500,74.838,False
2026-09-28T15:50:55.145132+00:00,PUT /workflows/{id},PUT,200,78.886,True
2026-09-28T15:50:55.224039+00:00,GET /health,GET,200,3.499,True
2026-09-28T15:50:55.216665+00:00,GET /agents/catalog,GET,200,15.443,True
2026-09-28T15:50:55.218245+00:00,GET /runs/{id},GET,200,18.148,True
2026-09-28T15:50:55.216146+00:00,GET /runs/{id},GET,200,20.876,True
2026-09-28T15:50:55.227128+00:00,GET /workflows/{id},GET,200,13.238,True
2026-09-28T15:50:55.231731+00:00,GET /agents/catalog,GET,200,12.674,True
2026-09-28T15:50:55.236721+00:00,GET /runs/{id}/logs,GET,200,23.449,True
2026-09-28T15:50:55.244911+00:00,GET /agents/catalog,GET,200,16.268,True
2026-09-28T15:50:55.235732+00:00,GET /runs/{id}/logs,GET,200,25.014,True
2026-09-28T15:50:55.186174+00:00,PUT /workflows/{id},PUT,200,77.733,True
2026-09-28T15:50:55.240717+00:00,GET /runs/{id}/logs,GET,200,24.757,True
2026-09-28T15:50:55.223511+00:00,PUT /workflows/{id},PUT,200,53.292,True
2026-09-28T15:50:55.260614+00:00,GET /runs/{id}/logs,GET,200,25.750,True
2026-09-28T15:50:55.263247+00:00,GET /runs/{id},GET,200,23.042,True
2026-09-28T15:50:55.261140+00:00,GET /runs/{id},GET,200,25.857,True
2026-09-28T15:50:55.265759+00:00,GET /runs/{id},GET,200,23.025,True
2026-09-28T15:50:55.212314+00:00,PUT /workflows/{id},PUT,200,90.297,True
2026-09-28T15:50:55.211793+00:00,PUT /workflows/{id},PUT,500,91.685,False
2026-09-28T15:50:55.276990+00:00,GET /workflows,GET,200,29.185,True
2026-09-28T15:50:55.286796+00:00,GET /workflows/{id},GET,200,22.613,True
2026-09-28T15:50:55.285793+00:00,GET /runs/{id},GET,200,28.693,True
2026-09-28T15:50:55.286796+00:00,GET /runs/{id}/logs,GET,200,29.206,True
2026-09-28T15:50:55.315363+00:00,GET /agents/catalog,GET,200,18.056,True
2026-09-28T15:50:55.305292+00:00,GET /runs/{id},GET,200,30.795,True
2026-09-28T15:50:55.303101+00:00,GET /workflows,GET,200,34.274,True
2026-09-28T15:50:55.303101+00:00,GET /workflows,GET,200,35.373,True
2026-09-28T15:50:55.315363+00:00,GET /workflows/{id},GET,200,23.173,True
2026-09-28T15:50:55.309940+00:00,GET /workflows,GET,200,32.732,True
2026-09-28T15:50:55.261140+00:00,PUT /workflows/{id},PUT,200,82.147,True
2026-09-28T15:50:55.339364+00:00,GET /health,GET,200,4.544,True
2026-09-28T15:50:55.342871+00:00,GET /health,GET,200,5.886,True
2026-09-28T15:50:55.338362+00:00,GET /workflows/{id},GET,200,21.894,True
2026-09-28T15:50:55.336372+00:00,GET /runs/{id},GET,200,27.354,True
2026-09-28T15:50:55.332846+00:00,GET /workflows,GET,200,33.315,True
2026-09-28T15:50:55.347869+00:00,GET /workflows/{id},GET,200,21.083,True
2026-09-28T15:50:55.343869+00:00,GET /runs/{id},GET,200,27.587,True
2026-09-28T15:50:55.337362+00:00,GET /workflows,GET,200,37.967,True
2026-09-28T15:50:55.288245+00:00,PUT /workflows/{id},PUT,200,88.316,True
2026-09-28T15:50:55.342871+00:00,GET /workflows,GET,200,34.205,True
2026-09-28T15:50:55.360382+00:00,POST /workflows/{id}/validate,POST,200,24.038,True
2026-09-28T15:50:55.371046+00:00,GET /workflows/{id},GET,200,22.118,True
2026-09-28T15:50:55.366383+00:00,GET /runs/{id},GET,200,27.334,True
2026-09-28T15:50:55.364383+00:00,GET /runs/{id}/logs,GET,200,29.875,True
2026-09-28T15:50:55.369045+00:00,GET /runs/{id},GET,200,30.647,True
2026-09-28T15:50:55.392401+00:00,GET /health,GET,200,8.701,True
2026-09-28T15:50:55.393865+00:00,GET /health,GET,200,8.881,True
2026-09-28T15:50:55.377042+00:00,GET /runs/{id}/logs,GET,200,26.955,True
2026-09-28T15:50:55.377042+00:00,GET /workflows/{id},GET,200,27.912,True
2026-09-28T15:50:55.376042+00:00,POST /workflows/{id}/validate,POST,200,29.316,True
2026-09-28T15:50:55.384042+00:00,GET /runs/{id},GET,200,26.798,True
2026-09-28T15:50:55.393865+00:00,GET /agents/catalog,GET,200,22.436,True
2026-09-28T15:50:55.404347+00:00,GET /runs/{id},GET,200,29.288,True
2026-09-28T15:50:55.404347+00:00,GET /runs/{id}/logs,GET,200,30.804,True
2026-09-28T15:50:55.399777+00:00,GET /workflows,GET,200,35.391,True
2026-09-28T15:50:55.403063+00:00,GET /runs/{id}/logs,GET,200,33.285,True
2026-09-28T15:50:55.415909+00:00,GET /agents/catalog,GET,200,19.820,True
2026-09-28T15:50:55.401776+00:00,GET /workflows,GET,200,34.509,True
2026-09-28T15:50:55.404347+00:00,GET /workflows,GET,200,34.353,True
2026-09-28T15:50:55.435318+00:00,GET /runs/{id}/logs,GET,200,16.950,True
2026-09-28T15:50:55.436318+00:00,GET /runs/{id},GET,200,17.993,True
2026-09-28T15:50:55.435318+00:00,GET /runs/{id},GET,200,20.887,True
2026-09-28T15:50:55.434248+00:00,GET /workflows,GET,200,22.298,True
2026-09-28T15:50:55.438320+00:00,GET /runs/{id},GET,200,17.858,True
2026-09-28T15:50:55.456302+00:00,GET /health,GET,200,5.025,True
2026-09-28T15:50:55.454298+00:00,GET /runs/{id},GET,200,15.736,True
2026-09-28T15:50:55.451832+00:00,GET /runs/{id},GET,200,18.398,True
2026-09-28T15:50:55.469312+00:00,GET /health,GET,200,5.402,True
2026-09-28T15:50:55.455305+00:00,GET /runs/{id},GET,200,21.364,True
2026-09-28T15:50:55.475679+00:00,GET /health,GET,200,3.644,True
2026-09-28T15:50:55.456302+00:00,GET /workflows,GET,200,23.961,True
2026-09-28T15:50:55.461303+00:00,GET /runs/{id}/logs,GET,200,20.122,True
2026-09-28T15:50:55.480771+00:00,GET /health,GET,200,4.961,True
2026-09-28T15:50:55.481779+00:00,GET /health,GET,200,5.772,True
2026-09-28T15:50:55.410902+00:00,PUT /workflows/{id},PUT,200,86.071,True
2026-09-28T15:50:55.471107+00:00,GET /runs/{id}/logs,GET,200,27.953,True
2026-09-28T15:50:55.478774+00:00,GET /workflows/{id},GET,200,20.475,True
2026-09-28T15:50:55.476767+00:00,GET /runs/{id},GET,200,28.322,True
2026-09-28T15:50:55.436318+00:00,PUT /workflows/{id},PUT,200,81.885,True
2026-09-28T15:50:55.487905+00:00,GET /workflows/{id},GET,200,31.396,True
2026-09-28T15:50:55.497316+00:00,GET /workflows/{id},GET,200,25.175,True
2026-09-28T15:50:55.436318+00:00,PUT /workflows/{id},PUT,500,90.556,False
2026-09-28T15:50:55.526901+00:00,GET /workflows,GET,0,0.322,False
2026-09-28T15:50:55.499452+00:00,GET /workflows/{id},GET,200,28.124,True
2026-09-28T15:50:55.485908+00:00,GET /workflows,GET,200,42.089,True
2026-09-28T15:50:55.498936+00:00,POST /workflows/{id}/validate,POST,200,29.561,True
2026-09-28T15:50:55.504480+00:00,POST /workflows/{id}/validate,POST,200,31.649,True
2026-09-28T15:50:55.518452+00:00,GET /runs/{id}/logs,GET,200,32.196,True
2026-09-28T15:50:55.519453+00:00,GET /runs/{id},GET,200,35.951,True
2026-09-28T15:50:55.527954+00:00,GET /workflows,GET,200,28.160,True
2026-09-28T15:50:55.526901+00:00,GET /workflows,GET,200,31.513,True
2026-09-28T15:50:55.522069+00:00,GET /workflows,GET,200,36.764,True
2026-09-28T15:50:55.527954+00:00,GET /workflows,GET,200,32.054,True
2026-09-28T15:50:55.537141+00:00,GET /runs/{id}/logs,GET,200,22.968,True
2026-09-28T15:50:55.558510+00:00,GET /health,GET,200,4.739,True
2026-09-28T15:50:55.554998+00:00,GET /workflows/{id},GET,200,13.885,True
2026-09-28T15:50:55.569220+00:00,GET /health,GET,200,4.009,True
2026-09-28T15:50:55.550997+00:00,GET /runs/{id},GET,200,22.886,True
2026-09-28T15:50:55.558510+00:00,GET /workflows/{id},GET,200,15.721,True
2026-09-28T15:50:55.559511+00:00,GET /workflows/{id},GET,200,17.711,True
2026-09-28T15:50:55.560523+00:00,GET /runs/{id}/logs,GET,200,21.698,True
2026-09-28T15:50:55.563511+00:00,GET /workflows,GET,200,21.703,True
2026-09-28T15:50:55.573737+00:00,GET /workflows/{id},GET,200,18.271,True
2026-09-28T15:50:55.591738+00:00,GET /health,GET,200,4.609,True
2026-09-28T15:50:55.573737+00:00,GET /runs/{id}/logs,GET,200,27.408,True
2026-09-28T15:50:55.577746+00:00,GET /workflows,GET,200,23.922,True
2026-09-28T15:50:55.572732+00:00,GET /runs/{id},GET,200,30.605,True
2026-09-28T15:50:55.581745+00:00,GET /runs/{id},GET,200,23.523,True
2026-09-28T15:50:55.600828+00:00,GET /health,GET,200,4.893,True
2026-09-28T15:50:55.528491+00:00,PUT /workflows/{id},PUT,200,79.269,True
2026-09-28T15:50:55.603258+00:00,GET /agents/catalog,GET,200,12.423,True
2026-09-28T15:50:55.606267+00:00,GET /workflows/{id},GET,200,14.837,True
2026-09-28T15:50:55.607353+00:00,POST /workflows/{id}/validate,POST,200,15.072,True
2026-09-28T15:50:55.605264+00:00,GET /runs/{id},GET,200,20.015,True
2026-09-28T15:50:55.555504+00:00,PUT /workflows/{id},PUT,200,72.389,True
2026-09-28T15:50:55.615626+00:00,GET /runs/{id},GET,200,17.792,True
2026-09-28T15:50:55.620656+00:00,POST /workflows/{id}/validate,POST,200,15.598,True
2026-09-28T15:50:55.625214+00:00,GET /runs/{id},GET,200,16.953,True
2026-09-28T15:50:55.628458+00:00,GET /runs/{id}/logs,GET,200,21.187,True
2026-09-28T15:50:55.585737+00:00,PUT /workflows/{id},PUT,200,65.802,True
2026-09-28T15:50:55.636460+00:00,GET /workflows,GET,200,18.592,True
2026-09-28T15:50:55.597364+00:00,PUT /workflows/{id},PUT,200,64.810,True
2026-09-28T15:50:55.602006+00:00,PUT /workflows/{id},PUT,500,64.333,False
2026-09-28T15:50:55.649552+00:00,GET /workflows,GET,200,16.985,True
2026-09-28T15:50:55.651553+00:00,GET /runs/{id}/logs,GET,200,15.517,True
2026-09-28T15:50:55.666584+00:00,GET /agents/catalog,GET,200,10.458,True
2026-09-28T15:50:55.666584+00:00,GET /runs/{id},GET,200,12.113,True
2026-09-28T15:50:55.661595+00:00,GET /workflows,GET,200,19.496,True
2026-09-28T15:50:55.665585+00:00,GET /runs/{id}/logs,GET,200,26.971,True
2026-09-28T15:50:55.622071+00:00,PUT /workflows/{id},PUT,200,70.511,True
2026-09-28T15:50:55.680975+00:00,GET /workflows,GET,200,17.258,True
2026-09-28T15:50:55.633459+00:00,PUT /workflows/{id},PUT,500,64.995,False
2026-09-28T15:50:55.642553+00:00,PUT /workflows/{id},PUT,200,62.614,True
2026-09-28T15:50:55.698766+00:00,GET /workflows/{id},GET,200,13.983,True
2026-09-28T15:50:55.712185+00:00,GET /health,GET,200,4.182,True
2026-09-28T15:50:55.698766+00:00,POST /workflows/{id}/validate,POST,200,18.572,True
2026-09-28T15:50:55.692485+00:00,GET /runs/{id},GET,200,24.780,True
2026-09-28T15:50:55.692485+00:00,GET /runs/{id}/logs,GET,200,24.716,True
2026-09-28T15:50:55.717261+00:00,GET /workflows/{id},GET,200,18.879,True
2026-09-28T15:50:55.717261+00:00,POST /workflows/{id}/validate,POST,200,19.772,True
2026-09-28T15:50:55.715853+00:00,GET /runs/{id}/logs,GET,200,24.732,True
2026-09-28T15:50:55.717261+00:00,GET /workflows,GET,200,25.964,True
2026-09-28T15:50:55.654561+00:00,PUT /workflows/{id},PUT,200,91.348,True
2026-09-28T15:50:55.737170+00:00,GET /agents/catalog,GET,200,18.667,True
2026-09-28T15:50:55.677644+00:00,PUT /workflows/{id},PUT,500,88.750,False
2026-09-28T15:50:55.741841+00:00,GET /agents/catalog,GET,200,24.681,True
2026-09-28T15:50:55.737170+00:00,GET /runs/{id}/logs,GET,200,29.544,True
2026-09-28T15:50:55.678750+00:00,PUT /workflows/{id},PUT,200,89.087,True
2026-09-28T15:50:55.742841+00:00,GET /workflows,GET,200,25.634,True
2026-09-28T15:50:55.745842+00:00,GET /runs/{id},GET,200,32.406,True
2026-09-28T15:50:55.755969+00:00,GET /workflows,GET,200,37.777,True
2026-09-28T15:50:55.767025+00:00,GET /runs/{id}/logs,GET,200,30.765,True
2026-09-28T15:50:55.704625+00:00,PUT /workflows/{id},PUT,200,93.328,True
2026-09-28T15:50:55.792766+00:00,GET /health,GET,200,7.713,True
2026-09-28T15:50:55.766026+00:00,GET /runs/{id}/logs,GET,200,35.473,True
2026-09-28T15:50:55.766026+00:00,GET /runs/{id},GET,200,35.980,True
2026-09-28T15:50:55.769025+00:00,GET /runs/{id},GET,200,34.027,True
2026-09-28T15:50:55.802170+00:00,GET /health,GET,200,6.164,True
2026-09-28T15:50:55.778532+00:00,GET /runs/{id}/logs,GET,200,32.735,True
2026-09-28T15:50:55.767025+00:00,PUT /workflows/{id},PUT,200,48.082,True
2026-09-28T15:50:55.798268+00:00,GET /workflows/{id},GET,200,23.110,True
2026-09-28T15:50:55.796871+00:00,GET /runs/{id}/logs,GET,200,26.709,True
2026-09-28T15:50:55.800746+00:00,GET /runs/{id},GET,200,28.448,True
2026-09-28T15:50:55.802170+00:00,GET /runs/{id}/logs,GET,200,30.279,True
2026-09-28T15:50:55.800746+00:00,GET /runs/{id},GET,200,34.222,True
2026-09-28T15:50:55.810874+00:00,GET /runs/{id}/logs,GET,200,26.927,True
2026-09-28T15:50:55.816012+00:00,POST /workflows/{id}/validate,POST,200,25.737,True
2026-09-28T15:50:55.841171+00:00,GET /health,GET,200,4.540,True
2026-09-28T15:50:55.820559+00:00,GET /workflows,GET,200,24.830,True
2026-09-28T15:50:55.824353+00:00,GET /runs/{id},GET,200,22.346,True
2026-09-28T15:50:55.835166+00:00,GET /workflows/{id},GET,200,15.818,True
2026-09-28T15:50:55.832875+00:00,GET /runs/{id}/logs,GET,200,23.516,True
2026-09-28T15:50:55.838173+00:00,GET /workflows,GET,200,23.172,True
2026-09-28T15:50:55.846172+00:00,GET /workflows/{id},GET,200,19.828,True
2026-09-28T15:50:55.847174+00:00,GET /workflows/{id},GET,200,19.511,True
2026-09-28T15:50:55.846172+00:00,GET /runs/{id},GET,200,21.134,True
2026-09-28T15:50:55.856701+00:00,GET /workflows/{id},GET,200,18.401,True
2026-09-28T15:50:55.851173+00:00,GET /runs/{id}/logs,GET,200,25.487,True
2026-09-28T15:50:55.861708+00:00,GET /workflows/{id},GET,200,19.872,True
2026-09-28T15:50:55.866702+00:00,GET /workflows/{id},GET,200,16.542,True
2026-09-28T15:50:55.808438+00:00,PUT /workflows/{id},PUT,200,77.162,True
2026-09-28T15:50:55.883687+00:00,GET /health,GET,200,5.591,True
2026-09-28T15:50:55.866702+00:00,GET /runs/{id},GET,200,27.412,True
2026-09-28T15:50:55.865702+00:00,GET /workflows,GET,200,27.877,True
2026-09-28T15:50:55.875547+00:00,GET /runs/{id},GET,200,23.773,True
2026-09-28T15:50:55.898830+00:00,GET /health,GET,200,6.119,True
2026-09-28T15:50:55.889683+00:00,GET /workflows/{id},GET,200,19.592,True
2026-09-28T15:50:55.881686+00:00,GET /runs/{id},GET,200,29.099,True
2026-09-28T15:50:55.829874+00:00,PUT /workflows/{id},PUT,200,83.036,True
2026-09-28T15:50:55.885675+00:00,GET /workflows,GET,200,27.874,True
2026-09-28T15:50:55.893703+00:00,GET /workflows/{id},GET,200,21.815,True
2026-09-28T15:50:55.893703+00:00,GET /agents/catalog,GET,200,23.998,True
2026-09-28T15:50:55.909926+00:00,GET /health,GET,200,7.955,True
2026-09-28T15:50:55.915202+00:00,GET /health,GET,200,5.641,True
2026-09-28T15:50:55.918452+00:00,GET /health,GET,200,4.339,True
2026-09-28T15:50:55.908654+00:00,GET /runs/{id},GET,200,22.535,True
2026-09-28T15:50:55.905173+00:00,GET /runs/{id},GET,200,28.206,True
2026-09-28T15:50:55.912618+00:00,POST /workflows/{id}/validate,POST,200,23.468,True
2026-09-28T15:50:55.912618+00:00,GET /runs/{id}/logs,GET,200,28.694,True
2026-09-28T15:50:55.918452+00:00,GET /runs/{id}/logs,GET,200,29.707,True
2026-09-28T15:50:55.921597+00:00,GET /runs/{id}/logs,GET,200,28.548,True
2026-09-28T15:50:55.931109+00:00,GET /agents/catalog,GET,200,22.419,True
2026-09-28T15:50:55.922616+00:00,GET /runs/{id},GET,200,33.261,True
2026-09-28T15:50:55.933107+00:00,GET /runs/{id}/logs,GET,200,27.447,True
2026-09-28T15:50:55.937106+00:00,GET /runs/{id},GET,200,25.462,True
2026-09-28T15:50:55.941633+00:00,GET /runs/{id},GET,200,24.092,True
2026-09-28T15:50:55.961010+00:00,GET /health,GET,200,5.925,True
2026-09-28T15:50:55.949824+00:00,GET /workflows/{id},GET,200,17.247,True
2026-09-28T15:50:55.877058+00:00,PUT /workflows/{id},PUT,200,91.499,True
2026-09-28T15:50:55.953823+00:00,GET /runs/{id},GET,200,19.048,True
2026-09-28T15:50:55.962653+00:00,GET /workflows/{id},GET,200,12.636,True
2026-09-28T15:50:55.955822+00:00,GET /workflows,GET,200,26.010,True
2026-09-28T15:50:55.968660+00:00,GET /workflows/{id},GET,200,20.750,True
2026-09-28T15:50:55.966663+00:00,GET /runs/{id}/logs,GET,200,31.364,True
2026-09-28T15:50:55.965660+00:00,GET /workflows,GET,200,33.680,True
2026-09-28T15:50:55.966663+00:00,GET /workflows,GET,200,33.855,True
2026-09-28T15:50:55.973165+00:00,GET /runs/{id}/logs,GET,200,28.851,True
2026-09-28T15:50:55.974169+00:00,GET /runs/{id},GET,200,31.007,True
2026-09-28T15:50:55.981599+00:00,GET /workflows,GET,200,30.051,True
2026-09-28T15:50:55.998608+00:00,GET /workflows/{id},GET,200,22.754,True
2026-09-28T15:50:55.998608+00:00,POST /workflows/{id}/validate,POST,200,27.733,True
2026-09-28T15:50:56.000941+00:00,GET /runs/{id},GET,200,29.383,True
2026-09-28T15:50:55.947821+00:00,PUT /workflows/{id},PUT,200,82.015,True
2026-09-28T15:50:56.002114+00:00,GET /workflows,GET,200,29.091,True
2026-09-28T15:50:56.005893+00:00,GET /runs/{id}/logs,GET,200,25.381,True
2026-09-28T15:50:56.010968+00:00,GET /runs/{id}/logs,GET,200,21.633,True
2026-09-28T15:50:56.026173+00:00,GET /runs/{id}/logs,GET,200,17.772,True
2026-09-28T15:50:56.030157+00:00,GET /runs/{id},GET,200,21.951,True
2026-09-28T15:50:56.031156+00:00,GET /runs/{id}/logs,GET,200,22.299,True
2026-09-28T15:50:56.033164+00:00,POST /workflows/{id}/validate,POST,200,20.671,True
2026-09-28T15:50:56.031156+00:00,GET /runs/{id}/logs,GET,200,23.233,True
2026-09-28T15:50:56.043158+00:00,GET /workflows,GET,200,17.818,True
2026-09-28T15:50:55.989200+00:00,PUT /workflows/{id},PUT,200,73.833,True
2026-09-28T15:50:56.054688+00:00,GET /runs/{id},GET,200,16.204,True
2026-09-28T15:50:56.052686+00:00,GET /workflows,GET,200,21.463,True
2026-09-28T15:50:56.053688+00:00,GET /workflows,GET,200,21.463,True
2026-09-28T15:50:56.061713+00:00,GET /workflows/{id},GET,200,15.820,True
2026-09-28T15:50:56.062708+00:00,GET /runs/{id},GET,200,21.203,True
2026-09-28T15:50:56.073227+00:00,GET /workflows/{id},GET,200,16.619,True
2026-09-28T15:50:56.070708+00:00,GET /runs/{id},GET,200,24.328,True
2026-09-28T15:50:56.022301+00:00,PUT /workflows/{id},PUT,200,81.220,True
2026-09-28T15:50:56.075775+00:00,GET /workflows,GET,200,30.263,True
2026-09-28T15:50:56.083925+00:00,GET /workflows/{id},GET,200,21.877,True
2026-09-28T15:50:56.077293+00:00,GET /runs/{id}/logs,GET,200,29.058,True
2026-09-28T15:50:56.089934+00:00,GET /workflows/{id},GET,200,18.694,True
2026-09-28T15:50:56.109071+00:00,GET /health,GET,200,4.830,True
2026-09-28T15:50:56.030157+00:00,PUT /workflows/{id},PUT,200,86.719,True
2026-09-28T15:50:56.094434+00:00,POST /workflows/{id}/validate,POST,200,27.377,True
2026-09-28T15:50:56.103553+00:00,GET /runs/{id}/logs,GET,200,29.840,True
2026-09-28T15:50:56.105707+00:00,GET /runs/{id},GET,200,27.260,True
2026-09-28T15:50:56.106708+00:00,GET /runs/{id}/logs,GET,200,30.126,True
2026-09-28T15:50:56.052686+00:00,PUT /workflows/{id},PUT,200,84.151,True
2026-09-28T15:50:56.105707+00:00,GET /workflows,GET,200,32.875,True
2026-09-28T15:50:56.122925+00:00,GET /workflows/{id},GET,200,17.059,True
2026-09-28T15:50:56.132940+00:00,GET /health,GET,200,6.398,True
2026-09-28T15:50:56.113572+00:00,GET /runs/{id}/logs,GET,200,27.470,True
2026-09-28T15:50:56.132940+00:00,GET /runs/{id},GET,200,21.767,True
2026-09-28T15:50:56.136935+00:00,GET /workflows/{id},GET,200,17.560,True
2026-09-28T15:50:56.138927+00:00,GET /runs/{id}/logs,GET,200,21.428,True
2026-09-28T15:50:56.139926+00:00,GET /runs/{id},GET,200,20.923,True
2026-09-28T15:50:56.139926+00:00,GET /runs/{id}/logs,GET,200,24.188,True
2026-09-28T15:50:56.140926+00:00,GET /workflows,GET,200,25.968,True
2026-09-28T15:50:56.159721+00:00,GET /workflows/{id},GET,200,18.300,True
2026-09-28T15:50:56.154633+00:00,GET /runs/{id},GET,200,26.295,True
2026-09-28T15:50:56.154633+00:00,GET /runs/{id}/logs,GET,200,28.703,True
2026-09-28T15:50:56.159721+00:00,GET /runs/{id},GET,200,26.208,True
2026-09-28T15:50:56.167155+00:00,GET /workflows/{id},GET,200,19.923,True
2026-09-28T15:50:56.164162+00:00,GET /runs/{id},GET,200,23.440,True
2026-09-28T15:50:56.116061+00:00,PUT /workflows/{id},PUT,200,81.099,True
2026-09-28T15:50:56.178154+00:00,GET /runs/{id},GET,200,29.013,True
2026-09-28T15:50:56.186701+00:00,GET /agents/catalog,GET,200,21.843,True
2026-09-28T15:50:56.183175+00:00,GET /runs/{id}/logs,GET,200,28.224,True
2026-09-28T15:50:56.181154+00:00,GET /runs/{id}/logs,GET,200,33.958,True
2026-09-28T15:50:56.197446+00:00,GET /workflows/{id},GET,200,20.820,True
2026-09-28T15:50:56.136935+00:00,PUT /workflows/{id},PUT,200,82.148,True
2026-09-28T15:50:56.187704+00:00,GET /runs/{id},GET,200,35.755,True
2026-09-28T15:50:56.207706+00:00,GET /runs/{id},GET,200,28.023,True
2026-09-28T15:50:56.212144+00:00,GET /workflows,GET,200,27.443,True
2026-09-28T15:50:56.214779+00:00,GET /runs/{id},GET,200,28.925,True
2026-09-28T15:50:56.207706+00:00,GET /workflows,GET,200,38.826,True
2026-09-28T15:50:56.239498+00:00,GET /health,GET,200,7.543,True
2026-09-28T15:50:56.218135+00:00,GET /runs/{id},GET,200,31.187,True
2026-09-28T15:50:56.219444+00:00,GET /workflows,GET,200,31.236,True
2026-09-28T15:50:56.243500+00:00,GET /health,GET,200,6.983,True
2026-09-28T15:50:56.223201+00:00,GET /workflows,GET,200,30.994,True
2026-09-28T15:50:56.249506+00:00,GET /health,GET,200,5.874,True
2026-09-28T15:50:56.187704+00:00,PUT /workflows/{id},PUT,200,73.464,True
2026-09-28T15:50:56.246497+00:00,GET /workflows/{id},GET,200,15.687,True
2026-09-28T15:50:56.246497+00:00,GET /runs/{id}/logs,GET,200,18.944,True
2026-09-28T15:50:56.254498+00:00,GET /agents/catalog,GET,200,15.568,True
2026-09-28T15:50:56.250499+00:00,GET /workflows,GET,200,23.386,True
2026-09-28T15:50:56.255500+00:00,GET /runs/{id}/logs,GET,200,18.973,True
2026-09-28T15:50:56.273229+00:00,GET /health,GET,200,4.222,True
2026-09-28T15:50:56.260514+00:00,GET /workflows,GET,200,17.841,True
2026-09-28T15:50:56.265513+00:00,GET /runs/{id},GET,200,14.074,True
2026-09-28T15:50:56.279425+00:00,GET /health,GET,200,1.805,True
2026-09-28T15:50:56.274904+00:00,GET /workflows/{id},GET,200,7.911,True
2026-09-28T15:50:56.278425+00:00,GET /agents/catalog,GET,200,10.588,True
2026-09-28T15:50:56.278425+00:00,GET /runs/{id},GET,200,12.730,True
2026-09-28T15:50:56.288585+00:00,GET /health,GET,200,4.501,True
2026-09-28T15:50:56.282433+00:00,GET /runs/{id},GET,200,17.540,True
2026-09-28T15:50:56.281435+00:00,GET /runs/{id},GET,200,19.222,True
2026-09-28T15:50:56.291375+00:00,GET /workflows,GET,200,28.532,True
2026-09-28T15:50:56.236814+00:00,PUT /workflows/{id},PUT,200,83.509,True
2026-09-28T15:50:56.293339+00:00,GET /runs/{id},GET,200,26.709,True
2026-09-28T15:50:56.300237+00:00,POST /workflows/{id}/validate,POST,200,27.643,True
2026-09-28T15:50:56.300237+00:00,GET /runs/{id},GET,200,27.995,True
2026-09-28T15:50:56.250499+00:00,PUT /workflows/{id},PUT,200,83.228,True
2026-09-28T15:50:56.333338+00:00,GET /health,GET,200,4.870,True
2026-09-28T15:50:56.269713+00:00,PUT /workflows/{id},PUT,500,82.351,False
2026-09-28T15:50:56.319437+00:00,GET /runs/{id}/logs,GET,200,31.998,True
2026-09-28T15:50:56.328338+00:00,GET /runs/{id}/logs,GET,200,24.468,True
2026-09-28T15:50:56.319437+00:00,GET /runs/{id},GET,200,33.785,True
2026-09-28T15:50:56.262500+00:00,PUT /workflows/{id},PUT,200,91.286,True
2026-09-28T15:50:56.327271+00:00,GET /workflows,GET,200,26.154,True
2026-09-28T15:50:56.338667+00:00,POST /workflows/{id}/validate,POST,200,21.208,True
2026-09-28T15:50:56.354337+00:00,GET /health,GET,200,8.599,True
2026-09-28T15:50:56.352331+00:00,GET /health,GET,200,11.487,True
2026-09-28T15:50:56.352331+00:00,GET /workflows/{id},GET,200,19.976,True
2026-09-28T15:50:56.352331+00:00,GET /runs/{id},GET,200,24.209,True
2026-09-28T15:50:56.376456+00:00,GET /health,GET,200,3.670,True
2026-09-28T15:50:56.353337+00:00,GET /workflows,GET,200,30.157,True
2026-09-28T15:50:56.353337+00:00,GET /workflows,GET,200,30.827,True
2026-09-28T15:50:56.358588+00:00,POST /workflows/{id}/validate,POST,200,25.478,True
2026-09-28T15:50:56.362763+00:00,GET /workflows,GET,200,25.130,True
2026-09-28T15:50:56.372820+00:00,GET /runs/{id},GET,200,23.958,True
2026-09-28T15:50:56.380235+00:00,GET /runs/{id}/logs,GET,200,23.763,True
2026-09-28T15:50:56.385453+00:00,GET /runs/{id},GET,200,22.878,True
2026-09-28T15:50:56.384919+00:00,GET /runs/{id},GET,200,23.675,True
2026-09-28T15:50:56.388618+00:00,GET /runs/{id}/logs,GET,200,21.197,True
2026-09-28T15:50:56.320914+00:00,PUT /workflows/{id},PUT,200,89.612,True
2026-09-28T15:50:56.396568+00:00,GET /workflows/{id},GET,200,16.730,True
2026-09-28T15:50:56.408411+00:00,GET /agents/catalog,GET,200,16.699,True
2026-09-28T15:50:56.408411+00:00,GET /runs/{id},GET,200,22.554,True
2026-09-28T15:50:56.404272+00:00,GET /runs/{id},GET,200,27.295,True
2026-09-28T15:50:56.409419+00:00,GET /runs/{id},GET,200,23.702,True
2026-09-28T15:50:56.413886+00:00,GET /workflows,GET,200,23.498,True
2026-09-28T15:50:56.362763+00:00,PUT /workflows/{id},PUT,200,81.791,True
2026-09-28T15:50:56.424823+00:00,GET /runs/{id}/logs,GET,200,20.301,True
2026-09-28T15:50:56.430825+00:00,GET /runs/{id},GET,200,29.143,True
2026-09-28T15:50:56.430825+00:00,GET /runs/{id}/logs,GET,200,30.379,True
2026-09-28T15:50:56.433824+00:00,GET /runs/{id},GET,200,30.299,True
2026-09-28T15:50:56.436831+00:00,GET /runs/{id}/logs,GET,200,27.675,True
2026-09-28T15:50:56.384396+00:00,PUT /workflows/{id},PUT,200,83.644,True
2026-09-28T15:50:56.444823+00:00,POST /workflows/{id}/validate,POST,200,28.054,True
2026-09-28T15:50:56.444823+00:00,GET /workflows,GET,200,35.073,True
2026-09-28T15:50:56.464367+00:00,GET /workflows/{id},GET,200,25.460,True
2026-09-28T15:50:56.459369+00:00,GET /workflows,GET,200,32.971,True
2026-09-28T15:50:56.409419+00:00,PUT /workflows/{id},PUT,200,83.648,True
2026-09-28T15:50:56.467369+00:00,GET /workflows/{id},GET,200,28.936,True
2026-09-28T15:50:56.464367+00:00,GET /runs/{id},GET,200,32.265,True
2026-09-28T15:50:56.461367+00:00,GET /runs/{id}/logs,GET,200,35.890,True
2026-09-28T15:50:56.479641+00:00,GET /workflows/{id},GET,200,20.367,True
2026-09-28T15:50:56.473368+00:00,GET /workflows,GET,200,26.975,True
2026-09-28T15:50:56.497327+00:00,GET /health,GET,200,6.945,True
2026-09-28T15:50:56.497327+00:00,GET /workflows/{id},GET,200,22.665,True
2026-09-28T15:50:56.489883+00:00,GET /runs/{id}/logs,GET,200,32.093,True
2026-09-28T15:50:56.499478+00:00,GET /workflows/{id},GET,200,23.214,True
2026-09-28T15:50:56.503853+00:00,GET /workflows/{id},GET,200,21.624,True
2026-09-28T15:50:56.495889+00:00,GET /runs/{id},GET,200,30.765,True
2026-09-28T15:50:56.492976+00:00,GET /workflows,GET,200,34.795,True
2026-09-28T15:50:56.518963+00:00,GET /health,GET,200,7.970,True
2026-09-28T15:50:56.499478+00:00,POST /workflows/{id}/validate,POST,200,27.983,True
2026-09-28T15:50:56.493488+00:00,GET /runs/{id},GET,200,35.131,True
2026-09-28T15:50:56.526200+00:00,GET /runs/{id},GET,200,15.317,True
2026-09-28T15:50:56.527200+00:00,GET /agents/catalog,GET,200,15.198,True
2026-09-28T15:50:56.527200+00:00,GET /runs/{id}/logs,GET,200,17.726,True
2026-09-28T15:50:56.522172+00:00,GET /workflows,GET,200,23.976,True
2026-09-28T15:50:56.528200+00:00,GET /workflows,GET,200,17.591,True
2026-09-28T15:50:56.541725+00:00,POST /workflows/{id}/validate,POST,200,11.666,True
2026-09-28T15:50:56.545731+00:00,GET /workflows/{id},GET,200,9.364,True
2026-09-28T15:50:56.554732+00:00,GET /health,GET,200,2.917,True
2026-09-28T15:50:56.542732+00:00,GET /runs/{id}/logs,GET,200,16.115,True
2026-09-28T15:50:56.544731+00:00,GET /runs/{id}/logs,GET,200,13.863,True
2026-09-28T15:50:56.552753+00:00,GET /workflows,GET,200,13.467,True
2026-09-28T15:50:56.558777+00:00,GET /workflows/{id},GET,200,8.268,True
2026-09-28T15:50:56.558777+00:00,GET /workflows/{id},GET,200,8.612,True
2026-09-28T15:50:56.557787+00:00,GET /runs/{id},GET,200,14.327,True
2026-09-28T15:50:56.567928+00:00,GET /workflows/{id},GET,200,12.319,True
2026-09-28T15:50:56.566930+00:00,GET /workflows,GET,200,23.138,True
2026-09-28T15:50:56.566930+00:00,GET /runs/{id}/logs,GET,200,23.219,True
2026-09-28T15:50:56.572927+00:00,GET /workflows,GET,200,24.607,True
2026-09-28T15:50:56.579929+00:00,GET /runs/{id},GET,200,24.991,True
2026-09-28T15:50:56.528200+00:00,PUT /workflows/{id},PUT,500,89.342,False
2026-09-28T15:50:56.527200+00:00,PUT /workflows/{id},PUT,500,96.389,False
2026-09-28T15:50:56.589396+00:00,GET /runs/{id}/logs,GET,200,34.919,True
2026-09-28T15:50:56.590396+00:00,GET /workflows,GET,200,34.841,True
2026-09-28T15:50:56.523200+00:00,PUT /workflows/{id},PUT,200,102.299,True
2026-09-28T15:50:56.604399+00:00,GET /workflows/{id},GET,200,21.520,True
2026-09-28T15:50:56.545731+00:00,PUT /workflows/{id},PUT,200,82.810,True
2026-09-28T15:50:56.624700+00:00,GET /health,GET,200,5.263,True
2026-09-28T15:50:56.616954+00:00,GET /workflows,GET,200,29.653,True
2026-09-28T15:50:56.623704+00:00,GET /runs/{id}/logs,GET,200,23.014,True
2026-09-28T15:50:56.624700+00:00,GET /runs/{id},GET,200,22.664,True
2026-09-28T15:50:56.625862+00:00,GET /workflows,GET,200,22.074,True
2026-09-28T15:50:56.629381+00:00,GET /runs/{id},GET,200,19.264,True
2026-09-28T15:50:56.647912+00:00,GET /workflows/{id},GET,200,14.214,True
2026-09-28T15:50:56.646472+00:00,GET /workflows/{id},GET,200,20.454,True
2026-09-28T15:50:56.646472+00:00,GET /runs/{id},GET,200,20.940,True
2026-09-28T15:50:56.646472+00:00,GET /runs/{id}/logs,GET,200,23.737,True
2026-09-28T15:50:56.647912+00:00,GET /runs/{id}/logs,GET,200,22.857,True
2026-09-28T15:50:56.596693+00:00,PUT /workflows/{id},PUT,200,77.731,True
2026-09-28T15:50:56.667449+00:00,GET /runs/{id}/logs,GET,200,22.519,True
2026-09-28T15:50:56.662225+00:00,GET /workflows,GET,200,29.119,True
2026-09-28T15:50:56.670879+00:00,GET /workflows/{id},GET,200,24.039,True
2026-09-28T15:50:56.667449+00:00,GET /runs/{id},GET,200,28.084,True
2026-09-28T15:50:56.670879+00:00,POST /workflows/{id}/validate,POST,200,27.007,True
2026-09-28T15:50:56.626450+00:00,PUT /workflows/{id},PUT,200,86.042,True
2026-09-28T15:50:56.673887+00:00,GET /runs/{id},GET,200,37.850,True
2026-09-28T15:50:56.690811+00:00,GET /workflows/{id},GET,200,25.056,True
2026-09-28T15:50:56.695032+00:00,GET /workflows/{id},GET,200,26.124,True
2026-09-28T15:50:56.690811+00:00,GET /workflows,GET,200,32.663,True
2026-09-28T15:50:56.630387+00:00,PUT /workflows/{id},PUT,200,96.514,True
2026-09-28T15:50:56.697967+00:00,GET /workflows,GET,200,31.682,True
2026-09-28T15:50:56.695032+00:00,GET /runs/{id},GET,200,34.533,True
2026-09-28T15:50:56.716325+00:00,GET /workflows/{id},GET,200,21.151,True
2026-09-28T15:50:56.723099+00:00,GET /workflows/{id},GET,200,16.865,True
2026-09-28T15:50:56.713164+00:00,GET /workflows,GET,200,35.558,True
2026-09-28T15:50:56.711621+00:00,GET /workflows,GET,200,35.935,True
2026-09-28T15:50:56.729804+00:00,GET /agents/catalog,GET,200,19.189,True
2026-09-28T15:50:56.729804+00:00,GET /agents/catalog,GET,200,23.033,True
2026-09-28T15:50:56.726762+00:00,GET /runs/{id},GET,200,29.345,True
2026-09-28T15:50:56.721093+00:00,GET /workflows,GET,200,35.963,True
2026-09-28T15:50:56.737913+00:00,GET /runs/{id}/logs,GET,200,24.610,True
2026-09-28T15:50:56.739929+00:00,GET /runs/{id},GET,200,26.223,True
2026-09-28T15:50:56.747930+00:00,GET /workflows/{id},GET,200,20.649,True
2026-09-28T15:50:56.752928+00:00,GET /workflows/{id},GET,200,20.996,True
2026-09-28T15:50:56.748950+00:00,GET /runs/{id}/logs,GET,200,25.945,True
2026-09-28T15:50:56.762060+00:00,GET /workflows/{id},GET,200,17.960,True
2026-09-28T15:50:56.755942+00:00,GET /runs/{id},GET,200,23.872,True
2026-09-28T15:50:56.756937+00:00,GET /runs/{id}/logs,GET,200,25.417,True
2026-09-28T15:50:56.769237+00:00,GET /runs/{id}/logs,GET,200,20.496,True
2026-09-28T15:50:56.766221+00:00,GET /runs/{id},GET,200,29.270,True
2026-09-28T15:50:56.773234+00:00,GET /workflows,GET,200,24.721,True
2026-09-28T15:50:56.775229+00:00,POST /workflows/{id}/validate,POST,200,23.427,True
2026-09-28T15:50:56.780236+00:00,GET /workflows,GET,200,23.929,True
2026-09-28T15:50:56.783228+00:00,GET /runs/{id},GET,200,27.055,True
2026-09-28T15:50:56.795567+00:00,GET /runs/{id}/logs,GET,200,24.584,True
2026-09-28T15:50:56.789733+00:00,GET /runs/{id}/logs,GET,200,34.381,True
2026-09-28T15:50:56.798276+00:00,GET /runs/{id}/logs,GET,200,28.591,True
2026-09-28T15:50:56.798276+00:00,GET /workflows,GET,200,31.222,True
2026-09-28T15:50:56.809900+00:00,GET /workflows/{id},GET,200,20.307,True
2026-09-28T15:50:56.747930+00:00,PUT /workflows/{id},PUT,200,82.263,True
2026-09-28T15:50:56.819425+00:00,GET /workflows/{id},GET,200,21.130,True
2026-09-28T15:50:56.803297+00:00,GET /workflows,GET,200,37.625,True
2026-09-28T15:50:56.826927+00:00,GET /workflows/{id},GET,200,23.948,True
2026-09-28T15:50:56.829906+00:00,POST /workflows/{id}/validate,POST,200,26.419,True
2026-09-28T15:50:56.823918+00:00,GET /workflows,GET,200,35.644,True
2026-09-28T15:50:56.830906+00:00,GET /runs/{id},GET,200,31.901,True
2026-09-28T15:50:56.841987+00:00,GET /workflows/{id},GET,200,21.358,True
2026-09-28T15:50:56.829906+00:00,GET /workflows,GET,200,35.418,True
2026-09-28T15:50:56.851230+00:00,GET /workflows/{id},GET,200,17.476,True
2026-09-28T15:50:56.780236+00:00,PUT /workflows/{id},PUT,200,90.556,True
2026-09-28T15:50:56.841987+00:00,GET /runs/{id}/logs,GET,200,30.790,True
2026-09-28T15:50:56.855966+00:00,GET /workflows/{id},GET,200,19.690,True
2026-09-28T15:50:56.859709+00:00,GET /workflows/{id},GET,200,19.051,True
2026-09-28T15:50:56.862838+00:00,GET /workflows/{id},GET,200,21.547,True
2026-09-28T15:50:56.865427+00:00,GET /workflows/{id},GET,200,18.766,True
2026-09-28T15:50:56.874937+00:00,GET /workflows/{id},GET,200,15.280,True
2026-09-28T15:50:56.863378+00:00,GET /runs/{id}/logs,GET,200,28.179,True
2026-09-28T15:50:56.870937+00:00,GET /workflows/{id},GET,200,21.227,True
2026-09-28T15:50:56.891488+00:00,GET /health,GET,200,7.270,True
2026-09-28T15:50:56.872937+00:00,GET /runs/{id},GET,200,26.218,True
2026-09-28T15:50:56.883781+00:00,GET /workflows/{id},GET,200,17.454,True
2026-09-28T15:50:56.878689+00:00,GET /runs/{id},GET,200,25.168,True
2026-09-28T15:50:56.884780+00:00,GET /runs/{id}/logs,GET,200,21.570,True
2026-09-28T15:50:56.890480+00:00,GET /workflows/{id},GET,200,17.525,True
2026-09-28T15:50:56.903687+00:00,GET /health,GET,200,6.116,True
2026-09-28T15:50:56.908508+00:00,GET /health,GET,200,4.240,True
2026-09-28T15:50:56.891488+00:00,GET /runs/{id}/logs,GET,200,21.240,True
2026-09-28T15:50:56.912180+00:00,GET /health,GET,200,4.275,True
2026-09-28T15:50:56.898677+00:00,GET /runs/{id}/logs,GET,200,21.764,True
2026-09-28T15:50:56.906345+00:00,GET /runs/{id},GET,200,21.509,True
2026-09-28T15:50:56.900942+00:00,GET /runs/{id},GET,200,25.971,True
2026-09-28T15:50:56.912180+00:00,GET /workflows/{id},GET,200,18.316,True
2026-09-28T15:50:56.917105+00:00,GET /workflows/{id},GET,200,15.482,True
2026-09-28T15:50:56.920278+00:00,GET /agents/catalog,GET,200,16.467,True
2026-09-28T15:50:56.868944+00:00,PUT /workflows/{id},PUT,200,74.059,True
2026-09-28T15:50:56.927676+00:00,GET /runs/{id},GET,200,20.967,True
2026-09-28T15:50:56.927676+00:00,GET /runs/{id},GET,200,21.163,True
2026-09-28T15:50:56.942191+00:00,GET /health,GET,200,6.206,True
2026-09-28T15:50:56.930678+00:00,GET /runs/{id},GET,200,20.741,True
2026-09-28T15:50:56.932684+00:00,GET /workflows,GET,200,20.349,True
2026-09-28T15:50:56.948726+00:00,GET /health,GET,200,6.202,True
2026-09-28T15:50:56.936697+00:00,GET /runs/{id}/logs,GET,200,23.128,True
2026-09-28T15:50:56.953415+00:00,GET /agents/catalog,GET,200,20.729,True
2026-09-28T15:50:56.948726+00:00,GET /runs/{id},GET,200,30.382,True
2026-09-28T15:50:56.948726+00:00,GET /runs/{id},GET,200,30.138,True
2026-09-28T15:50:56.898677+00:00,PUT /workflows/{id},PUT,200,80.677,True
2026-09-28T15:50:56.951738+00:00,GET /workflows,GET,200,29.440,True
2026-09-28T15:50:56.909508+00:00,PUT /workflows/{id},PUT,500,76.473,False
2026-09-28T15:50:56.955415+00:00,GET /runs/{id},GET,200,33.556,True
2026-09-28T15:50:56.959496+00:00,POST /workflows/{id}/validate,POST,200,28.963,True
2026-09-28T15:50:56.979206+00:00,GET /runs/{id},GET,200,23.350,True
2026-09-28T15:50:56.979206+00:00,GET /runs/{id},GET,200,25.217,True
2026-09-28T15:50:57.004512+00:00,GET /health,GET,200,4.896,True
2026-09-28T15:50:56.973487+00:00,GET /runs/{id},GET,200,35.342,True
2026-09-28T15:50:56.979206+00:00,GET /runs/{id}/logs,GET,200,30.416,True
2026-09-28T15:50:56.987921+00:00,GET /runs/{id},GET,200,24.628,True
2026-09-28T15:50:57.008409+00:00,GET /health,GET,200,5.119,True
2026-09-28T15:50:57.002390+00:00,GET /runs/{id}/logs,GET,200,19.698,True
2026-09-28T15:50:56.986211+00:00,GET /workflows,GET,200,37.196,True
2026-09-28T15:50:57.013024+00:00,GET /workflows/{id},GET,200,16.084,True
2026-09-28T15:50:57.009520+00:00,GET /workflows/{id},GET,200,19.947,True
2026-09-28T15:50:57.009520+00:00,GET /runs/{id},GET,200,21.478,True
2026-09-28T15:50:57.014519+00:00,GET /runs/{id},GET,200,21.010,True
2026-09-28T15:50:57.035312+00:00,GET /health,GET,200,5.212,True
2026-09-28T15:50:57.030306+00:00,GET /workflows/{id},GET,200,19.066,True
2026-09-28T15:50:57.021802+00:00,GET /workflows,GET,200,27.991,True
2026-09-28T15:50:57.030306+00:00,GET /runs/{id},GET,200,23.435,True
2026-09-28T15:50:57.029306+00:00,GET /runs/{id},GET,200,27.039,True
2026-09-28T15:50:57.040311+00:00,GET /workflows/{id},GET,200,17.145,True
2026-09-28T15:50:56.989097+00:00,PUT /workflows/{id},PUT,500,74.477,False
2026-09-28T15:50:56.981621+00:00,PUT /workflows/{id},PUT,200,82.230,True
2026-09-28T15:50:57.049874+00:00,GET /workflows/{id},GET,200,14.020,True
2026-09-28T15:50:57.054106+00:00,GET /runs/{id}/logs,GET,200,25.252,True
2026-09-28T15:50:57.064207+00:00,GET /workflows/{id},GET,200,16.413,True
2026-09-28T15:50:57.056107+00:00,GET /runs/{id},GET,200,24.642,True
2026-09-28T15:50:57.057106+00:00,GET /runs/{id},GET,200,26.683,True
2026-09-28T15:50:57.063224+00:00,POST /workflows/{id}/validate,POST,200,23.817,True
2026-09-28T15:50:57.080974+00:00,POST /workflows/{id}/validate,POST,200,23.189,True
2026-09-28T15:50:57.086974+00:00,GET /runs/{id}/logs,GET,200,17.594,True
2026-09-28T15:50:57.022949+00:00,PUT /workflows/{id},PUT,200,88.499,True
2026-09-28T15:50:57.063224+00:00,PUT /workflows/{id},PUT,500,48.963,False
2026-09-28T15:50:57.083973+00:00,GET /workflows,GET,200,28.453,True
2026-09-28T15:50:57.079974+00:00,GET /runs/{id},GET,200,33.954,True
2026-09-28T15:50:57.112342+00:00,GET /health,GET,200,5.479,True
2026-09-28T15:50:57.104243+00:00,GET /runs/{id}/logs,GET,200,19.655,True
2026-09-28T15:50:57.049339+00:00,PUT /workflows/{id},PUT,200,80.886,True
2026-09-28T15:50:57.112342+00:00,GET /workflows,GET,200,25.005,True
2026-09-28T15:50:57.113339+00:00,GET /workflows,GET,200,25.471,True
2026-09-28T15:50:57.117833+00:00,GET /runs/{id}/logs,GET,200,21.901,True
2026-09-28T15:50:57.124318+00:00,GET /runs/{id},GET,200,25.389,True
2026-09-28T15:50:57.129936+00:00,GET /agents/catalog,GET,200,23.654,True
2026-09-28T15:50:57.080974+00:00,PUT /workflows/{id},PUT,200,82.610,True
2026-09-28T15:50:57.138939+00:00,GET /workflows,GET,200,34.648,True
2026-09-28T15:50:57.136937+00:00,GET /workflows,GET,200,37.378,True
2026-09-28T15:50:57.138939+00:00,GET /workflows,GET,200,41.253,True
2026-09-28T15:50:57.150089+00:00,POST /workflows/{id}/validate,POST,200,34.375,True
2026-09-28T15:50:57.153091+00:00,GET /workflows/{id},GET,200,31.485,True
2026-09-28T15:50:57.174034+00:00,GET /workflows/{id},GET,200,22.284,True
2026-09-28T15:50:57.163479+00:00,GET /workflows,GET,200,34.490,True
2026-09-28T15:50:57.104243+00:00,PUT /workflows/{id},PUT,200,98.134,True
2026-09-28T15:50:57.180046+00:00,GET /workflows/{id},GET,200,27.655,True
2026-09-28T15:50:57.112342+00:00,PUT /workflows/{id},PUT,500,95.919,False
2026-09-28T15:50:57.175034+00:00,GET /workflows,GET,200,34.271,True
2026-09-28T15:50:57.184034+00:00,GET /runs/{id}/logs,GET,200,26.564,True
2026-09-28T15:50:57.197916+00:00,GET /runs/{id}/logs,GET,200,33.843,True
2026-09-28T15:50:57.196728+00:00,GET /runs/{id},GET,200,36.782,True
2026-09-28T15:50:57.208597+00:00,GET /runs/{id},GET,200,31.263,True
2026-09-28T15:50:57.207214+00:00,GET /runs/{id}/logs,GET,200,33.505,True
2026-09-28T15:50:57.208597+00:00,GET /runs/{id},GET,200,36.075,True
2026-09-28T15:50:57.210753+00:00,GET /runs/{id}/logs,GET,200,34.551,True
2026-09-28T15:50:57.201764+00:00,GET /workflows,GET,200,43.407,True
2026-09-28T15:50:57.231929+00:00,GET /workflows/{id},GET,200,25.079,True
2026-09-28T15:50:57.241622+00:00,GET /runs/{id},GET,200,32.905,True
2026-09-28T15:50:57.185032+00:00,PUT /workflows/{id},PUT,200,89.523,True
2026-09-28T15:50:57.240624+00:00,GET /runs/{id},GET,200,37.323,True
2026-09-28T15:50:57.233519+00:00,GET /runs/{id}/logs,GET,200,44.488,True
2026-09-28T15:50:57.245933+00:00,GET /workflows,GET,200,36.183,True
2026-09-28T15:50:57.244937+00:00,GET /workflows,GET,200,37.583,True
2026-09-28T15:50:57.245933+00:00,GET /workflows,GET,200,37.971,True
2026-09-28T15:50:57.256664+00:00,GET /workflows/{id},GET,200,27.332,True
2026-09-28T15:50:57.278013+00:00,GET /runs/{id},GET,200,31.071,True
2026-09-28T15:50:57.283796+00:00,GET /workflows/{id},GET,200,26.076,True
2026-09-28T15:50:57.277481+00:00,GET /workflows,GET,200,36.188,True
2026-09-28T15:50:57.274796+00:00,GET /workflows,GET,200,39.952,True
2026-09-28T15:50:57.282744+00:00,POST /workflows/{id}/validate,POST,200,33.003,True
2026-09-28T15:50:57.284316+00:00,GET /runs/{id}/logs,GET,200,31.817,True
2026-09-28T15:50:57.282224+00:00,GET /runs/{id},GET,200,34.232,True
2026-09-28T15:50:57.309854+00:00,GET /health,GET,200,7.807,True
2026-09-28T15:50:57.316209+00:00,GET /health,GET,200,6.253,True
2026-09-28T15:50:57.274796+00:00,PUT /workflows/{id},PUT,200,53.378,True
2026-09-28T15:50:57.308783+00:00,GET /runs/{id},GET,200,40.432,True
2026-09-28T15:50:57.314628+00:00,GET /workflows,GET,200,35.101,True
2026-09-28T15:50:57.315686+00:00,GET /runs/{id},GET,200,35.108,True
2026-09-28T15:50:57.316209+00:00,GET /workflows,GET,200,36.208,True
2026-09-28T15:50:57.317788+00:00,GET /runs/{id}/logs,GET,200,35.083,True
2026-09-28T15:50:57.322524+00:00,GET /workflows/{id},GET,200,32.637,True
2026-09-28T15:50:57.314101+00:00,GET /workflows,GET,200,41.538,True
2026-09-28T15:50:57.349426+00:00,GET /health,GET,200,6.788,True
2026-09-28T15:50:57.328417+00:00,GET /runs/{id},GET,200,29.689,True
2026-09-28T15:50:57.352432+00:00,GET /workflows/{id},GET,200,19.858,True
2026-09-28T15:50:57.349426+00:00,GET /workflows/{id},GET,200,22.974,True
2026-09-28T15:50:57.352432+00:00,POST /workflows/{id}/validate,POST,200,25.145,True
2026-09-28T15:50:57.350427+00:00,GET /runs/{id},GET,200,27.759,True
2026-09-28T15:50:57.357425+00:00,GET /runs/{id},GET,200,21.143,True
2026-09-28T15:50:57.355426+00:00,GET /workflows,GET,200,24.343,True
2026-09-28T15:50:57.356426+00:00,GET /runs/{id}/logs,GET,200,29.256,True
2026-09-28T15:50:57.377773+00:00,GET /workflows/{id},GET,200,15.235,True
2026-09-28T15:50:57.379759+00:00,POST /workflows/{id}/validate,POST,200,15.700,True
2026-09-28T15:50:57.372769+00:00,GET /runs/{id},GET,200,23.103,True
2026-09-28T15:50:57.371759+00:00,GET /runs/{id}/logs,GET,200,24.496,True
2026-09-28T15:50:57.384757+00:00,GET /runs/{id}/logs,GET,200,18.258,True
2026-09-28T15:50:57.394812+00:00,GET /runs/{id},GET,200,19.788,True
2026-09-28T15:50:57.395824+00:00,GET /workflows/{id},GET,200,19.601,True
2026-09-28T15:50:57.392760+00:00,GET /runs/{id},GET,200,23.921,True
2026-09-28T15:50:57.396819+00:00,GET /runs/{id},GET,200,23.891,True
2026-09-28T15:50:57.415464+00:00,GET /health,GET,200,6.035,True
2026-09-28T15:50:57.403555+00:00,GET /runs/{id}/logs,GET,200,26.416,True
2026-09-28T15:50:57.413983+00:00,GET /runs/{id},GET,200,21.658,True
2026-09-28T15:50:57.355426+00:00,PUT /workflows/{id},PUT,200,90.532,True
2026-09-28T15:50:57.420482+00:00,POST /workflows/{id}/validate,POST,200,25.220,True
2026-09-28T15:50:57.416959+00:00,GET /runs/{id},GET,200,32.540,True
2026-09-28T15:50:57.420482+00:00,GET /runs/{id}/logs,GET,200,30.062,True
2026-09-28T15:50:57.450739+00:00,GET /health,GET,200,6.062,True
2026-09-28T15:50:57.430419+00:00,GET /runs/{id}/logs,GET,200,31.917,True
2026-09-28T15:50:57.377773+00:00,PUT /workflows/{id},PUT,200,83.838,True
2026-09-28T15:50:57.436627+00:00,GET /runs/{id},GET,200,32.447,True
2026-09-28T15:50:57.378768+00:00,PUT /workflows/{id},PUT,500,90.613,False
2026-09-28T15:50:57.446741+00:00,GET /workflows/{id},GET,200,24.297,True
2026-09-28T15:50:57.445739+00:00,GET /runs/{id}/logs,GET,200,25.352,True
2026-09-28T15:50:57.456250+00:00,GET /runs/{id}/logs,GET,200,26.525,True
2026-09-28T15:50:57.461395+00:00,GET /runs/{id},GET,200,36.091,True
2026-09-28T15:50:57.462394+00:00,GET /runs/{id},GET,200,36.213,True
2026-09-28T15:50:57.469041+00:00,GET /runs/{id},GET,200,33.550,True
2026-09-28T15:50:57.469041+00:00,GET /runs/{id},GET,200,34.761,True
2026-09-28T15:50:57.471040+00:00,GET /workflows,GET,200,33.088,True
2026-09-28T15:50:57.471040+00:00,GET /runs/{id},GET,200,33.954,True
2026-09-28T15:50:57.482630+00:00,GET /runs/{id},GET,200,26.235,True
2026-09-28T15:50:57.504006+00:00,GET /health,GET,200,8.586,True
2026-09-28T15:50:57.498204+00:00,GET /runs/{id}/logs,GET,200,34.270,True
2026-09-28T15:50:57.498204+00:00,GET /runs/{id},GET,200,35.002,True
2026-09-28T15:50:57.504951+00:00,GET /runs/{id}/logs,GET,200,32.067,True
2026-09-28T15:50:57.508633+00:00,GET /runs/{id}/logs,GET,200,32.230,True
2026-09-28T15:50:57.504006+00:00,GET /workflows,GET,200,38.806,True
2026-09-28T15:50:57.512483+00:00,GET /workflows/{id},GET,200,31.055,True
2026-09-28T15:50:57.449740+00:00,PUT /workflows/{id},PUT,200,95.473,True
2026-09-28T15:50:57.502582+00:00,GET /workflows,GET,200,42.816,True
2026-09-28T15:50:57.543302+00:00,GET /health,GET,200,7.143,True
2026-09-28T15:50:57.533303+00:00,POST /workflows/{id}/validate,POST,200,25.077,True
2026-09-28T15:50:57.532303+00:00,GET /runs/{id},GET,200,30.894,True
2026-09-28T15:50:57.536303+00:00,GET /runs/{id}/logs,GET,200,27.023,True
2026-09-28T15:50:57.557436+00:00,GET /health,GET,200,6.372,True
2026-09-28T15:50:57.541301+00:00,GET /runs/{id},GET,200,26.640,True
2026-09-28T15:50:57.545307+00:00,GET /runs/{id}/logs,GET,200,23.194,True
2026-09-28T15:50:57.543302+00:00,GET /runs/{id},GET,200,25.937,True
2026-09-28T15:50:57.545307+00:00,GET /workflows/{id},GET,200,25.488,True
2026-09-28T15:50:57.567949+00:00,GET /workflows/{id},GET,200,10.927,True
2026-09-28T15:50:57.564949+00:00,GET /runs/{id}/logs,GET,200,17.678,True
2026-09-28T15:50:57.563949+00:00,GET /workflows,GET,200,19.296,True
2026-09-28T15:50:57.569434+00:00,GET /runs/{id}/logs,GET,200,14.383,True
2026-09-28T15:50:57.579091+00:00,GET /runs/{id}/logs,GET,200,14.217,True
2026-09-28T15:50:57.584092+00:00,GET /workflows/{id},GET,200,10.395,True
2026-09-28T15:50:57.582090+00:00,GET /runs/{id}/logs,GET,200,14.192,True
2026-09-28T15:50:57.583092+00:00,GET /runs/{id},GET,200,13.752,True
2026-09-28T15:50:57.597097+00:00,GET /workflows/{id},GET,200,13.132,True
2026-09-28T15:50:57.594097+00:00,GET /workflows/{id},GET,200,16.429,True
2026-09-28T15:50:57.593099+00:00,GET /runs/{id}/logs,GET,200,17.856,True
2026-09-28T15:50:57.597097+00:00,GET /runs/{id},GET,200,17.349,True
2026-09-28T15:50:57.614382+00:00,GET /health,GET,200,5.223,True
2026-09-28T15:50:57.550435+00:00,PUT /workflows/{id},PUT,200,108.851,True
2026-09-28T15:50:57.659013+00:00,GET /health,GET,200,6.946,True
2026-09-28T15:50:57.611371+00:00,POST /workflows/{id}/validate,POST,200,55.228,True
2026-09-28T15:50:57.610011+00:00,GET /workflows,GET,200,57.468,True
2026-09-28T15:50:57.610011+00:00,GET /runs/{id},GET,200,56.880,True
2026-09-28T15:50:57.562951+00:00,PUT /workflows/{id},PUT,200,115.469,True
2026-09-28T15:50:57.619872+00:00,GET /runs/{id}/logs,GET,200,65.310,True
2026-09-28T15:50:57.570440+00:00,PUT /workflows/{id},PUT,200,115.326,True
2026-09-28T15:50:57.667598+00:00,GET /workflows/{id},GET,200,23.934,True
2026-09-28T15:50:57.569434+00:00,PUT /workflows/{id},PUT,500,128.615,False
2026-09-28T15:50:57.667598+00:00,GET /runs/{id}/logs,GET,200,34.427,True
2026-09-28T15:50:57.666507+00:00,GET /runs/{id}/logs,GET,200,36.472,True
2026-09-28T15:50:57.677593+00:00,GET /workflows/{id},GET,200,26.564,True
2026-09-28T15:50:57.666507+00:00,PUT /workflows/{id},PUT,200,38.918,True
2026-09-28T15:50:57.697524+00:00,GET /health,GET,200,9.949,True
2026-09-28T15:50:57.684113+00:00,GET /workflows/{id},GET,200,27.411,True
2026-09-28T15:50:57.685365+00:00,GET /workflows/{id},GET,200,28.741,True
2026-09-28T15:50:57.691370+00:00,POST /workflows/{id}/validate,POST,200,34.657,True
2026-09-28T15:50:57.706832+00:00,GET /agents/catalog,GET,200,24.766,True
2026-09-28T15:50:57.702187+00:00,GET /runs/{id},GET,200,31.190,True
2026-09-28T15:50:57.702187+00:00,GET /runs/{id},GET,200,34.783,True
2026-09-28T15:50:57.705551+00:00,GET /workflows,GET,200,33.783,True
2026-09-28T15:50:57.705551+00:00,GET /workflows,GET,200,33.801,True
2026-09-28T15:50:57.732611+00:00,GET /health,GET,200,7.974,True
2026-09-28T15:50:57.712315+00:00,GET /runs/{id}/logs,GET,200,31.686,True
2026-09-28T15:50:57.714013+00:00,GET /workflows,GET,200,30.215,True
2026-09-28T15:50:57.725484+00:00,GET /runs/{id}/logs,GET,200,34.167,True
2026-09-28T15:50:57.736611+00:00,GET /workflows/{id},GET,200,23.516,True
2026-09-28T15:50:57.738613+00:00,GET /agents/catalog,GET,200,23.211,True
2026-09-28T15:50:57.733613+00:00,GET /workflows,GET,200,31.670,True
2026-09-28T15:50:57.740611+00:00,GET /runs/{id}/logs,GET,200,27.276,True
2026-09-28T15:50:57.739612+00:00,GET /runs/{id},GET,200,32.074,True
2026-09-28T15:50:57.765749+00:00,GET /health,GET,200,7.191,True
2026-09-28T15:50:57.744617+00:00,GET /runs/{id}/logs,GET,200,28.950,True
2026-09-28T15:50:57.743611+00:00,POST /workflows/{id}/validate,POST,200,30.278,True
2026-09-28T15:50:57.759743+00:00,GET /runs/{id}/logs,GET,200,29.087,True
2026-09-28T15:50:57.761749+00:00,POST /workflows/{id}/validate,POST,200,27.169,True
2026-09-28T15:50:57.760749+00:00,GET /workflows,GET,200,35.792,True
2026-09-28T15:50:57.767763+00:00,GET /runs/{id},GET,200,34.206,True
2026-09-28T15:50:57.789268+00:00,GET /health,GET,200,12.911,True
2026-09-28T15:50:57.773806+00:00,POST /workflows/{id}/validate,POST,200,34.899,True
2026-09-28T15:50:57.772749+00:00,GET /runs/{id}/logs,GET,200,36.781,True
2026-09-28T15:50:57.801654+00:00,GET /health,GET,200,12.829,True
2026-09-28T15:50:57.773806+00:00,GET /workflows,GET,200,41.483,True
2026-09-28T15:50:57.771749+00:00,GET /workflows,GET,200,45.662,True
2026-09-28T15:50:57.814534+00:00,GET /health,GET,200,6.785,True
2026-09-28T15:50:57.789268+00:00,GET /agents/catalog,GET,200,35.937,True
2026-09-28T15:50:57.795505+00:00,GET /runs/{id},GET,200,32.532,True
2026-09-28T15:50:57.809075+00:00,GET /workflows/{id},GET,200,20.884,True
2026-09-28T15:50:57.828773+00:00,GET /health,GET,200,5.112,True
2026-09-28T15:50:57.801654+00:00,GET /workflows,GET,200,35.333,True
2026-09-28T15:50:57.817307+00:00,POST /workflows/{id}/validate,POST,200,22.725,True
2026-09-28T15:50:57.821508+00:00,POST /workflows/{id}/validate,POST,200,24.909,True
2026-09-28T15:50:57.825774+00:00,GET /workflows,GET,200,22.760,True
2026-09-28T15:50:57.830773+00:00,GET /agents/catalog,GET,200,17.982,True
2026-09-28T15:50:57.848244+00:00,GET /health,GET,200,7.228,True
2026-09-28T15:50:57.833772+00:00,GET /workflows,GET,200,29.044,True
2026-09-28T15:50:57.836780+00:00,GET /runs/{id},GET,200,27.849,True
2026-09-28T15:50:57.839772+00:00,GET /runs/{id},GET,200,29.169,True
2026-09-28T15:50:57.845772+00:00,GET /runs/{id},GET,200,30.444,True
2026-09-28T15:50:57.848244+00:00,GET /runs/{id},GET,200,33.726,True
2026-09-28T15:50:57.863248+00:00,GET /workflows/{id},GET,200,22.568,True
2026-09-28T15:50:57.855243+00:00,GET /workflows,GET,200,33.684,True
2026-09-28T15:50:57.885224+00:00,GET /health,GET,200,6.477,True
2026-09-28T15:50:57.869252+00:00,GET /workflows/{id},GET,200,24.699,True
2026-09-28T15:50:57.889225+00:00,GET /health,GET,200,8.757,True
2026-09-28T15:50:57.814534+00:00,PUT /workflows/{id},PUT,500,88.819,False
2026-09-28T15:50:57.809075+00:00,PUT /workflows/{id},PUT,200,97.235,True
2026-09-28T15:50:57.865248+00:00,GET /runs/{id},GET,200,41.836,True
2026-09-28T15:50:57.876258+00:00,GET /runs/{id}/logs,GET,200,30.308,True
2026-09-28T15:50:57.898336+00:00,GET /health,GET,200,13.932,True
2026-09-28T15:50:57.881625+00:00,GET /runs/{id},GET,200,37.603,True
2026-09-28T15:50:57.892225+00:00,GET /runs/{id},GET,200,33.219,True
2026-09-28T15:50:57.893512+00:00,GET /runs/{id},GET,200,32.141,True
2026-09-28T15:50:57.906486+00:00,GET /workflows/{id},GET,200,24.436,True
2026-09-28T15:50:57.906486+00:00,GET /workflows/{id},GET,200,24.079,True
2026-09-28T15:50:57.904161+00:00,GET /workflows,GET,200,36.216,True
2026-09-28T15:50:57.911511+00:00,GET /runs/{id},GET,200,28.409,True
2026-09-28T15:50:57.919153+00:00,GET /runs/{id},GET,200,24.355,True
2026-09-28T15:50:57.930625+00:00,GET /workflows,GET,200,22.795,True
2026-09-28T15:50:57.926086+00:00,GET /runs/{id},GET,200,28.489,True
2026-09-28T15:50:57.930625+00:00,GET /runs/{id},GET,200,24.224,True
2026-09-28T15:50:57.939718+00:00,GET /runs/{id},GET,200,24.100,True
2026-09-28T15:50:57.940718+00:00,GET /runs/{id}/logs,GET,200,24.483,True
2026-09-28T15:50:57.943718+00:00,GET /runs/{id},GET,200,23.194,True
2026-09-28T15:50:57.964637+00:00,GET /health,GET,200,7.606,True
2026-09-28T15:50:57.953723+00:00,GET /runs/{id},GET,200,25.723,True
2026-09-28T15:50:57.964637+00:00,GET /workflows/{id},GET,200,20.422,True
2026-09-28T15:50:57.966645+00:00,POST /workflows/{id}/validate,POST,200,21.022,True
2026-09-28T15:50:57.954856+00:00,GET /workflows,GET,200,33.443,True
2026-09-28T15:50:57.907485+00:00,PUT /workflows/{id},PUT,200,81.554,True
2026-09-28T15:50:57.979669+00:00,GET /runs/{id},GET,200,19.928,True
2026-09-28T15:50:57.985669+00:00,GET /workflows/{id},GET,200,18.995,True
2026-09-28T15:50:57.988669+00:00,GET /agents/catalog,GET,200,16.357,True
2026-09-28T15:50:57.987669+00:00,GET /runs/{id}/logs,GET,200,22.347,True
2026-09-28T15:50:57.924862+00:00,PUT /workflows/{id},PUT,200,85.908,True
2026-09-28T15:50:57.988669+00:00,GET /runs/{id},GET,200,27.308,True
2026-09-28T15:50:57.999801+00:00,POST /workflows/{id}/validate,POST,200,30.044,True
2026-09-28T15:50:58.004630+00:00,GET /agents/catalog,GET,200,30.412,True
2026-09-28T15:50:58.010851+00:00,GET /workflows/{id},GET,200,32.483,True
2026-09-28T15:50:58.004630+00:00,GET /runs/{id},GET,200,41.330,True
2026-09-28T15:50:58.011269+00:00,GET /workflows/{id},GET,200,34.931,True
2026-09-28T15:50:58.016289+00:00,POST /workflows/{id}/validate,POST,200,32.738,True
2026-09-28T15:50:57.953723+00:00,PUT /workflows/{id},PUT,200,98.156,True
2026-09-28T15:50:58.029423+00:00,GET /workflows,GET,200,37.471,True
2026-09-28T15:50:58.035441+00:00,GET /workflows,GET,200,43.355,True
2026-09-28T15:50:58.045539+00:00,GET /runs/{id},GET,200,36.311,True
2026-09-28T15:50:58.043142+00:00,GET /runs/{id},GET,200,39.840,True
2026-09-28T15:50:57.971643+00:00,PUT /workflows/{id},PUT,200,111.763,True
2026-09-28T15:50:58.045539+00:00,GET /workflows,GET,200,38.675,True
2026-09-28T15:50:58.052105+00:00,GET /runs/{id},GET,200,32.797,True
2026-09-28T15:50:58.048560+00:00,GET /workflows,GET,200,36.337,True
2026-09-28T15:50:58.082239+00:00,GET /health,GET,200,6.610,True
2026-09-28T15:50:58.083233+00:00,GET /workflows/{id},GET,200,21.299,True
2026-09-28T15:50:58.067182+00:00,GET /workflows,GET,200,42.754,True
2026-09-28T15:50:58.078649+00:00,GET /runs/{id},GET,200,36.414,True
2026-09-28T15:50:58.084233+00:00,GET /runs/{id},GET,200,33.914,True
2026-09-28T15:50:58.085233+00:00,GET /runs/{id},GET,200,33.409,True
2026-09-28T15:50:58.083233+00:00,GET /workflows,GET,200,36.117,True
2026-09-28T15:50:58.085233+00:00,GET /runs/{id},GET,200,37.558,True
2026-09-28T15:50:58.088818+00:00,GET /runs/{id},GET,200,43.472,True
2026-09-28T15:50:58.104182+00:00,GET /workflows,GET,200,33.517,True
2026-09-28T15:50:58.110238+00:00,GET /runs/{id}/logs,GET,200,38.271,True
2026-09-28T15:50:58.119975+00:00,GET /runs/{id}/logs,GET,200,31.461,True
2026-09-28T15:50:58.117375+00:00,GET /workflows,GET,200,33.192,True
2026-09-28T15:50:58.115372+00:00,GET /runs/{id},GET,200,36.638,True
2026-09-28T15:50:58.121984+00:00,GET /runs/{id}/logs,GET,200,30.733,True
2026-09-28T15:50:58.118860+00:00,GET /runs/{id},GET,200,38.052,True
2026-09-28T15:50:58.151055+00:00,GET /health,GET,200,9.050,True
2026-09-28T15:50:58.151055+00:00,GET /health,GET,200,9.023,True
2026-09-28T15:50:58.132497+00:00,GET /agents/catalog,GET,200,28.861,True
2026-09-28T15:50:58.153296+00:00,GET /health,GET,200,9.007,True
2026-09-28T15:50:58.138033+00:00,GET /runs/{id},GET,200,25.119,True
2026-09-28T15:50:58.148069+00:00,GET /workflows/{id},GET,200,18.506,True
2026-09-28T15:50:58.152061+00:00,GET /runs/{id},GET,200,30.052,True
2026-09-28T15:50:58.156997+00:00,GET /workflows/{id},GET,200,26.351,True
2026-09-28T15:50:58.160712+00:00,POST /workflows/{id}/validate,POST,200,43.195,True
2026-09-28T15:50:58.161769+00:00,GET /runs/{id}/logs,GET,200,47.322,True
2026-09-28T15:50:58.167358+00:00,GET /runs/{id}/logs,GET,200,45.765,True
2026-09-28T15:50:58.162817+00:00,GET /workflows/{id},GET,200,59.052,True
2026-09-28T15:50:58.160712+00:00,GET /workflows,GET,200,61.507,True
2026-09-28T15:50:58.162292+00:00,GET /runs/{id}/logs,GET,200,60.605,True
2026-09-28T15:50:58.181973+00:00,GET /runs/{id}/logs,GET,200,48.127,True
2026-09-28T15:50:58.183572+00:00,GET /runs/{id}/logs,GET,200,47.700,True
2026-09-28T15:50:58.203074+00:00,GET /agents/catalog,GET,200,32.802,True
2026-09-28T15:50:58.208832+00:00,GET /workflows/{id},GET,200,32.176,True
2026-09-28T15:50:58.222497+00:00,POST /workflows/{id}/validate,POST,200,33.185,True
2026-09-28T15:50:58.222497+00:00,GET /runs/{id},GET,200,39.850,True
2026-09-28T15:50:58.221484+00:00,GET /workflows,GET,200,40.339,True
2026-09-28T15:50:58.236219+00:00,GET /runs/{id}/logs,GET,200,31.212,True
2026-09-28T15:50:58.231213+00:00,GET /runs/{id},GET,200,36.751,True
2026-09-28T15:50:58.229835+00:00,GET /workflows,GET,200,37.907,True
2026-09-28T15:50:58.212716+00:00,PUT /workflows/{id},PUT,200,55.983,True
2026-09-28T15:50:58.241218+00:00,GET /workflows,GET,200,29.948,True
2026-09-28T15:50:58.267470+00:00,GET /health,GET,200,5.088,True
2026-09-28T15:50:58.255835+00:00,GET /workflows/{id},GET,200,21.738,True
2026-09-28T15:50:58.262463+00:00,GET /runs/{id}/logs,GET,200,27.163,True
2026-09-28T15:50:58.261455+00:00,GET /runs/{id}/logs,GET,200,30.748,True
2026-09-28T15:50:58.267470+00:00,GET /runs/{id},GET,200,25.556,True
2026-09-28T15:50:58.272482+00:00,GET /agents/catalog,GET,200,20.445,True
2026-09-28T15:50:58.277475+00:00,GET /workflows/{id},GET,200,16.289,True
2026-09-28T15:50:58.268468+00:00,GET /runs/{id}/logs,GET,200,25.671,True
2026-09-28T15:50:58.270476+00:00,GET /workflows,GET,200,27.469,True
2026-09-28T15:50:58.292715+00:00,GET /health,GET,200,7.076,True
2026-09-28T15:50:58.298429+00:00,GET /health,GET,200,6.273,True
2026-09-28T15:50:58.289704+00:00,GET /runs/{id}/logs,GET,200,25.311,True
2026-09-28T15:50:58.299447+00:00,GET /workflows/{id},GET,200,22.705,True
2026-09-28T15:50:58.293712+00:00,GET /runs/{id},GET,200,29.256,True
2026-09-28T15:50:58.293712+00:00,GET /workflows,GET,200,32.595,True
2026-09-28T15:50:58.292715+00:00,GET /runs/{id}/logs,GET,200,34.139,True
2026-09-28T15:50:58.294705+00:00,GET /runs/{id},GET,200,32.960,True
2026-09-28T15:50:58.305060+00:00,GET /runs/{id},GET,200,34.469,True
2026-09-28T15:50:58.327502+00:00,GET /workflows/{id},GET,200,17.384,True
2026-09-28T15:50:58.315054+00:00,GET /runs/{id},GET,200,32.962,True
2026-09-28T15:50:58.267470+00:00,PUT /workflows/{id},PUT,200,85.100,True
2026-09-28T15:50:58.321981+00:00,GET /workflows,GET,200,30.835,True
2026-09-28T15:50:58.326507+00:00,GET /runs/{id},GET,200,27.275,True
2026-09-28T15:50:58.327502+00:00,GET /workflows,GET,200,27.405,True
2026-09-28T15:50:58.339501+00:00,GET /workflows/{id},GET,200,17.996,True
2026-09-28T15:50:58.344949+00:00,GET /runs/{id}/logs,GET,200,18.994,True
2026-09-28T15:50:58.353501+00:00,GET /runs/{id},GET,200,24.420,True
2026-09-28T15:50:58.352500+00:00,GET /runs/{id},GET,200,25.101,True
2026-09-28T15:50:58.353501+00:00,GET /runs/{id}/logs,GET,200,24.628,True
2026-09-28T15:50:58.354507+00:00,GET /runs/{id},GET,200,27.651,True
2026-09-28T15:50:58.363372+00:00,GET /workflows/{id},GET,200,19.608,True
2026-09-28T15:50:58.357500+00:00,GET /workflows,GET,200,26.415,True
2026-09-28T15:50:58.377192+00:00,GET /health,GET,200,6.327,True
2026-09-28T15:50:58.323074+00:00,PUT /workflows/{id},PUT,200,79.262,True
2026-09-28T15:50:58.383253+00:00,GET /agents/catalog,GET,200,20.697,True
2026-09-28T15:50:58.378553+00:00,GET /runs/{id},GET,200,26.467,True
2026-09-28T15:50:58.381811+00:00,GET /workflows,GET,200,24.615,True
2026-09-28T15:50:58.383253+00:00,GET /runs/{id},GET,200,23.700,True
2026-09-28T15:50:58.377192+00:00,GET /runs/{id}/logs,GET,200,29.989,True
2026-09-28T15:50:58.404753+00:00,GET /health,GET,200,7.303,True
2026-09-28T15:50:58.412163+00:00,GET /health,GET,200,8.046,True
2026-09-28T15:50:58.403329+00:00,GET /agents/catalog,GET,200,16.900,True
2026-09-28T15:50:58.402244+00:00,GET /runs/{id},GET,200,22.975,True
2026-09-28T15:50:58.407291+00:00,GET /runs/{id},GET,200,24.140,True
2026-09-28T15:50:58.407291+00:00,GET /runs/{id},GET,200,29.741,True
2026-09-28T15:50:58.407291+00:00,GET /runs/{id},GET,200,31.163,True
2026-09-28T15:50:58.421021+00:00,GET /agents/catalog,GET,200,22.840,True
2026-09-28T15:50:58.346954+00:00,PUT /workflows/{id},PUT,200,96.277,True
2026-09-28T15:50:58.443914+00:00,GET /health,GET,200,7.637,True
2026-09-28T15:50:58.419993+00:00,GET /runs/{id}/logs,GET,200,31.331,True
2026-09-28T15:50:58.431915+00:00,GET /runs/{id}/logs,GET,200,24.661,True
2026-09-28T15:50:58.424909+00:00,GET /workflows,GET,200,31.711,True
2026-09-28T15:50:58.437915+00:00,GET /workflows/{id},GET,200,25.673,True
2026-09-28T15:50:58.437915+00:00,GET /workflows,GET,200,29.270,True
2026-09-28T15:50:58.443914+00:00,GET /workflows,GET,200,26.089,True
2026-09-28T15:50:58.384260+00:00,PUT /workflows/{id},PUT,200,87.538,True
2026-09-28T15:50:58.450916+00:00,GET /workflows/{id},GET,200,20.608,True
2026-09-28T15:50:58.451926+00:00,GET /runs/{id},GET,200,25.608,True
2026-09-28T15:50:58.455921+00:00,POST /workflows/{id}/validate,POST,200,22.797,True
2026-09-28T15:50:58.456922+00:00,GET /runs/{id},GET,200,25.042,True
2026-09-28T15:50:58.481458+00:00,GET /health,GET,200,3.564,True
2026-09-28T15:50:58.462923+00:00,GET /runs/{id},GET,200,23.977,True
2026-09-28T15:50:58.471581+00:00,GET /runs/{id}/logs,GET,200,21.418,True
2026-09-28T15:50:58.469579+00:00,GET /runs/{id}/logs,GET,200,23.599,True
2026-09-28T15:50:58.476879+00:00,GET /runs/{id}/logs,GET,200,18.218,True
2026-09-28T15:50:58.485498+00:00,GET /runs/{id}/logs,GET,200,18.372,True
2026-09-28T15:50:58.487004+00:00,GET /runs/{id}/logs,GET,200,19.806,True
2026-09-28T15:50:58.493817+00:00,GET /agents/catalog,GET,200,16.671,True
2026-09-28T15:50:58.492796+00:00,GET /runs/{id},GET,200,18.713,True
2026-09-28T15:50:58.494823+00:00,GET /workflows,GET,200,18.399,True
2026-09-28T15:50:58.503686+00:00,GET /runs/{id}/logs,GET,200,17.465,True
2026-09-28T15:50:58.511549+00:00,GET /workflows,GET,200,19.336,True
2026-09-28T15:50:58.510111+00:00,GET /runs/{id}/logs,GET,200,21.864,True
2026-09-28T15:50:58.468055+00:00,PUT /workflows/{id},PUT,200,73.401,True
2026-09-28T15:50:58.521220+00:00,POST /workflows/{id}/validate,POST,200,20.377,True
2026-09-28T15:50:58.532006+00:00,GET /workflows/{id},GET,200,10.071,True
2026-09-28T15:50:58.478887+00:00,PUT /workflows/{id},PUT,200,70.055,True
2026-09-28T15:50:58.541226+00:00,GET /workflows/{id},GET,200,20.600,True
2026-09-28T15:50:58.542283+00:00,GET /runs/{id},GET,200,20.102,True
2026-09-28T15:50:58.471581+00:00,PUT /workflows/{id},PUT,500,90.611,False
2026-09-28T15:50:58.541755+00:00,GET /workflows,GET,200,21.448,True
2026-09-28T15:50:58.549346+00:00,GET /runs/{id}/logs,GET,200,29.702,True
2026-09-28T15:50:58.561366+00:00,GET /runs/{id},GET,200,26.092,True
2026-09-28T15:50:58.562880+00:00,GET /runs/{id},GET,200,28.083,True
2026-09-28T15:50:58.507451+00:00,PUT /workflows/{id},PUT,200,86.111,True
2026-09-28T15:50:58.562880+00:00,GET /workflows,GET,200,38.046,True
2026-09-28T15:50:58.514024+00:00,PUT /workflows/{id},PUT,500,86.959,False
2026-09-28T15:50:58.562880+00:00,GET /workflows,GET,200,38.995,True
2026-09-28T15:50:58.578778+00:00,GET /runs/{id}/logs,GET,200,23.481,True
2026-09-28T15:50:58.587382+00:00,GET /workflows/{id},GET,200,19.615,True
2026-09-28T15:50:58.602273+00:00,GET /health,GET,200,5.858,True
2026-09-28T15:50:58.593381+00:00,GET /runs/{id},GET,200,29.682,True
2026-09-28T15:50:58.600900+00:00,GET /agents/catalog,GET,200,22.459,True
2026-09-28T15:50:58.591389+00:00,GET /runs/{id},GET,200,36.677,True
2026-09-28T15:50:58.531004+00:00,PUT /workflows/{id},PUT,200,96.965,True
2026-09-28T15:50:58.608469+00:00,POST /workflows/{id}/validate,POST,200,24.906,True
2026-09-28T15:50:58.600900+00:00,GET /runs/{id}/logs,GET,200,32.537,True
2026-09-28T15:50:58.600900+00:00,GET /runs/{id}/logs,GET,200,32.012,True
2026-09-28T15:50:58.627956+00:00,GET /health,GET,200,5.970,True
2026-09-28T15:50:58.607464+00:00,POST /workflows/{id}/validate,POST,200,27.120,True
2026-09-28T15:50:58.623437+00:00,GET /agents/catalog,GET,200,13.821,True
2026-09-28T15:50:58.634523+00:00,GET /health,GET,200,3.945,True
2026-09-28T15:50:58.637528+00:00,GET /health,GET,200,4.566,True
2026-09-28T15:50:58.633521+00:00,GET /workflows/{id},GET,200,15.054,True
2026-09-28T15:50:58.633521+00:00,GET /workflows/{id},GET,200,17.665,True
2026-09-28T15:50:58.627956+00:00,GET /workflows,GET,200,27.201,True
2026-09-28T15:50:58.632519+00:00,GET /runs/{id}/logs,GET,200,24.811,True
2026-09-28T15:50:58.634523+00:00,GET /workflows,GET,200,25.410,True
2026-09-28T15:50:58.637528+00:00,GET /runs/{id},GET,200,27.223,True
2026-09-28T15:50:58.641520+00:00,GET /workflows,GET,200,27.601,True
2026-09-28T15:50:58.651032+00:00,POST /workflows/{id}/validate,POST,200,22.828,True
2026-09-28T15:50:58.648041+00:00,GET /runs/{id},GET,200,25.977,True
2026-09-28T15:50:58.658031+00:00,GET /runs/{id},GET,200,26.083,True
2026-09-28T15:50:58.655032+00:00,GET /workflows,GET,200,29.102,True
2026-09-28T15:50:58.665034+00:00,GET /agents/catalog,GET,200,21.890,True
2026-09-28T15:50:58.673759+00:00,GET /workflows/{id},GET,200,18.632,True
2026-09-28T15:50:58.669742+00:00,GET /workflows,GET,200,25.854,True
2026-09-28T15:50:58.674749+00:00,GET /workflows,GET,200,22.938,True
2026-09-28T15:50:58.623437+00:00,PUT /workflows/{id},PUT,200,79.857,True
2026-09-28T15:50:58.683807+00:00,GET /workflows,GET,200,21.647,True
2026-09-28T15:50:58.692700+00:00,GET /agents/catalog,GET,200,18.188,True
2026-09-28T15:50:58.687048+00:00,GET /workflows,GET,200,24.293,True
2026-09-28T15:50:58.695004+00:00,GET /workflows,GET,200,21.913,True
2026-09-28T15:50:58.711350+00:00,GET /agents/catalog,GET,200,11.892,True
2026-09-28T15:50:58.705200+00:00,POST /workflows/{id}/validate,POST,200,18.224,True
2026-09-28T15:50:58.660031+00:00,PUT /workflows/{id},PUT,200,66.526,True
2026-09-28T15:50:58.717628+00:00,POST /workflows/{id}/validate,POST,200,10.333,True
2026-09-28T15:50:58.723609+00:00,GET /health,GET,200,3.957,True
2026-09-28T15:50:58.726917+00:00,GET /workflows/{id},GET,200,12.428,True
2026-09-28T15:50:58.723609+00:00,GET /runs/{id}/logs,GET,200,15.672,True
2026-09-28T15:50:58.739464+00:00,GET /health,GET,200,5.011,True
2026-09-28T15:50:58.726917+00:00,GET /runs/{id}/logs,GET,200,18.464,True
2026-09-28T15:50:58.728246+00:00,GET /runs/{id}/logs,GET,200,18.448,True
2026-09-28T15:50:58.738805+00:00,GET /workflows/{id},GET,200,15.931,True
2026-09-28T15:50:58.683807+00:00,PUT /workflows/{id},PUT,200,73.321,True
2026-09-28T15:50:58.746481+00:00,GET /agents/catalog,GET,200,17.144,True
2026-09-28T15:50:58.696930+00:00,PUT /workflows/{id},PUT,200,72.526,True
2026-09-28T15:50:58.746481+00:00,GET /workflows/{id},GET,200,24.192,True
2026-09-28T15:50:58.744472+00:00,GET /workflows,GET,200,31.294,True
2026-09-28T15:50:58.702992+00:00,PUT /workflows/{id},PUT,200,80.101,True
2026-09-28T15:50:58.754501+00:00,GET /runs/{id}/logs,GET,200,28.726,True
2026-09-28T15:50:58.757477+00:00,GET /runs/{id},GET,200,33.205,True
2026-09-28T15:50:58.775844+00:00,GET /workflows/{id},GET,200,16.497,True
2026-09-28T15:50:58.789897+00:00,GET /health,GET,200,4.633,True
2026-09-28T15:50:58.769949+00:00,GET /runs/{id}/logs,GET,200,26.331,True
2026-09-28T15:50:58.709743+00:00,PUT /workflows/{id},PUT,200,86.980,True
2026-09-28T15:50:58.770631+00:00,GET /runs/{id}/logs,GET,200,29.774,True
2026-09-28T15:50:58.783434+00:00,GET /workflows,GET,200,31.016,True
2026-09-28T15:50:58.792358+00:00,GET /runs/{id}/logs,GET,200,22.685,True
2026-09-28T15:50:58.796327+00:00,GET /workflows/{id},GET,200,19.083,True
2026-09-28T15:50:58.813845+00:00,GET /health,GET,200,7.405,True
2026-09-28T15:50:58.799185+00:00,GET /workflows,GET,200,24.839,True
2026-09-28T15:50:58.797807+00:00,GET /runs/{id},GET,200,29.272,True
2026-09-28T15:50:58.794845+00:00,GET /workflows,GET,200,32.164,True
2026-09-28T15:50:58.813845+00:00,GET /runs/{id}/logs,GET,200,25.828,True
2026-09-28T15:50:58.815187+00:00,GET /runs/{id},GET,200,27.432,True
2026-09-28T15:50:58.826532+00:00,GET /workflows/{id},GET,200,18.050,True
2026-09-28T15:50:58.824405+00:00,GET /workflows/{id},GET,200,20.656,True
2026-09-28T15:50:58.821656+00:00,GET /runs/{id},GET,200,24.824,True
2026-09-28T15:50:58.763503+00:00,PUT /workflows/{id},PUT,200,88.008,True
2026-09-28T15:50:58.783434+00:00,PUT /workflows/{id},PUT,500,73.603,False
2026-09-28T15:50:58.845339+00:00,GET /runs/{id},GET,200,23.164,True
2026-09-28T15:50:58.842339+00:00,GET /runs/{id}/logs,GET,200,27.142,True
2026-09-28T15:50:58.840333+00:00,GET /runs/{id}/logs,GET,200,30.292,True
2026-09-28T15:50:58.846340+00:00,GET /workflows,GET,200,25.161,True
2026-09-28T15:50:58.857352+00:00,GET /agents/catalog,GET,200,17.505,True
2026-09-28T15:50:58.851344+00:00,GET /workflows,GET,200,27.461,True
2026-09-28T15:50:58.868365+00:00,GET /workflows/{id},GET,200,20.761,True
2026-09-28T15:50:58.879357+00:00,GET /workflows/{id},GET,200,17.595,True
2026-09-28T15:50:58.870357+00:00,GET /runs/{id},GET,200,30.204,True
2026-09-28T15:50:58.870357+00:00,GET /runs/{id},GET,200,30.864,True
2026-09-28T15:50:58.874356+00:00,GET /runs/{id},GET,200,26.632,True
2026-09-28T15:50:58.872356+00:00,GET /workflows,GET,200,32.240,True
2026-09-28T15:50:58.904332+00:00,GET /health,GET,200,5.512,True
2026-09-28T15:50:58.896122+00:00,GET /workflows/{id},GET,200,15.203,True
2026-09-28T15:50:58.826532+00:00,PUT /workflows/{id},PUT,200,85.008,True
2026-09-28T15:50:58.900455+00:00,GET /workflows/{id},GET,200,20.320,True
2026-09-28T15:50:58.920882+00:00,GET /health,GET,200,3.571,True
2026-09-28T15:50:58.900455+00:00,GET /runs/{id},GET,200,24.357,True
2026-09-28T15:50:58.845339+00:00,PUT /workflows/{id},PUT,200,83.760,True
2026-09-28T15:50:58.900455+00:00,GET /runs/{id},GET,200,27.964,True
2026-09-28T15:50:58.911691+00:00,GET /agents/catalog,GET,200,21.264,True
2026-09-28T15:50:58.912697+00:00,GET /runs/{id}/logs,GET,200,22.462,True
2026-09-28T15:50:58.909583+00:00,GET /runs/{id},GET,200,27.503,True
2026-09-28T15:50:58.937071+00:00,GET /health,GET,200,4.750,True
2026-09-28T15:50:58.925551+00:00,GET /workflows/{id},GET,200,22.519,True
2026-09-28T15:50:58.928548+00:00,GET /workflows/{id},GET,200,24.341,True
2026-09-28T15:50:58.924542+00:00,GET /workflows,GET,200,33.769,True
2026-09-28T15:50:58.953071+00:00,GET /health,GET,200,7.852,True
2026-09-28T15:50:58.929547+00:00,GET /runs/{id},GET,200,32.302,True
2026-09-28T15:50:58.933362+00:00,GET /runs/{id},GET,200,31.673,True
2026-09-28T15:50:58.934551+00:00,GET /runs/{id}/logs,GET,200,31.340,True
2026-09-28T15:50:58.948070+00:00,GET /workflows,GET,200,23.345,True
2026-09-28T15:50:58.965579+00:00,GET /health,GET,200,5.338,True
2026-09-28T15:50:58.942062+00:00,GET /runs/{id},GET,200,31.575,True
2026-09-28T15:50:58.960574+00:00,GET /workflows/{id},GET,200,20.532,True
2026-09-28T15:50:58.889621+00:00,PUT /workflows/{id},PUT,200,92.187,True
2026-09-28T15:50:58.964580+00:00,GET /workflows/{id},GET,200,20.653,True
2026-09-28T15:50:58.961580+00:00,GET /runs/{id},GET,200,26.349,True
2026-09-28T15:50:58.971675+00:00,GET /agents/catalog,GET,200,23.322,True
2026-09-28T15:50:58.973675+00:00,GET /workflows/{id},GET,200,22.328,True
2026-09-28T15:50:58.970676+00:00,GET /runs/{id},GET,200,28.956,True
2026-09-28T15:50:58.999834+00:00,GET /health,GET,200,8.906,True
2026-09-28T15:50:58.981372+00:00,GET /workflows,GET,200,35.172,True
2026-09-28T15:50:58.987885+00:00,GET /runs/{id},GET,200,29.667,True
2026-09-28T15:50:58.985893+00:00,GET /runs/{id},GET,200,32.676,True
2026-09-28T15:50:58.981372+00:00,PUT /workflows/{id},PUT,200,55.134,True
2026-09-28T15:50:58.994995+00:00,GET /workflows,GET,200,42.715,True
2026-09-28T15:50:58.996009+00:00,GET /runs/{id},GET,200,42.080,True
2026-09-28T15:50:59.018119+00:00,GET /workflows/{id},GET,200,25.877,True
2026-09-28T15:50:59.008834+00:00,GET /workflows,GET,200,35.136,True
2026-09-28T15:50:59.018119+00:00,GET /workflows/{id},GET,200,29.137,True
2026-09-28T15:50:59.016831+00:00,GET /runs/{id}/logs,GET,200,36.177,True
2026-09-28T15:50:58.958070+00:00,PUT /workflows/{id},PUT,200,98.398,True
2026-09-28T15:50:59.043982+00:00,GET /workflows/{id},GET,200,24.098,True
2026-09-28T15:50:59.036787+00:00,GET /runs/{id}/logs,GET,200,39.036,True
2026-09-28T15:50:59.068001+00:00,GET /health,GET,200,8.674,True
2026-09-28T15:50:59.037787+00:00,GET /workflows,GET,200,39.794,True
2026-09-28T15:50:59.037787+00:00,GET /workflows,GET,200,39.797,True
2026-09-28T15:50:59.043982+00:00,GET /runs/{id}/logs,GET,200,34.237,True
2026-09-28T15:50:59.047302+00:00,POST /workflows/{id}/validate,POST,200,31.770,True
2026-09-28T15:50:59.052814+00:00,GET /runs/{id}/logs,GET,200,29.192,True
2026-09-28T15:50:59.056814+00:00,GET /agents/catalog,GET,200,25.762,True
2026-09-28T15:50:59.077003+00:00,GET /workflows/{id},GET,200,18.348,True
2026-09-28T15:50:59.082632+00:00,GET /workflows/{id},GET,200,18.323,True
2026-09-28T15:50:59.079509+00:00,GET /runs/{id}/logs,GET,200,25.779,True
2026-09-28T15:50:59.078003+00:00,GET /workflows,GET,200,29.418,True
2026-09-28T15:50:59.082020+00:00,GET /runs/{id}/logs,GET,200,27.454,True
2026-09-28T15:50:59.076004+00:00,PUT /workflows/{id},PUT,200,35.439,True
2026-09-28T15:50:59.099890+00:00,GET /workflows/{id},GET,200,17.274,True
2026-09-28T15:50:59.095409+00:00,GET /runs/{id}/logs,GET,200,31.284,True
2026-09-28T15:50:59.104719+00:00,GET /runs/{id},GET,200,29.298,True
2026-09-28T15:50:59.107144+00:00,GET /workflows,GET,200,29.313,True
2026-09-28T15:50:59.109150+00:00,GET /runs/{id}/logs,GET,200,29.946,True
2026-09-28T15:50:59.137119+00:00,GET /health,GET,200,7.009,True
2026-09-28T15:50:59.111677+00:00,GET /runs/{id}/logs,GET,200,32.961,True
2026-09-28T15:50:59.127121+00:00,GET /agents/catalog,GET,200,22.102,True
2026-09-28T15:50:59.134118+00:00,GET /runs/{id},GET,200,22.948,True
2026-09-28T15:50:59.076004+00:00,PUT /workflows/{id},PUT,200,83.018,True
2026-09-28T15:50:59.078003+00:00,PUT /workflows/{id},PUT,500,88.082,False
2026-09-28T15:50:59.139121+00:00,GET /workflows,GET,200,28.319,True
2026-09-28T15:50:59.148628+00:00,GET /workflows/{id},GET,200,19.416,True
2026-09-28T15:50:59.144118+00:00,GET /runs/{id},GET,200,24.443,True
2026-09-28T15:50:59.168064+00:00,GET /health,GET,200,6.672,True
2026-09-28T15:50:59.157633+00:00,GET /runs/{id},GET,200,25.338,True
2026-09-28T15:50:59.159634+00:00,GET /runs/{id}/logs,GET,200,29.663,True
2026-09-28T15:50:59.168064+00:00,GET /workflows/{id},GET,200,27.242,True
2026-09-28T15:50:59.166068+00:00,GET /runs/{id},GET,200,36.725,True
2026-09-28T15:50:59.175067+00:00,GET /runs/{id}/logs,GET,200,28.279,True
2026-09-28T15:50:59.118382+00:00,PUT /workflows/{id},PUT,200,89.233,True
2026-09-28T15:50:59.203103+00:00,GET /health,GET,200,9.469,True
2026-09-28T15:50:59.182503+00:00,GET /runs/{id}/logs,GET,200,32.344,True
2026-09-28T15:50:59.188875+00:00,GET /workflows/{id},GET,200,26.160,True
2026-09-28T15:50:59.194611+00:00,GET /workflows,GET,200,25.468,True
2026-09-28T15:50:59.203103+00:00,GET /workflows/{id},GET,200,23.692,True
2026-09-28T15:50:59.144118+00:00,PUT /workflows/{id},PUT,200,85.847,True
2026-09-28T15:50:59.207076+00:00,GET /agents/catalog,GET,200,24.955,True
2026-09-28T15:50:59.230006+00:00,GET /health,GET,200,7.296,True
2026-09-28T15:50:59.237012+00:00,GET /health,GET,200,5.203,True
2026-09-28T15:50:59.213072+00:00,GET /runs/{id}/logs,GET,200,32.658,True
2026-09-28T15:50:59.215497+00:00,GET /workflows,GET,200,31.236,True
2026-09-28T15:50:59.169065+00:00,PUT /workflows/{id},PUT,200,82.122,True
2026-09-28T15:50:59.220175+00:00,GET /workflows,GET,200,32.666,True
2026-09-28T15:50:59.227444+00:00,GET /runs/{id}/logs,GET,200,30.847,True
2026-09-28T15:50:59.232012+00:00,GET /workflows,GET,200,29.858,True
2026-09-28T15:50:59.245975+00:00,GET /workflows/{id},GET,200,21.517,True
2026-09-28T15:50:59.245975+00:00,GET /workflows/{id},GET,200,20.879,True
2026-09-28T15:50:59.253489+00:00,GET /runs/{id},GET,200,27.868,True
2026-09-28T15:50:59.257488+00:00,GET /workflows,GET,200,30.827,True
2026-09-28T15:50:59.262491+00:00,GET /runs/{id},GET,200,28.156,True
2026-09-28T15:50:59.250488+00:00,PUT /workflows/{id},PUT,200,43.237,True
2026-09-28T15:50:59.267495+00:00,GET /agents/catalog,GET,200,27.686,True
2026-09-28T15:50:59.267495+00:00,GET /runs/{id}/logs,GET,200,29.353,True
2026-09-28T15:50:59.214490+00:00,PUT /workflows/{id},PUT,500,91.839,False
2026-09-28T15:50:59.280978+00:00,GET /workflows/{id},GET,200,27.442,True
2026-09-28T15:50:59.288678+00:00,GET /runs/{id}/logs,GET,200,20.419,True
2026-09-28T15:50:59.290680+00:00,GET /agents/catalog,GET,200,23.756,True
2026-09-28T15:50:59.241975+00:00,PUT /workflows/{id},PUT,200,77.408,True
2026-09-28T15:50:59.319966+00:00,GET /health,GET,200,6.266,True
2026-09-28T15:50:59.294146+00:00,POST /workflows/{id}/validate,POST,200,36.048,True
2026-09-28T15:50:59.308424+00:00,GET /agents/catalog,GET,200,22.454,True
2026-09-28T15:50:59.309430+00:00,GET /runs/{id}/logs,GET,200,24.321,True
2026-09-28T15:50:59.306918+00:00,GET /runs/{id}/logs,GET,200,28.225,True
2026-09-28T15:50:59.296358+00:00,GET /workflows,GET,200,38.761,True
2026-09-28T15:50:59.326221+00:00,POST /workflows/{id}/validate,POST,200,22.639,True
2026-09-28T15:50:59.330724+00:00,GET /runs/{id},GET,200,24.050,True
2026-09-28T15:50:59.335726+00:00,GET /agents/catalog,GET,200,23.936,True
2026-09-28T15:50:59.329725+00:00,GET /workflows,GET,200,32.039,True
2026-09-28T15:50:59.333723+00:00,GET /workflows,GET,200,29.924,True
2026-09-28T15:50:59.334726+00:00,GET /workflows,GET,200,31.583,True
2026-09-28T15:50:59.348740+00:00,GET /runs/{id},GET,200,24.766,True
2026-09-28T15:50:59.294146+00:00,PUT /workflows/{id},PUT,200,82.284,True
2026-09-28T15:50:59.354742+00:00,GET /workflows/{id},GET,200,25.709,True
2026-09-28T15:50:59.373503+00:00,GET /health,GET,200,8.687,True
2026-09-28T15:50:59.377179+00:00,GET /health,GET,200,7.764,True
2026-09-28T15:50:59.366648+00:00,GET /workflows/{id},GET,200,19.232,True
2026-09-28T15:50:59.363639+00:00,GET /workflows,GET,200,24.856,True
2026-09-28T15:50:59.314145+00:00,PUT /workflows/{id},PUT,200,77.593,True
2026-09-28T15:50:59.381018+00:00,GET /runs/{id},GET,200,17.055,True
2026-09-28T15:50:59.385225+00:00,GET /workflows,GET,200,19.208,True
2026-09-28T15:50:59.386266+00:00,GET /runs/{id},GET,200,19.061,True
2026-09-28T15:50:59.387837+00:00,GET /runs/{id}/logs,GET,200,18.756,True
2026-09-28T15:50:59.403907+00:00,GET /health,GET,200,3.877,True
2026-09-28T15:50:59.404907+00:00,GET /health,GET,200,4.287,True
2026-09-28T15:50:59.407323+00:00,GET /health,GET,200,5.011,True
2026-09-28T15:50:59.408329+00:00,GET /health,GET,200,4.926,True
2026-09-28T15:50:59.359741+00:00,PUT /workflows/{id},PUT,200,60.882,True
2026-09-28T15:50:59.412523+00:00,GET /runs/{id},GET,200,12.896,True
2026-09-28T15:50:59.413085+00:00,GET /runs/{id}/logs,GET,200,17.038,True
2026-09-28T15:50:59.361976+00:00,PUT /workflows/{id},PUT,200,68.259,True
2026-09-28T15:50:59.420491+00:00,GET /workflows/{id},GET,200,11.909,True
2026-09-28T15:50:59.425232+00:00,GET /runs/{id}/logs,GET,200,12.664,True
2026-09-28T15:50:59.429940+00:00,GET /workflows/{id},GET,200,14.951,True
2026-09-28T15:50:59.430941+00:00,GET /workflows,GET,200,24.106,True
2026-09-28T15:50:59.431941+00:00,GET /workflows,GET,200,22.564,True
2026-09-28T15:50:59.382068+00:00,PUT /workflows/{id},PUT,200,80.397,True
2026-09-28T15:50:59.437945+00:00,GET /runs/{id},GET,200,27.371,True
2026-09-28T15:50:59.445484+00:00,GET /workflows/{id},GET,200,21.042,True
2026-09-28T15:50:59.391717+00:00,PUT /workflows/{id},PUT,200,93.531,True
2026-09-28T15:50:59.397390+00:00,PUT /workflows/{id},PUT,500,88.104,False
2026-09-28T15:50:59.454998+00:00,GET /workflows/{id},GET,200,31.533,True
2026-09-28T15:50:59.408329+00:00,PUT /workflows/{id},PUT,200,77.604,True
2026-09-28T15:50:59.454998+00:00,GET /runs/{id},GET,200,33.400,True
2026-09-28T15:50:59.466133+00:00,GET /runs/{id},GET,200,31.128,True
2026-09-28T15:50:59.462126+00:00,GET /runs/{id},GET,200,35.041,True
2026-09-28T15:50:59.465133+00:00,GET /runs/{id}/logs,GET,200,33.236,True
2026-09-28T15:50:59.485056+00:00,GET /workflows/{id},GET,200,24.199,True
2026-09-28T15:50:59.509289+00:00,GET /health,GET,200,5.957,True
2026-09-28T15:50:59.488267+00:00,GET /runs/{id},GET,200,28.954,True
2026-09-28T15:50:59.486060+00:00,GET /runs/{id},GET,200,35.279,True
2026-09-28T15:50:59.486060+00:00,GET /runs/{id}/logs,GET,200,36.657,True
2026-09-28T15:50:59.486060+00:00,GET /runs/{id},GET,200,36.850,True
2026-09-28T15:50:59.497251+00:00,GET /workflows/{id},GET,200,27.455,True
2026-09-28T15:50:59.497251+00:00,GET /workflows,GET,200,30.359,True
2026-09-28T15:50:59.498765+00:00,GET /workflows,GET,200,31.580,True
2026-09-28T15:50:59.516654+00:00,GET /agents/catalog,GET,200,22.032,True
2026-09-28T15:50:59.522641+00:00,GET /agents/catalog,GET,200,21.634,True
2026-09-28T15:50:59.515376+00:00,GET /runs/{id}/logs,GET,200,30.062,True
2026-09-28T15:50:59.524762+00:00,GET /agents/catalog,GET,200,21.019,True
2026-09-28T15:50:59.521461+00:00,GET /runs/{id}/logs,GET,200,26.906,True
2026-09-28T15:50:59.524121+00:00,GET /runs/{id}/logs,GET,200,27.311,True
2026-09-28T15:50:59.527424+00:00,GET /runs/{id}/logs,GET,200,24.099,True
2026-09-28T15:50:59.544430+00:00,GET /runs/{id}/logs,GET,200,20.548,True
2026-09-28T15:50:59.539429+00:00,GET /workflows,GET,200,26.364,True
2026-09-28T15:50:59.551438+00:00,GET /workflows/{id},GET,200,14.879,True
2026-09-28T15:50:59.545431+00:00,POST /workflows/{id}/validate,POST,200,21.455,True
2026-09-28T15:50:59.545431+00:00,GET /workflows,GET,200,21.064,True
2026-09-28T15:50:59.566529+00:00,GET /health,GET,200,2.598,True
2026-09-28T15:50:59.564960+00:00,POST /workflows/{id}/validate,POST,200,9.355,True
2026-09-28T15:50:59.574559+00:00,GET /health,GET,200,4.889,True
2026-09-28T15:50:59.569543+00:00,GET /workflows/{id},GET,200,10.311,True
2026-09-28T15:50:59.566529+00:00,POST /workflows/{id}/validate,POST,200,13.148,True
2026-09-28T15:50:59.565961+00:00,GET /workflows,GET,200,16.249,True
2026-09-28T15:50:59.579563+00:00,GET /health,GET,200,4.422,True
2026-09-28T15:50:59.580550+00:00,GET /agents/catalog,GET,200,12.703,True
2026-09-28T15:50:59.579563+00:00,GET /workflows,GET,200,18.089,True
2026-09-28T15:50:59.529437+00:00,PUT /workflows/{id},PUT,200,74.263,True
2026-09-28T15:50:59.582552+00:00,GET /workflows,GET,200,26.863,True
2026-09-28T15:50:59.584558+00:00,GET /workflows,GET,200,27.255,True
2026-09-28T15:50:59.548445+00:00,PUT /workflows/{id},PUT,200,79.733,True
2026-09-28T15:50:59.551438+00:00,PUT /workflows/{id},PUT,500,86.290,False
2026-09-28T15:50:59.593078+00:00,GET /workflows,GET,200,46.589,True
2026-09-28T15:50:59.597465+00:00,GET /runs/{id},GET,200,43.279,True
2026-09-28T15:50:59.608331+00:00,GET /workflows,GET,200,31.913,True
2026-09-28T15:50:59.603757+00:00,GET /runs/{id},GET,200,37.420,True
2026-09-28T15:50:59.639225+00:00,GET /health,GET,200,6.188,True
2026-09-28T15:50:59.640227+00:00,GET /health,GET,200,5.988,True
2026-09-28T15:50:59.638228+00:00,GET /health,GET,200,9.028,True
2026-09-28T15:50:59.565961+00:00,PUT /workflows/{id},PUT,200,81.943,True
2026-09-28T15:50:59.611677+00:00,GET /runs/{id}/logs,GET,200,37.936,True
2026-09-28T15:50:59.641226+00:00,GET /workflows/{id},GET,200,16.769,True
2026-09-28T15:50:59.627712+00:00,GET /runs/{id},GET,200,30.044,True
2026-09-28T15:50:59.647643+00:00,GET /workflows/{id},GET,200,19.925,True
2026-09-28T15:50:59.641226+00:00,GET /runs/{id}/logs,GET,200,27.839,True
2026-09-28T15:50:59.646225+00:00,GET /workflows/{id},GET,200,22.895,True
2026-09-28T15:50:59.646225+00:00,GET /workflows/{id},GET,200,23.945,True
2026-09-28T15:50:59.645227+00:00,GET /workflows,GET,200,28.792,True
2026-09-28T15:50:59.648649+00:00,GET /workflows,GET,200,27.495,True
2026-09-28T15:50:59.677262+00:00,GET /health,GET,200,3.453,True
2026-09-28T15:50:59.658161+00:00,POST /workflows/{id}/validate,POST,200,24.437,True
2026-09-28T15:50:59.670199+00:00,GET /workflows/{id},GET,200,16.271,True
2026-09-28T15:50:59.667199+00:00,GET /runs/{id},GET,200,24.313,True
2026-09-28T15:50:59.669198+00:00,POST /workflows/{id}/validate,POST,200,23.071,True
2026-09-28T15:50:59.674261+00:00,GET /workflows,GET,200,22.810,True
2026-09-28T15:50:59.681755+00:00,GET /runs/{id},GET,200,23.121,True
2026-09-28T15:50:59.686237+00:00,GET /runs/{id}/logs,GET,200,23.285,True
2026-09-28T15:50:59.680706+00:00,GET /runs/{id}/logs,GET,200,29.526,True
2026-09-28T15:50:59.692036+00:00,GET /workflows/{id},GET,200,18.415,True
2026-09-28T15:50:59.692036+00:00,GET /workflows/{id},GET,200,19.217,True
2026-09-28T15:50:59.697146+00:00,GET /workflows/{id},GET,200,15.377,True
2026-09-28T15:50:59.709222+00:00,GET /health,GET,200,6.266,True
2026-09-28T15:50:59.705195+00:00,GET /workflows,GET,200,27.752,True
2026-09-28T15:50:59.711984+00:00,GET /workflows/{id},GET,200,25.367,True
2026-09-28T15:50:59.710603+00:00,GET /runs/{id}/logs,GET,200,31.039,True
2026-09-28T15:50:59.709222+00:00,GET /runs/{id},GET,200,33.878,True
2026-09-28T15:50:59.658161+00:00,PUT /workflows/{id},PUT,200,89.166,True
2026-09-28T15:50:59.711984+00:00,GET /runs/{id}/logs,GET,200,35.784,True
2026-09-28T15:50:59.715402+00:00,GET /runs/{id},GET,200,34.244,True
2026-09-28T15:50:59.733101+00:00,GET /workflows/{id},GET,200,19.802,True
2026-09-28T15:50:59.670199+00:00,PUT /workflows/{id},PUT,200,91.359,True
2026-09-28T15:50:59.738303+00:00,GET /runs/{id},GET,200,32.637,True
2026-09-28T15:50:59.750173+00:00,GET /workflows/{id},GET,200,22.321,True
2026-09-28T15:50:59.744170+00:00,GET /workflows,GET,200,32.638,True
2026-09-28T15:50:59.747174+00:00,GET /runs/{id},GET,200,30.482,True
2026-09-28T15:50:59.741731+00:00,GET /workflows,GET,200,37.534,True
2026-09-28T15:50:59.761456+00:00,GET /runs/{id},GET,200,23.049,True
2026-09-28T15:50:59.747174+00:00,PUT /workflows/{id},PUT,200,41.568,True
2026-09-28T15:50:59.753688+00:00,GET /runs/{id}/logs,GET,200,37.371,True
2026-09-28T15:50:59.776168+00:00,GET /agents/catalog,GET,200,21.658,True
2026-09-28T15:50:59.771159+00:00,GET /runs/{id},GET,200,30.585,True
2026-09-28T15:50:59.772157+00:00,GET /runs/{id},GET,200,31.561,True
2026-09-28T15:50:59.779157+00:00,GET /runs/{id}/logs,GET,200,29.823,True
2026-09-28T15:50:59.800925+00:00,GET /health,GET,200,7.863,True
2026-09-28T15:50:59.778169+00:00,GET /runs/{id},GET,200,31.725,True
2026-09-28T15:50:59.790445+00:00,GET /agents/catalog,GET,200,23.885,True
2026-09-28T15:50:59.785156+00:00,GET /workflows,GET,200,32.374,True
2026-09-28T15:50:59.788435+00:00,POST /workflows/{id}/validate,POST,200,29.358,True
2026-09-28T15:50:59.797423+00:00,GET /runs/{id},GET,200,27.735,True
2026-09-28T15:50:59.804355+00:00,GET /runs/{id}/logs,GET,200,25.999,True
2026-09-28T15:50:59.808844+00:00,GET /workflows/{id},GET,200,23.921,True
2026-09-28T15:50:59.808844+00:00,GET /agents/catalog,GET,200,30.966,True
2026-09-28T15:50:59.809845+00:00,GET /workflows,GET,200,32.128,True
2026-09-28T15:50:59.817665+00:00,GET /runs/{id}/logs,GET,200,26.424,True
2026-09-28T15:50:59.813993+00:00,GET /runs/{id}/logs,GET,200,30.358,True
2026-09-28T15:50:59.817665+00:00,GET /workflows,GET,200,28.186,True
2026-09-28T15:50:59.844190+00:00,GET /health,GET,200,5.947,True
2026-09-28T15:50:59.845178+00:00,GET /health,GET,200,4.962,True
2026-09-28T15:50:59.832999+00:00,GET /runs/{id},GET,200,20.920,True
2026-09-28T15:50:59.829545+00:00,GET /workflows,GET,200,24.530,True
2026-09-28T15:50:59.845178+00:00,GET /workflows/{id},GET,200,15.100,True
2026-09-28T15:50:59.850185+00:00,GET /workflows/{id},GET,200,15.307,True
2026-09-28T15:50:59.842193+00:00,GET /workflows,GET,200,25.986,True
2026-09-28T15:50:59.850185+00:00,GET /runs/{id}/logs,GET,200,18.727,True
2026-09-28T15:50:59.854180+00:00,GET /workflows/{id},GET,200,15.149,True
2026-09-28T15:50:59.867468+00:00,GET /health,GET,200,3.435,True
2026-09-28T15:50:59.860599+00:00,GET /workflows/{id},GET,200,11.589,True
2026-09-28T15:50:59.871707+00:00,GET /health,GET,200,3.649,True
2026-09-28T15:50:59.865463+00:00,GET /workflows/{id},GET,200,11.125,True
2026-09-28T15:50:59.869467+00:00,GET /workflows/{id},GET,200,10.877,True
2026-09-28T15:50:59.875710+00:00,GET /workflows/{id},GET,200,10.751,True
2026-09-28T15:50:59.871707+00:00,GET /runs/{id},GET,200,15.544,True
2026-09-28T15:50:59.886473+00:00,GET /health,GET,200,2.786,True
2026-09-28T15:50:59.887021+00:00,GET /health,GET,200,3.285,True
2026-09-28T15:50:59.880120+00:00,GET /workflows,GET,200,12.663,True
2026-09-28T15:50:59.825103+00:00,PUT /workflows/{id},PUT,200,67.253,True
2026-09-28T15:50:59.890566+00:00,GET /runs/{id},GET,200,15.343,True
2026-09-28T15:50:59.892571+00:00,GET /workflows/{id},GET,200,16.557,True
2026-09-28T15:50:59.893564+00:00,POST /workflows/{id}/validate,POST,200,20.193,True
2026-09-28T15:50:59.888542+00:00,GET /workflows,GET,200,26.965,True
2026-09-28T15:50:59.839179+00:00,PUT /workflows/{id},PUT,200,77.597,True
2026-09-28T15:50:59.854868+00:00,PUT /workflows/{id},PUT,200,79.815,True
2026-09-28T15:50:59.909544+00:00,GET /runs/{id},GET,200,28.982,True
2026-09-28T15:50:59.904856+00:00,GET /workflows,GET,200,35.525,True
2026-09-28T15:50:59.912917+00:00,GET /workflows,GET,200,32.875,True
2026-09-28T15:50:59.915358+00:00,GET /runs/{id}/logs,GET,200,36.015,True
2026-09-28T15:50:59.916747+00:00,GET /runs/{id}/logs,GET,200,35.024,True
2026-09-28T15:50:59.868467+00:00,PUT /workflows/{id},PUT,200,84.390,True
2026-09-28T15:50:59.934141+00:00,GET /workflows/{id},GET,200,21.518,True
2026-09-28T15:50:59.876862+00:00,PUT /workflows/{id},PUT,500,83.620,False
2026-09-28T15:50:59.941133+00:00,GET /workflows/{id},GET,200,21.296,True
2026-09-28T15:50:59.938134+00:00,GET /workflows/{id},GET,200,24.283,True
2026-09-28T15:50:59.946157+00:00,GET /runs/{id},GET,200,16.798,True
2026-09-28T15:50:59.962892+00:00,GET /health,GET,200,5.332,True
2026-09-28T15:50:59.952174+00:00,GET /agents/catalog,GET,200,23.330,True
2026-09-28T15:50:59.952174+00:00,GET /workflows/{id},GET,200,25.007,True
2026-09-28T15:50:59.961677+00:00,GET /workflows/{id},GET,200,19.208,True
2026-09-28T15:50:59.953168+00:00,GET /runs/{id}/logs,GET,200,36.453,True
2026-09-28T15:50:59.956167+00:00,GET /runs/{id}/logs,GET,200,36.641,True
2026-09-28T15:50:59.962892+00:00,GET /runs/{id}/logs,GET,200,36.558,True
2026-09-28T15:50:59.967909+00:00,GET /runs/{id}/logs,GET,200,41.177,True
2026-09-28T15:50:59.981180+00:00,GET /runs/{id}/logs,GET,200,32.931,True
2026-09-28T15:50:59.975662+00:00,GET /runs/{id},GET,200,39.803,True
2026-09-28T15:51:00.009057+00:00,GET /health,GET,200,7.040,True
2026-09-28T15:50:59.960685+00:00,GET /workflows,GET,200,56.138,True
2026-09-28T15:50:59.977174+00:00,GET /workflows,GET,200,40.615,True
2026-09-28T15:51:00.014268+00:00,GET /workflows/{id},GET,200,20.141,True
2026-09-28T15:51:00.000023+00:00,GET /runs/{id}/logs,GET,200,35.353,True
2026-09-28T15:51:00.015703+00:00,GET /workflows/{id},GET,200,21.545,True
2026-09-28T15:51:00.015703+00:00,GET /runs/{id},GET,200,25.443,True
2026-09-28T15:51:00.018028+00:00,GET /workflows,GET,200,26.113,True
2026-09-28T15:51:00.017019+00:00,GET /runs/{id}/logs,GET,200,27.770,True
2026-09-28T15:51:00.034749+00:00,GET /workflows/{id},GET,200,19.170,True
2026-09-28T15:51:00.034749+00:00,GET /runs/{id}/logs,GET,200,27.663,True
2026-09-28T15:51:00.040764+00:00,GET /workflows/{id},GET,200,22.203,True
2026-09-28T15:51:00.037747+00:00,GET /runs/{id},GET,200,27.902,True
2026-09-28T15:51:00.044746+00:00,GET /workflows/{id},GET,200,22.590,True
2026-09-28T15:51:00.043747+00:00,GET /runs/{id},GET,200,29.472,True
2026-09-28T15:50:59.992301+00:00,PUT /workflows/{id},PUT,200,85.975,True
2026-09-28T15:50:59.990301+00:00,PUT /workflows/{id},PUT,500,95.931,False
2026-09-28T15:51:00.053748+00:00,GET /runs/{id},GET,200,34.483,True
2026-09-28T15:51:00.062749+00:00,GET /workflows,GET,200,25.716,True
2026-09-28T15:51:00.065748+00:00,GET /workflows/{id},GET,200,23.812,True
2026-09-28T15:51:00.072752+00:00,GET /runs/{id},GET,200,20.697,True
2026-09-28T15:51:00.066753+00:00,GET /runs/{id},GET,200,28.554,True
2026-09-28T15:51:00.078852+00:00,GET /workflows,GET,200,39.387,True
2026-09-28T15:51:00.088501+00:00,GET /workflows,GET,200,33.328,True
2026-09-28T15:51:00.089501+00:00,GET /runs/{id}/logs,GET,200,33.274,True
2026-09-28T15:51:00.088501+00:00,GET /workflows,GET,200,34.899,True
2026-09-28T15:51:00.094285+00:00,GET /workflows,GET,200,29.792,True
2026-09-28T15:51:00.085989+00:00,GET /workflows,GET,200,39.192,True
2026-09-28T15:51:00.095284+00:00,GET /workflows,GET,200,33.559,True
2026-09-28T15:51:00.117241+00:00,GET /workflows/{id},GET,200,22.437,True
2026-09-28T15:51:00.121953+00:00,GET /agents/catalog,GET,200,21.769,True
2026-09-28T15:51:00.123342+00:00,POST /workflows/{id}/validate,POST,200,25.404,True
2026-09-28T15:51:00.124676+00:00,GET /runs/{id},GET,200,26.562,True
2026-09-28T15:51:00.123342+00:00,GET /runs/{id},GET,200,29.554,True
2026-09-28T15:51:00.062749+00:00,PUT /workflows/{id},PUT,200,91.022,True
2026-09-28T15:51:00.151713+00:00,GET /health,GET,200,6.474,True
2026-09-28T15:51:00.128726+00:00,GET /workflows,GET,200,29.404,True
2026-09-28T15:51:00.143709+00:00,GET /workflows/{id},GET,200,15.685,True
2026-09-28T15:51:00.140709+00:00,GET /workflows,GET,200,28.859,True
2026-09-28T15:51:00.148715+00:00,GET /workflows/{id},GET,200,23.008,True
2026-09-28T15:51:00.153715+00:00,GET /runs/{id},GET,200,28.326,True
2026-09-28T15:51:00.158723+00:00,GET /runs/{id},GET,200,31.036,True
2026-09-28T15:51:00.158723+00:00,GET /workflows,GET,200,32.172,True
2026-09-28T15:51:00.157713+00:00,GET /runs/{id},GET,200,33.990,True
2026-09-28T15:51:00.153715+00:00,PUT /workflows/{id},PUT,200,43.216,True
2026-09-28T15:51:00.169285+00:00,GET /runs/{id}/logs,GET,200,30.916,True
2026-09-28T15:51:00.171292+00:00,GET /runs/{id}/logs,GET,200,30.765,True
2026-09-28T15:51:00.181479+00:00,GET /runs/{id}/logs,GET,200,25.362,True
2026-09-28T15:51:00.121953+00:00,PUT /workflows/{id},PUT,200,84.655,True
2026-09-28T15:51:00.202650+00:00,GET /health,GET,200,9.373,True
2026-09-28T15:51:00.192478+00:00,GET /workflows/{id},GET,200,22.990,True
2026-09-28T15:51:00.206558+00:00,GET /health,GET,200,8.999,True
2026-09-28T15:51:00.191478+00:00,GET /runs/{id},GET,200,26.699,True
2026-09-28T15:51:00.189476+00:00,GET /runs/{id},GET,200,29.222,True
2026-09-28T15:51:00.215503+00:00,GET /health,GET,200,10.264,True
2026-09-28T15:51:00.196759+00:00,GET /runs/{id},GET,200,31.513,True
2026-09-28T15:51:00.200145+00:00,POST /workflows/{id}/validate,POST,200,28.675,True
2026-09-28T15:51:00.211634+00:00,GET /agents/catalog,GET,200,20.505,True
2026-09-28T15:51:00.228438+00:00,GET /health,GET,200,6.617,True
2026-09-28T15:51:00.206558+00:00,GET /workflows,GET,200,37.124,True
2026-09-28T15:51:00.215503+00:00,GET /runs/{id}/logs,GET,200,29.824,True
2026-09-28T15:51:00.244102+00:00,GET /health,GET,200,7.137,True
2026-09-28T15:51:00.245102+00:00,GET /health,GET,200,7.458,True
2026-09-28T15:51:00.217942+00:00,POST /workflows/{id}/validate,POST,200,33.765,True
2026-09-28T15:51:00.232658+00:00,GET /workflows/{id},GET,200,21.711,True
2026-09-28T15:51:00.235284+00:00,GET /workflows/{id},GET,200,21.482,True
2026-09-28T15:51:00.228965+00:00,GET /runs/{id},GET,200,28.645,True
2026-09-28T15:51:00.217942+00:00,GET /workflows,GET,200,39.315,True
2026-09-28T15:51:00.226298+00:00,GET /workflows,GET,200,32.198,True
2026-09-28T15:51:00.253101+00:00,GET /agents/catalog,GET,200,17.755,True
2026-09-28T15:51:00.252789+00:00,GET /runs/{id},GET,200,26.511,True
2026-09-28T15:51:00.252103+00:00,GET /workflows,GET,200,32.954,True
2026-09-28T15:51:00.254102+00:00,GET /runs/{id}/logs,GET,200,31.082,True
2026-09-28T15:51:00.256104+00:00,GET /workflows,GET,200,33.321,True
2026-09-28T15:51:00.257101+00:00,GET /workflows,GET,200,33.524,True
2026-09-28T15:51:00.258101+00:00,GET /runs/{id},GET,200,33.198,True
2026-09-28T15:51:00.258101+00:00,GET /runs/{id}/logs,GET,200,34.103,True
2026-09-28T15:51:00.270415+00:00,GET /workflows/{id},GET,200,24.121,True
2026-09-28T15:51:00.290108+00:00,GET /health,GET,200,7.419,True
2026-09-28T15:51:00.297111+00:00,GET /health,GET,200,5.876,True
2026-09-28T15:51:00.284497+00:00,GET /runs/{id},GET,200,26.607,True
2026-09-28T15:51:00.285158+00:00,GET /runs/{id},GET,200,29.107,True
2026-09-28T15:51:00.291633+00:00,GET /runs/{id},GET,200,29.088,True
2026-09-28T15:51:00.290108+00:00,GET /runs/{id},GET,200,30.197,True
2026-09-28T15:51:00.291633+00:00,GET /workflows,GET,200,30.670,True
2026-09-28T15:51:00.303323+00:00,GET /runs/{id}/logs,GET,200,24.506,True
2026-09-28T15:51:00.314391+00:00,GET /workflows/{id},GET,200,23.370,True
2026-09-28T15:51:00.311241+00:00,GET /runs/{id},GET,200,31.247,True
2026-09-28T15:51:00.321390+00:00,GET /workflows/{id},GET,200,21.635,True
2026-09-28T15:51:00.343172+00:00,GET /health,GET,200,6.878,True
2026-09-28T15:51:00.320867+00:00,GET /workflows,GET,200,30.472,True
2026-09-28T15:51:00.322963+00:00,GET /runs/{id},GET,200,29.142,True
2026-09-28T15:51:00.327675+00:00,GET /runs/{id},GET,200,27.613,True
2026-09-28T15:51:00.279238+00:00,PUT /workflows/{id},PUT,200,79.696,True
2026-09-28T15:51:00.355533+00:00,GET /health,GET,200,4.177,True
2026-09-28T15:51:00.342647+00:00,GET /runs/{id},GET,200,21.450,True
2026-09-28T15:51:00.350209+00:00,POST /workflows/{id}/validate,POST,200,21.252,True
2026-09-28T15:51:00.294190+00:00,PUT /workflows/{id},PUT,200,76.925,True
2026-09-28T15:51:00.358693+00:00,GET /runs/{id},GET,200,18.556,True
2026-09-28T15:51:00.359738+00:00,POST /workflows/{id}/validate,POST,200,17.873,True
2026-09-28T15:51:00.364121+00:00,GET /workflows,GET,200,20.491,True
2026-09-28T15:51:00.371291+00:00,GET /runs/{id}/logs,GET,200,18.855,True
2026-09-28T15:51:00.377122+00:00,GET /runs/{id},GET,200,24.619,True
2026-09-28T15:51:00.377122+00:00,GET /runs/{id},GET,200,30.170,True
2026-09-28T15:51:00.384594+00:00,GET /runs/{id}/logs,GET,200,41.626,True
2026-09-28T15:51:00.337938+00:00,PUT /workflows/{id},PUT,200,89.998,True
2026-09-28T15:51:00.390755+00:00,GET /workflows,GET,200,37.483,True
2026-09-28T15:51:00.407659+00:00,GET /workflows/{id},GET,200,24.905,True
2026-09-28T15:51:00.401207+00:00,GET /runs/{id},GET,200,34.631,True
2026-09-28T15:51:00.351260+00:00,PUT /workflows/{id},PUT,200,92.891,True
2026-09-28T15:51:00.351855+00:00,PUT /workflows/{id},PUT,500,92.906,False
2026-09-28T15:51:00.436509+00:00,GET /health,GET,200,9.691,True
2026-09-28T15:51:00.428074+00:00,GET /runs/{id},GET,200,26.559,True
2026-09-28T15:51:00.371291+00:00,PUT /workflows/{id},PUT,200,84.776,True
2026-09-28T15:51:00.426503+00:00,GET /runs/{id},GET,200,30.560,True
2026-09-28T15:51:00.432786+00:00,GET /workflows/{id},GET,200,28.227,True
2026-09-28T15:51:00.444507+00:00,GET /runs/{id},GET,200,25.995,True
2026-09-28T15:51:00.446599+00:00,GET /runs/{id}/logs,GET,200,24.706,True
2026-09-28T15:51:00.445036+00:00,GET /runs/{id},GET,200,28.074,True
2026-09-28T15:51:00.456094+00:00,GET /runs/{id}/logs,GET,200,32.910,True
2026-09-28T15:51:00.454532+00:00,GET /workflows,GET,200,36.175,True
2026-09-28T15:51:00.460772+00:00,GET /runs/{id},GET,200,29.877,True
2026-09-28T15:51:00.457144+00:00,GET /runs/{id},GET,200,39.368,True
2026-09-28T15:51:00.472941+00:00,GET /workflows/{id},GET,200,29.809,True
2026-09-28T15:51:00.470879+00:00,GET /runs/{id},GET,200,32.771,True
2026-09-28T15:51:00.496103+00:00,GET /health,GET,200,9.391,True
2026-09-28T15:51:00.469729+00:00,GET /runs/{id}/logs,GET,200,37.847,True
2026-09-28T15:51:00.490863+00:00,GET /runs/{id},GET,200,26.204,True
2026-09-28T15:51:00.490863+00:00,GET /runs/{id},GET,200,27.365,True
2026-09-28T15:51:00.488759+00:00,GET /runs/{id}/logs,GET,200,29.456,True
2026-09-28T15:51:00.428074+00:00,PUT /workflows/{id},PUT,200,90.861,True
2026-09-28T15:51:00.502806+00:00,POST /workflows/{id}/validate,POST,200,22.840,True
2026-09-28T15:51:00.505396+00:00,GET /workflows,GET,200,22.344,True
2026-09-28T15:51:00.525817+00:00,GET /agents/catalog,GET,200,12.228,True
2026-09-28T15:51:00.519000+00:00,GET /runs/{id}/logs,GET,200,20.345,True
2026-09-28T15:51:00.516908+00:00,GET /workflows,GET,200,22.564,True
2026-09-28T15:51:00.518482+00:00,GET /runs/{id},GET,200,22.281,True
2026-09-28T15:51:00.527877+00:00,GET /agents/catalog,GET,200,13.756,True
2026-09-28T15:51:00.538012+00:00,GET /runs/{id}/logs,GET,200,19.073,True
2026-09-28T15:51:00.540019+00:00,GET /workflows/{id},GET,200,16.835,True
2026-09-28T15:51:00.539012+00:00,GET /runs/{id},GET,200,21.452,True
2026-09-28T15:51:00.539012+00:00,GET /workflows,GET,200,25.646,True
2026-09-28T15:51:00.542019+00:00,GET /runs/{id},GET,200,25.473,True
2026-09-28T15:51:00.502806+00:00,PUT /workflows/{id},PUT,200,74.378,True
2026-09-28T15:51:00.557034+00:00,GET /runs/{id},GET,200,29.127,True
2026-09-28T15:51:00.557034+00:00,GET /runs/{id}/logs,GET,200,29.123,True
2026-09-28T15:51:00.564944+00:00,GET /workflows,GET,200,25.311,True
2026-09-28T15:51:00.566943+00:00,GET /runs/{id},GET,200,23.305,True
2026-09-28T15:51:00.508402+00:00,PUT /workflows/{id},PUT,200,82.593,True
2026-09-28T15:51:00.589942+00:00,GET /health,GET,200,4.571,True
2026-09-28T15:51:00.517959+00:00,PUT /workflows/{id},PUT,200,78.887,True
2026-09-28T15:51:00.586945+00:00,POST /workflows/{id}/validate,POST,200,19.637,True
2026-09-28T15:51:00.589942+00:00,GET /workflows/{id},GET,200,18.339,True
2026-09-28T15:51:00.590944+00:00,GET /workflows,GET,200,20.707,True
2026-09-28T15:51:00.594945+00:00,GET /workflows/{id},GET,200,17.654,True
2026-09-28T15:51:00.585945+00:00,GET /workflows,GET,200,27.163,True
2026-09-28T15:51:00.597348+00:00,GET /runs/{id}/logs,GET,200,25.305,True
2026-09-28T15:51:00.611983+00:00,GET /workflows/{id},GET,200,15.561,True
2026-09-28T15:51:00.610876+00:00,GET /workflows,GET,200,20.426,True
2026-09-28T15:51:00.608506+00:00,GET /workflows,GET,200,23.436,True
2026-09-28T15:51:00.560232+00:00,PUT /workflows/{id},PUT,200,74.171,True
2026-09-28T15:51:00.631642+00:00,GET /health,GET,200,3.559,True
2026-09-28T15:51:00.628132+00:00,GET /workflows,GET,200,13.320,True
2026-09-28T15:51:00.635148+00:00,GET /agents/catalog,GET,200,9.249,True
2026-09-28T15:51:00.635652+00:00,GET /runs/{id},GET,200,9.249,True
2026-09-28T15:51:00.577944+00:00,PUT /workflows/{id},PUT,200,68.780,True
2026-09-28T15:51:00.641809+00:00,GET /runs/{id},GET,200,18.870,True
2026-09-28T15:51:00.643830+00:00,GET /workflows,GET,200,17.114,True
2026-09-28T15:51:00.646950+00:00,GET /workflows,GET,200,19.375,True
2026-09-28T15:51:00.644820+00:00,GET /workflows,GET,200,22.900,True
2026-09-28T15:51:00.660835+00:00,GET /workflows/{id},GET,200,14.354,True
2026-09-28T15:51:00.675780+00:00,GET /health,GET,200,5.819,True
2026-09-28T15:51:00.667494+00:00,GET /workflows/{id},GET,200,16.395,True
2026-09-28T15:51:00.660835+00:00,GET /runs/{id}/logs,GET,200,24.217,True
2026-09-28T15:51:00.606294+00:00,PUT /workflows/{id},PUT,200,79.374,True
2026-09-28T15:51:00.613479+00:00,PUT /workflows/{id},PUT,500,75.446,False
2026-09-28T15:51:00.688152+00:00,PUT /workflows/{id},PUT,0,0.568,False
2026-09-28T15:51:00.665829+00:00,GET /runs/{id}/logs,GET,200,25.462,True
2026-09-28T15:51:00.685573+00:00,GET /health,GET,200,7.297,True
2026-09-28T15:51:00.691155+00:00,GET /health,GET,200,6.496,True
2026-09-28T15:51:00.692153+00:00,GET /health,GET,200,5.747,True
2026-09-28T15:51:00.621876+00:00,PUT /workflows/{id},PUT,200,76.845,True
2026-09-28T15:51:00.683574+00:00,GET /workflows/{id},GET,200,27.099,True
2026-09-28T15:51:00.681033+00:00,GET /runs/{id},GET,200,31.020,True
2026-09-28T15:51:00.697494+00:00,GET /workflows/{id},GET,200,19.691,True
2026-09-28T15:51:00.631642+00:00,PUT /workflows/{id},PUT,200,86.045,True
2026-09-28T15:51:00.689152+00:00,GET /workflows,GET,200,29.474,True
2026-09-28T15:51:00.698939+00:00,GET /workflows/{id},GET,200,23.347,True
2026-09-28T15:51:00.698939+00:00,GET /runs/{id},GET,200,28.421,True
2026-09-28T15:51:00.711368+00:00,POST /workflows/{id}/validate,POST,200,24.361,True
2026-09-28T15:51:00.712815+00:00,GET /runs/{id},GET,200,25.481,True
2026-09-28T15:51:00.722331+00:00,GET /workflows/{id},GET,200,15.868,True
2026-09-28T15:51:00.735775+00:00,GET /health,GET,200,6.697,True
2026-09-28T15:51:00.717799+00:00,GET /runs/{id}/logs,GET,200,29.698,True
2026-09-28T15:51:00.717799+00:00,GET /runs/{id}/logs,GET,200,30.517,True
2026-09-28T15:51:00.717799+00:00,GET /runs/{id},GET,200,31.195,True
2026-09-28T15:51:00.726787+00:00,POST /workflows/{id}/validate,POST,200,25.161,True
2026-09-28T15:51:00.749612+00:00,GET /health,GET,200,5.638,True
2026-09-28T15:51:00.755000+00:00,GET /health,GET,200,5.671,True
2026-09-28T15:51:00.737775+00:00,GET /runs/{id},GET,200,24.774,True
2026-09-28T15:51:00.737775+00:00,GET /runs/{id},GET,200,27.494,True
2026-09-28T15:51:00.741985+00:00,GET /runs/{id},GET,200,29.835,True
2026-09-28T15:51:00.747987+00:00,GET /runs/{id},GET,200,27.938,True
2026-09-28T15:51:00.751998+00:00,GET /workflows,GET,200,25.346,True
2026-09-28T15:51:00.684573+00:00,PUT /workflows/{id},PUT,200,93.293,True
2026-09-28T15:51:00.762517+00:00,GET /workflows,GET,200,23.406,True
2026-09-28T15:51:00.765592+00:00,GET /runs/{id},GET,200,20.647,True
2026-09-28T15:51:00.761514+00:00,GET /runs/{id},GET,200,26.743,True
2026-09-28T15:51:00.775815+00:00,GET /runs/{id},GET,200,18.312,True
2026-09-28T15:51:00.777811+00:00,GET /workflows,GET,200,17.699,True
2026-09-28T15:51:00.794336+00:00,GET /health,GET,200,3.743,True
2026-09-28T15:51:00.785803+00:00,GET /workflows/{id},GET,200,17.558,True
2026-09-28T15:51:00.786806+00:00,GET /workflows,GET,200,21.642,True
2026-09-28T15:51:00.787806+00:00,GET /runs/{id}/logs,GET,200,22.731,True
2026-09-28T15:51:00.748493+00:00,PUT /workflows/{id},PUT,200,70.857,True
2026-09-28T15:51:00.798059+00:00,GET /workflows,GET,200,21.877,True
2026-09-28T15:51:00.803273+00:00,GET /runs/{id}/logs,GET,200,18.058,True
2026-09-28T15:51:00.810783+00:00,POST /workflows/{id}/validate,POST,200,19.570,True
2026-09-28T15:51:00.808092+00:00,GET /workflows,GET,200,25.567,True
2026-09-28T15:51:00.821699+00:00,POST /workflows/{id}/validate,POST,200,22.968,True
2026-09-28T15:51:00.818907+00:00,GET /runs/{id},GET,200,25.327,True
2026-09-28T15:51:00.818907+00:00,GET /workflows,GET,200,32.647,True
2026-09-28T15:51:00.830217+00:00,GET /runs/{id}/logs,GET,200,24.761,True
2026-09-28T15:51:00.771816+00:00,PUT /workflows/{id},PUT,200,87.577,True
2026-09-28T15:51:00.777811+00:00,PUT /workflows/{id},PUT,500,90.339,False
2026-09-28T15:51:00.833232+00:00,GET /workflows,GET,200,36.677,True
2026-09-28T15:51:00.845210+00:00,GET /runs/{id},GET,200,25.633,True
2026-09-28T15:51:00.844221+00:00,GET /runs/{id}/logs,GET,200,26.513,True
2026-09-28T15:51:00.852222+00:00,GET /workflows/{id},GET,200,22.304,True
2026-09-28T15:51:00.795330+00:00,PUT /workflows/{id},PUT,200,79.965,True
2026-09-28T15:51:00.876058+00:00,GET /health,GET,200,4.651,True
2026-09-28T15:51:00.855210+00:00,GET /runs/{id},GET,200,29.256,True
2026-09-28T15:51:00.868217+00:00,GET /workflows/{id},GET,200,22.228,True
2026-09-28T15:51:00.859231+00:00,GET /runs/{id},GET,200,31.931,True
2026-09-28T15:51:00.874051+00:00,GET /workflows/{id},GET,200,20.246,True
2026-09-28T15:51:00.870222+00:00,GET /workflows/{id},GET,200,24.516,True
2026-09-28T15:51:00.870222+00:00,GET /runs/{id},GET,200,28.917,True
2026-09-28T15:51:00.871217+00:00,GET /runs/{id},GET,200,28.947,True
2026-09-28T15:51:00.894369+00:00,GET /health,GET,200,6.165,True
2026-09-28T15:51:00.880574+00:00,GET /workflows,GET,200,25.730,True
2026-09-28T15:51:00.900468+00:00,GET /health,GET,200,7.793,True
2026-09-28T15:51:00.891852+00:00,GET /workflows/{id},GET,200,21.445,True
2026-09-28T15:51:00.884125+00:00,POST /workflows/{id}/validate,POST,200,31.311,True
2026-09-28T15:51:00.889851+00:00,GET /runs/{id}/logs,GET,200,27.475,True
2026-09-28T15:51:00.915812+00:00,GET /health,GET,200,5.998,True
2026-09-28T15:51:00.894369+00:00,GET /runs/{id},GET,200,29.010,True
2026-09-28T15:51:00.905549+00:00,GET /workflows/{id},GET,200,20.173,True
2026-09-28T15:51:00.901477+00:00,GET /runs/{id},GET,200,25.604,True
2026-09-28T15:51:00.923750+00:00,GET /health,GET,200,5.286,True
2026-09-28T15:51:00.908152+00:00,GET /workflows/{id},GET,200,22.125,True
2026-09-28T15:51:00.912159+00:00,GET /runs/{id},GET,200,26.979,True
2026-09-28T15:51:00.917142+00:00,GET /runs/{id}/logs,GET,200,26.289,True
2026-09-28T15:51:00.921696+00:00,GET /runs/{id}/logs,GET,200,23.868,True
2026-09-28T15:51:00.929750+00:00,GET /workflows/{id},GET,200,19.116,True
2026-09-28T15:51:00.925759+00:00,GET /runs/{id}/logs,GET,200,28.412,True
2026-09-28T15:51:00.926751+00:00,GET /runs/{id},GET,200,28.595,True
2026-09-28T15:51:00.928750+00:00,GET /workflows,GET,200,26.695,True
2026-09-28T15:51:00.939987+00:00,GET /runs/{id}/logs,GET,200,21.168,True
2026-09-28T15:51:00.945412+00:00,POST /workflows/{id}/validate,POST,200,20.697,True
2026-09-28T15:51:00.954885+00:00,GET /workflows/{id},GET,200,15.885,True
2026-09-28T15:51:00.961206+00:00,GET /workflows/{id},GET,200,11.006,True
2026-09-28T15:51:00.898960+00:00,PUT /workflows/{id},PUT,200,74.015,True
2026-09-28T15:51:00.955895+00:00,GET /workflows,GET,200,18.588,True
2026-09-28T15:51:00.966421+00:00,GET /runs/{id},GET,200,19.546,True
2026-09-28T15:51:00.970422+00:00,GET /workflows/{id},GET,200,16.128,True
2026-09-28T15:51:00.972420+00:00,GET /runs/{id}/logs,GET,200,17.358,True
2026-09-28T15:51:00.973428+00:00,GET /runs/{id}/logs,GET,200,18.955,True
2026-09-28T15:51:00.974423+00:00,GET /workflows,GET,200,19.611,True
2026-09-28T15:51:00.986130+00:00,GET /workflows/{id},GET,200,16.309,True
2026-09-28T15:51:00.986130+00:00,GET /workflows/{id},GET,200,15.839,True
2026-09-28T15:51:00.989318+00:00,GET /runs/{id}/logs,GET,200,31.643,True
2026-09-28T15:51:00.993318+00:00,GET /runs/{id}/logs,GET,200,33.966,True
2026-09-28T15:51:00.992329+00:00,GET /workflows,GET,200,44.110,True
2026-09-28T15:51:00.949418+00:00,PUT /workflows/{id},PUT,200,87.791,True
2026-09-28T15:51:01.001772+00:00,GET /runs/{id},GET,200,38.855,True
2026-09-28T15:51:01.001772+00:00,GET /runs/{id},GET,200,41.993,True
2026-09-28T15:51:01.037232+00:00,GET /health,GET,200,9.316,True
2026-09-28T15:51:01.041228+00:00,GET /health,GET,200,12.678,True
2026-09-28T15:51:00.943407+00:00,PUT /workflows/{id},PUT,500,110.264,False
2026-09-28T15:51:00.954885+00:00,PUT /workflows/{id},PUT,200,99.477,True
2026-09-28T15:51:01.028114+00:00,GET /runs/{id}/logs,GET,200,27.451,True
2026-09-28T15:51:01.021555+00:00,GET /workflows,GET,200,34.388,True
2026-09-28T15:51:01.053740+00:00,GET /health,GET,200,9.863,True
2026-09-28T15:51:01.036228+00:00,GET /runs/{id}/logs,GET,200,33.005,True
2026-09-28T15:51:01.054740+00:00,GET /workflows/{id},GET,200,22.507,True
2026-09-28T15:51:01.054740+00:00,GET /workflows/{id},GET,200,27.553,True
2026-09-28T15:51:01.044228+00:00,GET /workflows,GET,200,38.655,True
2026-09-28T15:51:01.055739+00:00,GET /agents/catalog,GET,200,28.361,True
2026-09-28T15:51:01.053740+00:00,GET /agents/catalog,GET,200,30.489,True
2026-09-28T15:51:01.046228+00:00,GET /workflows,GET,200,39.433,True
2026-09-28T15:51:01.063643+00:00,GET /runs/{id},GET,200,35.044,True
2026-09-28T15:51:01.076868+00:00,GET /workflows/{id},GET,200,25.162,True
2026-09-28T15:51:01.069648+00:00,GET /runs/{id}/logs,GET,200,35.162,True
2026-09-28T15:51:01.098368+00:00,GET /health,GET,200,8.909,True
2026-09-28T15:51:01.081874+00:00,GET /agents/catalog,GET,200,25.633,True
2026-09-28T15:51:01.084386+00:00,GET /workflows/{id},GET,200,26.106,True
2026-09-28T15:51:01.083380+00:00,GET /runs/{id},GET,200,36.521,True
2026-09-28T15:51:01.084386+00:00,GET /runs/{id}/logs,GET,200,36.291,True
2026-09-28T15:51:01.085442+00:00,GET /workflows,GET,200,40.183,True
2026-09-28T15:51:01.102060+00:00,GET /runs/{id},GET,200,42.267,True
2026-09-28T15:51:01.105243+00:00,GET /runs/{id}/logs,GET,200,48.815,True
2026-09-28T15:51:01.144554+00:00,GET /health,GET,200,14.905,True
2026-09-28T15:51:01.109382+00:00,GET /runs/{id}/logs,GET,200,57.620,True
2026-09-28T15:51:01.125294+00:00,GET /runs/{id}/logs,GET,200,46.130,True
2026-09-28T15:51:01.107973+00:00,GET /runs/{id},GET,200,64.414,True
2026-09-28T15:51:01.120550+00:00,GET /workflows,GET,200,57.787,True
2026-09-28T15:51:01.119543+00:00,GET /workflows,GET,200,59.117,True
2026-09-28T15:51:01.107973+00:00,GET /workflows,GET,200,71.769,True
2026-09-28T15:51:01.159445+00:00,GET /runs/{id}/logs,GET,200,40.741,True
2026-09-28T15:51:01.167831+00:00,GET /workflows,GET,200,39.167,True
2026-09-28T15:51:01.179954+00:00,GET /runs/{id},GET,200,30.247,True
2026-09-28T15:51:01.154221+00:00,PUT /workflows/{id},PUT,200,59.227,True
2026-09-28T15:51:01.171831+00:00,GET /workflows,GET,200,43.459,True
2026-09-28T15:51:01.206946+00:00,GET /health,GET,200,9.221,True
2026-09-28T15:51:01.178390+00:00,POST /workflows/{id}/validate,POST,200,38.386,True
2026-09-28T15:51:01.178906+00:00,GET /runs/{id},GET,200,39.220,True
2026-09-28T15:51:01.172848+00:00,PUT /workflows/{id},PUT,200,54.523,True
2026-09-28T15:51:01.200636+00:00,GET /runs/{id},GET,200,33.135,True
2026-09-28T15:51:01.217675+00:00,GET /agents/catalog,GET,200,24.303,True
2026-09-28T15:51:01.216344+00:00,GET /runs/{id},GET,200,30.739,True
2026-09-28T15:51:01.213067+00:00,GET /runs/{id},GET,200,34.294,True
2026-09-28T15:51:01.210066+00:00,GET /runs/{id}/logs,GET,200,37.602,True
2026-09-28T15:51:01.216344+00:00,GET /runs/{id}/logs,GET,200,31.347,True
2026-09-28T15:51:01.226883+00:00,GET /workflows/{id},GET,200,21.499,True
2026-09-28T15:51:01.215067+00:00,PUT /workflows/{id},PUT,200,41.953,True
2026-09-28T15:51:01.233919+00:00,GET /workflows,GET,200,27.572,True
2026-09-28T15:51:01.246921+00:00,GET /agents/catalog,GET,200,22.821,True
2026-09-28T15:51:01.242922+00:00,GET /workflows,GET,200,30.916,True
2026-09-28T15:51:01.247920+00:00,GET /runs/{id},GET,200,27.423,True
2026-09-28T15:51:01.269916+00:00,GET /health,GET,200,6.044,True
2026-09-28T15:51:01.246921+00:00,GET /runs/{id}/logs,GET,200,28.719,True
2026-09-28T15:51:01.257918+00:00,GET /workflows/{id},GET,200,19.863,True
2026-09-28T15:51:01.247920+00:00,GET /runs/{id}/logs,GET,200,29.775,True
2026-09-28T15:51:01.274916+00:00,GET /health,GET,200,5.901,True
2026-09-28T15:51:01.260900+00:00,GET /workflows,GET,200,25.342,True
2026-09-28T15:51:01.275914+00:00,GET /workflows/{id},GET,200,20.936,True
2026-09-28T15:51:01.272921+00:00,GET /workflows,GET,200,25.766,True
2026-09-28T15:51:01.275914+00:00,GET /runs/{id},GET,200,28.345,True
2026-09-28T15:51:01.277913+00:00,GET /workflows,GET,200,26.801,True
2026-09-28T15:51:01.280923+00:00,GET /workflows,GET,200,26.040,True
2026-09-28T15:51:01.286511+00:00,GET /workflows/{id},GET,200,26.502,True
2026-09-28T15:51:01.296335+00:00,GET /runs/{id}/logs,GET,200,28.781,True
2026-09-28T15:51:01.248921+00:00,PUT /workflows/{id},PUT,200,77.163,True
2026-09-28T15:51:01.299349+00:00,GET /runs/{id},GET,200,33.135,True
2026-09-28T15:51:01.304295+00:00,GET /runs/{id},GET,200,32.978,True
2026-09-28T15:51:01.304295+00:00,GET /runs/{id},GET,200,32.923,True
2026-09-28T15:51:01.306894+00:00,GET /runs/{id},GET,200,33.730,True
2026-09-28T15:51:01.313243+00:00,GET /runs/{id},GET,200,29.215,True
2026-09-28T15:51:01.338046+00:00,GET /health,GET,200,5.717,True
2026-09-28T15:51:01.324581+00:00,GET /agents/catalog,GET,200,21.198,True
2026-09-28T15:51:01.326040+00:00,GET /workflows/{id},GET,200,21.404,True
2026-09-28T15:51:01.347162+00:00,GET /health,GET,200,4.193,True
2026-09-28T15:51:01.276915+00:00,PUT /workflows/{id},PUT,200,81.094,True
2026-09-28T15:51:01.342161+00:00,GET /agents/catalog,GET,200,17.478,True
2026-09-28T15:51:01.337045+00:00,GET /runs/{id},GET,200,25.453,True
2026-09-28T15:51:01.341160+00:00,GET /workflows,GET,200,28.398,True
2026-09-28T15:51:01.343165+00:00,GET /workflows,GET,200,26.118,True
2026-09-28T15:51:01.351167+00:00,GET /workflows,GET,200,24.345,True
2026-09-28T15:51:01.360167+00:00,GET /runs/{id},GET,200,25.689,True
2026-09-28T15:51:01.358168+00:00,GET /workflows,GET,200,27.122,True
2026-09-28T15:51:01.363168+00:00,POST /workflows/{id}/validate,POST,200,23.745,True
2026-09-28T15:51:01.369107+00:00,GET /workflows/{id},GET,200,17.717,True
2026-09-28T15:51:01.375112+00:00,GET /workflows/{id},GET,200,15.144,True
2026-09-28T15:51:01.386110+00:00,GET /health,GET,200,4.459,True
2026-09-28T15:51:01.385110+00:00,GET /health,GET,200,6.189,True
2026-09-28T15:51:01.390576+00:00,GET /health,GET,200,2.688,True
2026-09-28T15:51:01.332058+00:00,PUT /workflows/{id},PUT,200,70.741,True
2026-09-28T15:51:01.393574+00:00,GET /workflows/{id},GET,200,11.581,True
2026-09-28T15:51:01.390576+00:00,GET /workflows/{id},GET,200,15.324,True
2026-09-28T15:51:01.391575+00:00,POST /workflows/{id}/validate,POST,200,14.971,True
2026-09-28T15:51:01.347162+00:00,PUT /workflows/{id},PUT,200,68.400,True
2026-09-28T15:51:01.403139+00:00,GET /workflows/{id},GET,200,13.285,True
2026-09-28T15:51:01.406063+00:00,GET /workflows/{id},GET,200,12.489,True
2026-09-28T15:51:01.404595+00:00,GET /runs/{id},GET,200,14.193,True
2026-09-28T15:51:01.416257+00:00,GET /runs/{id}/logs,GET,200,25.827,True
2026-09-28T15:51:01.441814+00:00,GET /health,GET,200,3.098,True
2026-09-28T15:51:01.416257+00:00,GET /workflows,GET,200,31.263,True
2026-09-28T15:51:01.417376+00:00,GET /runs/{id},GET,200,31.349,True
2026-09-28T15:51:01.419823+00:00,GET /runs/{id},GET,200,32.355,True
2026-09-28T15:51:01.452376+00:00,GET /health,GET,200,7.781,True
2026-09-28T15:51:01.369107+00:00,PUT /workflows/{id},PUT,200,96.725,True
2026-09-28T15:51:01.445110+00:00,GET /runs/{id},GET,200,31.468,True
2026-09-28T15:51:01.449295+00:00,GET /runs/{id},GET,200,27.385,True
2026-09-28T15:51:01.386110+00:00,PUT /workflows/{id},PUT,200,100.677,True
2026-09-28T15:51:01.386110+00:00,PUT /workflows/{id},PUT,500,102.383,False
2026-09-28T15:51:01.447719+00:00,GET /workflows,GET,200,41.018,True
2026-09-28T15:51:01.406063+00:00,PUT /workflows/{id},PUT,200,83.107,True
2026-09-28T15:51:01.465797+00:00,GET /runs/{id}/logs,GET,200,23.848,True
2026-09-28T15:51:01.477416+00:00,GET /agents/catalog,GET,200,21.093,True
2026-09-28T15:51:01.487854+00:00,GET /agents/catalog,GET,200,26.245,True
2026-09-28T15:51:01.476384+00:00,GET /runs/{id}/logs,GET,200,38.693,True
2026-09-28T15:51:01.488859+00:00,GET /runs/{id},GET,200,35.698,True
2026-09-28T15:51:01.490371+00:00,GET /runs/{id},GET,200,36.932,True
2026-09-28T15:51:01.489363+00:00,GET /workflows,GET,200,37.851,True
2026-09-28T15:51:01.497424+00:00,GET /runs/{id}/logs,GET,200,35.640,True
2026-09-28T15:51:01.515107+00:00,GET /workflows/{id},GET,200,24.429,True
2026-09-28T15:51:01.487854+00:00,PUT /workflows/{id},PUT,200,55.184,True
2026-09-28T15:51:01.524120+00:00,GET /workflows/{id},GET,200,22.084,True
2026-09-28T15:51:01.514573+00:00,GET /workflows,GET,200,37.658,True
2026-09-28T15:51:01.534129+00:00,GET /workflows/{id},GET,200,21.824,True
2026-09-28T15:51:01.527128+00:00,GET /runs/{id},GET,200,30.663,True
2026-09-28T15:51:01.527128+00:00,GET /runs/{id},GET,200,33.368,True
2026-09-28T15:51:01.459385+00:00,PUT /workflows/{id},PUT,200,103.342,True
2026-09-28T15:51:01.558496+00:00,GET /health,GET,200,6.959,True
2026-09-28T15:51:01.539127+00:00,GET /runs/{id},GET,200,26.648,True
2026-09-28T15:51:01.543127+00:00,GET /runs/{id}/logs,GET,200,25.746,True
2026-09-28T15:51:01.546132+00:00,GET /runs/{id},GET,200,25.185,True
2026-09-28T15:51:01.559496+00:00,GET /agents/catalog,GET,200,20.825,True
2026-09-28T15:51:01.555496+00:00,GET /runs/{id},GET,200,27.287,True
2026-09-28T15:51:01.566118+00:00,GET /workflows/{id},GET,200,20.353,True
2026-09-28T15:51:01.580897+00:00,GET /health,GET,200,5.991,True
2026-09-28T15:51:01.563537+00:00,GET /workflows,GET,200,24.290,True
2026-09-28T15:51:01.552131+00:00,GET /workflows,GET,200,35.516,True
2026-09-28T15:51:01.568706+00:00,POST /workflows/{id}/validate,POST,200,19.617,True
2026-09-28T15:51:01.586904+00:00,GET /health,GET,200,3.487,True
2026-09-28T15:51:01.586904+00:00,GET /runs/{id}/logs,GET,200,14.279,True
2026-09-28T15:51:01.586904+00:00,GET /workflows,GET,200,13.956,True
2026-09-28T15:51:01.590715+00:00,GET /runs/{id}/logs,GET,200,13.314,True
2026-09-28T15:51:01.586904+00:00,GET /workflows,GET,200,16.404,True
2026-09-28T15:51:01.604259+00:00,GET /health,GET,200,4.604,True
2026-09-28T15:51:01.607798+00:00,GET /health,GET,200,3.687,True
2026-09-28T15:51:01.600756+00:00,GET /runs/{id}/logs,GET,200,18.018,True
2026-09-28T15:51:01.600756+00:00,GET /workflows,GET,200,20.336,True
2026-09-28T15:51:01.604259+00:00,GET /workflows,GET,200,20.167,True
2026-09-28T15:51:01.619393+00:00,GET /health,GET,200,6.191,True
2026-09-28T15:51:01.625640+00:00,GET /health,GET,200,6.974,True
2026-09-28T15:51:01.621479+00:00,GET /workflows/{id},GET,200,12.252,True
2026-09-28T15:51:01.612710+00:00,POST /workflows/{id}/validate,POST,200,24.861,True
2026-09-28T15:51:01.637311+00:00,GET /health,GET,200,4.277,True
2026-09-28T15:51:01.565120+00:00,PUT /workflows/{id},PUT,200,76.681,True
2026-09-28T15:51:01.625124+00:00,GET /agents/catalog,GET,200,17.740,True
2026-09-28T15:51:01.571951+00:00,PUT /workflows/{id},PUT,200,79.500,True
2026-09-28T15:51:01.632306+00:00,GET /runs/{id}/logs,GET,200,21.324,True
2026-09-28T15:51:01.642339+00:00,GET /workflows/{id},GET,200,16.064,True
2026-09-28T15:51:01.640832+00:00,GET /workflows,GET,200,21.834,True
2026-09-28T15:51:01.586904+00:00,PUT /workflows/{id},PUT,200,76.687,True
2026-09-28T15:51:01.582905+00:00,PUT /workflows/{id},PUT,500,87.819,False
2026-09-28T15:51:01.663327+00:00,GET /health,GET,200,7.621,True
2026-09-28T15:51:01.651030+00:00,GET /workflows/{id},GET,200,20.388,True
2026-09-28T15:51:01.654027+00:00,GET /runs/{id},GET,200,18.022,True
2026-09-28T15:51:01.670320+00:00,GET /health,GET,200,5.495,True
2026-09-28T15:51:01.658329+00:00,GET /workflows,GET,200,22.305,True
2026-09-28T15:51:01.664320+00:00,GET /workflows/{id},GET,200,16.843,True
2026-09-28T15:51:01.671322+00:00,GET /workflows/{id},GET,200,11.371,True
2026-09-28T15:51:01.672322+00:00,GET /agents/catalog,GET,200,13.323,True
2026-09-28T15:51:01.675842+00:00,GET /runs/{id},GET,200,21.532,True
2026-09-28T15:51:01.680837+00:00,GET /runs/{id},GET,200,20.153,True
2026-09-28T15:51:01.680837+00:00,GET /runs/{id}/logs,GET,200,25.330,True
2026-09-28T15:51:01.685367+00:00,GET /workflows/{id},GET,200,25.540,True
2026-09-28T15:51:01.681851+00:00,GET /runs/{id},GET,200,30.575,True
2026-09-28T15:51:01.705834+00:00,GET /health,GET,200,6.871,True
2026-09-28T15:51:01.633312+00:00,PUT /workflows/{id},PUT,200,85.148,True
2026-09-28T15:51:01.642339+00:00,PUT /workflows/{id},PUT,500,76.841,False
2026-09-28T15:51:01.697046+00:00,GET /agents/catalog,GET,200,22.077,True
2026-09-28T15:51:01.718566+00:00,GET /health,GET,200,7.388,True
2026-09-28T15:51:01.701351+00:00,POST /workflows/{id}/validate,POST,200,26.531,True
2026-09-28T15:51:01.710314+00:00,POST /workflows/{id}/validate,POST,200,25.499,True
2026-09-28T15:51:01.719698+00:00,GET /workflows/{id},GET,200,20.978,True
2026-09-28T15:51:01.718566+00:00,GET /runs/{id},GET,200,23.806,True
2026-09-28T15:51:01.713510+00:00,GET /runs/{id}/logs,GET,200,29.448,True
2026-09-28T15:51:01.727777+00:00,GET /runs/{id}/logs,GET,200,22.897,True
2026-09-28T15:51:01.671322+00:00,PUT /workflows/{id},PUT,200,80.996,True
2026-09-28T15:51:01.725765+00:00,GET /runs/{id},GET,200,26.715,True
2026-09-28T15:51:01.742534+00:00,GET /runs/{id}/logs,GET,200,21.464,True
2026-09-28T15:51:01.740510+00:00,GET /workflows,GET,200,27.227,True
2026-09-28T15:51:01.742534+00:00,GET /workflows,GET,200,28.032,True
2026-09-28T15:51:01.752535+00:00,GET /workflows/{id},GET,200,19.549,True
2026-09-28T15:51:01.750529+00:00,GET /workflows/{id},GET,200,22.038,True
2026-09-28T15:51:01.752535+00:00,GET /runs/{id},GET,200,25.257,True
2026-09-28T15:51:01.777887+00:00,GET /health,GET,200,4.841,True
2026-09-28T15:51:01.767793+00:00,GET /agents/catalog,GET,200,24.097,True
2026-09-28T15:51:01.763787+00:00,GET /workflows,GET,200,30.681,True
2026-09-28T15:51:01.712678+00:00,PUT /workflows/{id},PUT,200,82.047,True
2026-09-28T15:51:01.771424+00:00,GET /workflows,GET,200,26.685,True
2026-09-28T15:51:01.772880+00:00,POST /workflows/{id}/validate,POST,200,26.784,True
2026-09-28T15:51:01.770424+00:00,GET /runs/{id}/logs,GET,200,33.607,True
2026-09-28T15:51:01.782888+00:00,GET /workflows/{id},GET,200,26.199,True
2026-09-28T15:51:01.799086+00:00,GET /workflows/{id},GET,200,21.572,True
2026-09-28T15:51:01.736776+00:00,PUT /workflows/{id},PUT,200,85.913,True
2026-09-28T15:51:01.795280+00:00,GET /runs/{id},GET,200,27.874,True
2026-09-28T15:51:01.792273+00:00,GET /workflows,GET,200,30.785,True
2026-09-28T15:51:01.794282+00:00,GET /runs/{id}/logs,GET,200,30.096,True
2026-09-28T15:51:01.804100+00:00,GET /runs/{id}/logs,GET,200,23.788,True
2026-09-28T15:51:01.820159+00:00,GET /workflows/{id},GET,200,14.710,True
2026-09-28T15:51:01.827770+00:00,GET /workflows/{id},GET,200,13.706,True
2026-09-28T15:51:01.824837+00:00,GET /runs/{id}/logs,GET,200,18.522,True
2026-09-28T15:51:01.822904+00:00,GET /runs/{id},GET,200,20.477,True
2026-09-28T15:51:01.835774+00:00,GET /workflows/{id},GET,200,9.738,True
2026-09-28T15:51:01.821634+00:00,PUT /workflows/{id},PUT,200,27.270,True
2026-09-28T15:51:01.842772+00:00,GET /workflows/{id},GET,200,15.864,True
2026-09-28T15:51:01.845770+00:00,GET /agents/catalog,GET,200,13.940,True
2026-09-28T15:51:01.843770+00:00,GET /runs/{id},GET,200,19.144,True
2026-09-28T15:51:01.849769+00:00,POST /workflows/{id}/validate,POST,200,19.618,True
2026-09-28T15:51:01.859312+00:00,POST /workflows/{id}/validate,POST,200,22.137,True
2026-09-28T15:51:01.808541+00:00,PUT /workflows/{id},PUT,500,72.453,False
2026-09-28T15:51:01.799086+00:00,PUT /workflows/{id},PUT,200,83.230,True
2026-09-28T15:51:01.862312+00:00,GET /runs/{id}/logs,GET,200,19.772,True
2026-09-28T15:51:01.859312+00:00,GET /runs/{id},GET,200,23.388,True
2026-09-28T15:51:01.882776+00:00,GET /workflows/{id},GET,200,11.082,True
2026-09-28T15:51:01.882776+00:00,GET /agents/catalog,GET,200,15.287,True
2026-09-28T15:51:01.881357+00:00,GET /runs/{id},GET,200,22.154,True
2026-09-28T15:51:01.822904+00:00,PUT /workflows/{id},PUT,200,80.980,True
2026-09-28T15:51:01.881357+00:00,GET /runs/{id},GET,200,25.533,True
2026-09-28T15:51:01.894037+00:00,GET /runs/{id},GET,200,22.961,True
2026-09-28T15:51:01.841770+00:00,PUT /workflows/{id},PUT,200,77.780,True
2026-09-28T15:51:01.881357+00:00,GET /workflows/{id},GET,200,44.609,True
2026-09-28T15:51:01.904012+00:00,GET /runs/{id},GET,200,25.054,True
2026-09-28T15:51:01.902714+00:00,GET /workflows,GET,200,25.762,True
2026-09-28T15:51:01.916259+00:00,GET /runs/{id},GET,200,22.667,True
2026-09-28T15:51:01.919731+00:00,GET /runs/{id},GET,200,23.826,True
2026-09-28T15:51:01.869313+00:00,PUT /workflows/{id},PUT,200,80.788,True
2026-09-28T15:51:01.928686+00:00,GET /runs/{id},GET,200,26.431,True
2026-09-28T15:51:01.928686+00:00,GET /workflows,GET,200,27.243,True
2026-09-28T15:51:01.926568+00:00,GET /runs/{id}/logs,GET,200,30.105,True
2026-09-28T15:51:01.943212+00:00,GET /runs/{id},GET,200,22.938,True
2026-09-28T15:51:01.939672+00:00,GET /runs/{id},GET,200,27.313,True
2026-09-28T15:51:01.950220+00:00,GET /runs/{id},GET,200,25.175,True
2026-09-28T15:51:01.956894+00:00,GET /workflows,GET,200,29.248,True
2026-09-28T15:51:01.956220+00:00,POST /workflows/{id}/validate,POST,200,33.631,True
2026-09-28T15:51:01.966976+00:00,GET /workflows/{id},GET,200,27.956,True
2026-09-28T15:51:01.898227+00:00,PUT /workflows/{id},PUT,200,97.418,True
2026-09-28T15:51:01.906910+00:00,PUT /workflows/{id},PUT,500,87.733,False
2026-09-28T15:51:01.955223+00:00,GET /runs/{id},GET,200,40.132,True
2026-09-28T15:51:01.965978+00:00,GET /runs/{id}/logs,GET,200,29.925,True
2026-09-28T15:51:01.975164+00:00,GET /runs/{id},GET,200,22.574,True
2026-09-28T15:51:01.985221+00:00,GET /workflows/{id},GET,200,22.603,True
2026-09-28T15:51:01.994779+00:00,GET /runs/{id},GET,200,30.608,True
2026-09-28T15:51:01.989791+00:00,GET /workflows,GET,200,37.061,True
2026-09-28T15:51:01.995773+00:00,GET /runs/{id},GET,200,31.590,True
2026-09-28T15:51:01.997520+00:00,GET /runs/{id},GET,200,30.211,True
2026-09-28T15:51:01.994779+00:00,GET /workflows,GET,200,33.614,True
2026-09-28T15:51:01.995773+00:00,GET /workflows,GET,200,35.341,True
2026-09-28T15:51:02.008462+00:00,GET /workflows,GET,200,26.153,True
2026-09-28T15:51:02.034905+00:00,GET /health,GET,200,4.814,True
2026-09-28T15:51:02.028905+00:00,GET /workflows/{id},GET,200,20.450,True
2026-09-28T15:51:02.026903+00:00,GET /agents/catalog,GET,200,22.705,True
2026-09-28T15:51:02.025902+00:00,GET /workflows,GET,200,29.025,True
2026-09-28T15:51:02.027904+00:00,GET /workflows,GET,200,28.961,True
2026-09-28T15:51:02.031915+00:00,GET /runs/{id}/logs,GET,200,25.389,True
2026-09-28T15:51:02.039072+00:00,GET /workflows/{id},GET,200,18.456,True
2026-09-28T15:51:01.995773+00:00,PUT /workflows/{id},PUT,200,62.677,True
2026-09-28T15:51:02.049649+00:00,POST /workflows/{id}/validate,POST,200,17.221,True
2026-09-28T15:51:02.054657+00:00,GET /runs/{id},GET,200,15.035,True
2026-09-28T15:51:02.057654+00:00,GET /agents/catalog,GET,200,14.654,True
2026-09-28T15:51:02.056663+00:00,GET /workflows,GET,200,19.545,True
2026-09-28T15:51:02.057654+00:00,GET /runs/{id},GET,200,20.398,True
2026-09-28T15:51:02.066210+00:00,GET /workflows,GET,200,20.982,True
2026-09-28T15:51:02.069430+00:00,GET /runs/{id},GET,200,18.753,True
2026-09-28T15:51:02.072447+00:00,GET /runs/{id},GET,200,22.638,True
2026-09-28T15:51:02.076450+00:00,GET /workflows/{id},GET,200,19.423,True
2026-09-28T15:51:02.078441+00:00,GET /runs/{id},GET,200,18.690,True
2026-09-28T15:51:02.026903+00:00,PUT /workflows/{id},PUT,200,79.660,True
2026-09-28T15:51:02.086997+00:00,GET /runs/{id}/logs,GET,200,29.118,True
2026-09-28T15:51:02.096745+00:00,GET /workflows/{id},GET,200,22.297,True
2026-09-28T15:51:02.095349+00:00,GET /runs/{id}/logs,GET,200,24.496,True
2026-09-28T15:51:02.095349+00:00,GET /runs/{id},GET,200,28.430,True
2026-09-28T15:51:02.119940+00:00,GET /health,GET,200,4.852,True
2026-09-28T15:51:02.056663+00:00,PUT /workflows/{id},PUT,500,88.002,False
2026-09-28T15:51:02.049649+00:00,PUT /workflows/{id},PUT,200,98.993,True
2026-09-28T15:51:02.118566+00:00,GET /workflows,GET,200,29.597,True
2026-09-28T15:51:02.116807+00:00,GET /runs/{id},GET,200,32.501,True
2026-09-28T15:51:02.125078+00:00,GET /workflows/{id},GET,200,24.360,True
2026-09-28T15:51:02.124080+00:00,GET /agents/catalog,GET,200,26.523,True
2026-09-28T15:51:02.106675+00:00,GET /workflows,GET,200,43.652,True
2026-09-28T15:51:02.087987+00:00,PUT /workflows/{id},PUT,200,69.268,True
2026-09-28T15:51:02.148778+00:00,GET /workflows/{id},GET,200,17.337,True
2026-09-28T15:51:02.165824+00:00,GET /health,GET,200,4.042,True
2026-09-28T15:51:02.150785+00:00,GET /runs/{id},GET,200,23.601,True
2026-09-28T15:51:02.149782+00:00,GET /runs/{id}/logs,GET,200,24.814,True
2026-09-28T15:51:02.148778+00:00,GET /runs/{id},GET,200,25.670,True
2026-09-28T15:51:02.148778+00:00,GET /runs/{id}/logs,GET,200,26.344,True
2026-09-28T15:51:02.150785+00:00,GET /workflows/{id},GET,200,24.994,True
2026-09-28T15:51:02.169847+00:00,GET /workflows/{id},GET,200,14.886,True
2026-09-28T15:51:02.144776+00:00,PUT /workflows/{id},PUT,200,43.312,True
2026-09-28T15:51:02.175478+00:00,GET /workflows/{id},GET,200,18.197,True
2026-09-28T15:51:02.173847+00:00,GET /workflows/{id},GET,200,19.493,True
2026-09-28T15:51:02.174841+00:00,GET /agents/catalog,GET,200,19.397,True
2026-09-28T15:51:02.175478+00:00,GET /runs/{id},GET,200,22.179,True
2026-09-28T15:51:02.174841+00:00,GET /workflows,GET,200,32.909,True
2026-09-28T15:51:02.184998+00:00,GET /runs/{id},GET,200,28.497,True
2026-09-28T15:51:02.188016+00:00,GET /runs/{id},GET,200,26.668,True
2026-09-28T15:51:02.198003+00:00,GET /agents/catalog,GET,200,20.215,True
2026-09-28T15:51:02.193002+00:00,GET /workflows,GET,200,29.620,True
2026-09-28T15:51:02.193002+00:00,GET /runs/{id},GET,200,30.275,True
2026-09-28T15:51:02.194011+00:00,GET /runs/{id},GET,200,31.703,True
2026-09-28T15:51:02.213235+00:00,GET /workflows,GET,200,23.223,True
2026-09-28T15:51:02.215592+00:00,POST /workflows/{id}/validate,POST,200,25.361,True
2026-09-28T15:51:02.223256+00:00,GET /workflows/{id},GET,200,19.811,True
2026-09-28T15:51:02.217597+00:00,GET /runs/{id},GET,200,28.789,True
2026-09-28T15:51:02.223256+00:00,GET /runs/{id},GET,200,25.169,True
2026-09-28T15:51:02.225261+00:00,GET /runs/{id},GET,200,23.687,True
2026-09-28T15:51:02.157784+00:00,PUT /workflows/{id},PUT,200,92.358,True
2026-09-28T15:51:02.240969+00:00,GET /runs/{id},GET,200,17.437,True
2026-09-28T15:51:02.248127+00:00,GET /agents/catalog,GET,200,14.568,True
2026-09-28T15:51:02.247128+00:00,GET /workflows,GET,200,19.343,True
2026-09-28T15:51:02.250125+00:00,GET /runs/{id},GET,200,22.549,True
2026-09-28T15:51:02.207238+00:00,PUT /workflows/{id},PUT,200,68.087,True
2026-09-28T15:51:02.258131+00:00,GET /workflows,GET,200,20.992,True
2026-09-28T15:51:02.262636+00:00,GET /workflows,GET,200,19.366,True
2026-09-28T15:51:02.266643+00:00,GET /workflows,GET,200,17.355,True
2026-09-28T15:51:02.276149+00:00,GET /workflows/{id},GET,200,12.084,True
2026-09-28T15:51:02.272150+00:00,GET /agents/catalog,GET,200,15.539,True
2026-09-28T15:51:02.282255+00:00,GET /workflows/{id},GET,200,13.822,True
2026-09-28T15:51:02.283911+00:00,GET /runs/{id},GET,200,20.433,True
2026-09-28T15:51:02.295822+00:00,GET /health,GET,200,8.370,True
2026-09-28T15:51:02.287946+00:00,GET /workflows/{id},GET,200,20.305,True
2026-09-28T15:51:02.287946+00:00,GET /runs/{id},GET,200,22.035,True
2026-09-28T15:51:02.236303+00:00,PUT /workflows/{id},PUT,200,74.556,True
2026-09-28T15:51:02.303633+00:00,GET /health,GET,200,7.261,True
2026-09-28T15:51:02.243127+00:00,PUT /workflows/{id},PUT,500,75.943,False
2026-09-28T15:51:02.249125+00:00,PUT /workflows/{id},PUT,200,76.716,True
2026-09-28T15:51:02.303633+00:00,GET /runs/{id}/logs,GET,200,25.410,True
2026-09-28T15:51:02.309695+00:00,GET /agents/catalog,GET,200,26.561,True
2026-09-28T15:51:02.308541+00:00,GET /workflows,GET,200,34.326,True
2026-09-28T15:51:02.312203+00:00,GET /runs/{id}/logs,GET,200,33.390,True
2026-09-28T15:51:02.318952+00:00,GET /workflows,GET,200,30.614,True
2026-09-28T15:51:02.345220+00:00,GET /health,GET,200,6.992,True
2026-09-28T15:51:02.329040+00:00,GET /runs/{id}/logs,GET,200,26.767,True
2026-09-28T15:51:02.325485+00:00,GET /workflows,GET,200,33.578,True
2026-09-28T15:51:02.359492+00:00,GET /health,GET,200,2.899,True
2026-09-28T15:51:02.336990+00:00,GET /runs/{id},GET,200,32.406,True
2026-09-28T15:51:02.279152+00:00,PUT /workflows/{id},PUT,200,90.570,True
2026-09-28T15:51:02.342220+00:00,GET /workflows,GET,200,32.788,True
2026-09-28T15:51:02.375134+00:00,GET /health,GET,200,3.696,True
2026-09-28T15:51:02.350491+00:00,GET /runs/{id}/logs,GET,200,29.864,True
2026-09-28T15:51:02.352493+00:00,GET /runs/{id}/logs,GET,200,30.341,True
2026-09-28T15:51:02.356492+00:00,GET /runs/{id}/logs,GET,200,27.604,True
2026-09-28T15:51:02.362492+00:00,GET /workflows/{id},GET,200,22.419,True
2026-09-28T15:51:02.369092+00:00,GET /agents/catalog,GET,200,22.027,True
2026-09-28T15:51:02.311128+00:00,PUT /workflows/{id},PUT,200,82.949,True
2026-09-28T15:51:02.378814+00:00,GET /agents/catalog,GET,200,23.044,True
2026-09-28T15:51:02.379813+00:00,GET /runs/{id},GET,200,29.092,True
2026-09-28T15:51:02.383792+00:00,GET /runs/{id}/logs,GET,200,26.312,True
2026-09-28T15:51:02.384801+00:00,GET /workflows/{id},GET,200,29.049,True
2026-09-28T15:51:02.369092+00:00,PUT /workflows/{id},PUT,200,47.155,True
2026-09-28T15:51:02.382794+00:00,GET /runs/{id}/logs,GET,200,35.530,True
2026-09-28T15:51:02.394607+00:00,GET /workflows/{id},GET,200,25.639,True
2026-09-28T15:51:02.413312+00:00,GET /health,GET,200,9.141,True
2026-09-28T15:51:02.391343+00:00,GET /workflows,GET,200,33.758,True
2026-09-28T15:51:02.401374+00:00,GET /runs/{id}/logs,GET,200,29.325,True
2026-09-28T15:51:02.408330+00:00,POST /workflows/{id}/validate,POST,200,27.619,True
2026-09-28T15:51:02.418098+00:00,GET /runs/{id}/logs,GET,200,26.747,True
2026-09-28T15:51:02.425031+00:00,GET /workflows/{id},GET,200,20.620,True
2026-09-28T15:51:02.417007+00:00,GET /runs/{id},GET,200,29.903,True
2026-09-28T15:51:02.420206+00:00,GET /runs/{id},GET,200,29.253,True
2026-09-28T15:51:02.431222+00:00,GET /runs/{id}/logs,GET,200,24.424,True
2026-09-28T15:51:02.449443+00:00,GET /runs/{id},GET,200,23.089,True
2026-09-28T15:51:02.447098+00:00,GET /workflows,GET,200,26.892,True
2026-09-28T15:51:02.445519+00:00,GET /workflows,GET,200,28.423,True
2026-09-28T15:51:02.455899+00:00,GET /runs/{id},GET,200,19.437,True
2026-09-28T15:51:02.473724+00:00,GET /workflows/{id},GET,200,14.348,True
2026-09-28T15:51:02.409720+00:00,PUT /workflows/{id},PUT,200,84.942,True
2026-09-28T15:51:02.471450+00:00,GET /runs/{id}/logs,GET,200,25.997,True
2026-09-28T15:51:02.473724+00:00,GET /runs/{id}/logs,GET,200,24.941,True
2026-09-28T15:51:02.475724+00:00,POST /workflows/{id}/validate,POST,200,26.571,True
2026-09-28T15:51:02.499130+00:00,GET /health,GET,200,6.472,True
2026-09-28T15:51:02.497812+00:00,GET /health,GET,200,7.537,True
2026-09-28T15:51:02.488286+00:00,GET /workflows/{id},GET,200,19.252,True
2026-09-28T15:51:02.423460+00:00,PUT /workflows/{id},PUT,200,86.675,True
2026-09-28T15:51:02.505745+00:00,GET /health,GET,200,6.814,True
2026-09-28T15:51:02.505745+00:00,GET /health,GET,200,7.660,True
2026-09-28T15:51:02.436310+00:00,PUT /workflows/{id},PUT,200,84.239,True
2026-09-28T15:51:02.494813+00:00,GET /workflows,GET,200,27.205,True
2026-09-28T15:51:02.444998+00:00,PUT /workflows/{id},PUT,500,85.125,False
2026-09-28T15:51:02.522401+00:00,GET /health,GET,200,8.830,True
2026-09-28T15:51:02.501221+00:00,GET /runs/{id}/logs,GET,200,29.674,True
2026-09-28T15:51:02.509998+00:00,GET /workflows/{id},GET,200,26.697,True
2026-09-28T15:51:02.507204+00:00,POST /workflows/{id}/validate,POST,200,33.975,True
2026-09-28T15:51:02.513213+00:00,GET /runs/{id},GET,200,29.228,True
2026-09-28T15:51:02.512212+00:00,GET /runs/{id}/logs,GET,200,29.957,True
2026-09-28T15:51:02.536034+00:00,GET /health,GET,200,6.407,True
2026-09-28T15:51:02.532019+00:00,GET /agents/catalog,GET,200,16.819,True
2026-09-28T15:51:02.530439+00:00,GET /workflows/{id},GET,200,22.331,True
2026-09-28T15:51:02.520398+00:00,GET /runs/{id},GET,200,32.189,True
2026-09-28T15:51:02.543027+00:00,GET /workflows/{id},GET,200,13.661,True
2026-09-28T15:51:02.541024+00:00,GET /agents/catalog,GET,200,15.761,True
2026-09-28T15:51:02.542024+00:00,GET /runs/{id},GET,200,14.940,True
2026-09-28T15:51:02.548030+00:00,GET /agents/catalog,GET,200,11.856,True
2026-09-28T15:51:02.553048+00:00,GET /agents/catalog,GET,200,12.667,True
2026-09-28T15:51:02.565566+00:00,GET /health,GET,200,4.856,True
2026-09-28T15:51:02.560055+00:00,GET /agents/catalog,GET,200,11.829,True
2026-09-28T15:51:02.557048+00:00,POST /workflows/{id}/validate,POST,200,18.677,True
2026-09-28T15:51:02.557048+00:00,GET /workflows,GET,200,18.154,True
2026-09-28T15:51:02.557048+00:00,GET /workflows,GET,200,18.940,True
2026-09-28T15:51:02.572562+00:00,GET /health,GET,200,3.980,True
2026-09-28T15:51:02.570556+00:00,GET /agents/catalog,GET,200,10.957,True
2026-09-28T15:51:02.575567+00:00,GET /workflows/{id},GET,200,11.645,True
2026-09-28T15:51:02.576556+00:00,GET /runs/{id},GET,200,16.726,True
2026-09-28T15:51:02.575567+00:00,GET /runs/{id}/logs,GET,200,19.014,True
2026-09-28T15:51:02.581246+00:00,GET /workflows,GET,200,22.862,True
2026-09-28T15:51:02.587226+00:00,GET /runs/{id},GET,200,27.711,True
2026-09-28T15:51:02.531437+00:00,PUT /workflows/{id},PUT,200,84.255,True
2026-09-28T15:51:02.594232+00:00,GET /agents/catalog,GET,200,20.952,True
2026-09-28T15:51:02.593232+00:00,GET /agents/catalog,GET,200,29.317,True
2026-09-28T15:51:02.615285+00:00,GET /health,GET,200,8.134,True
2026-09-28T15:51:02.542024+00:00,PUT /workflows/{id},PUT,200,82.293,True
2026-09-28T15:51:02.603818+00:00,GET /workflows,GET,200,24.937,True
2026-09-28T15:51:02.552052+00:00,PUT /workflows/{id},PUT,500,77.663,False
2026-09-28T15:51:02.615285+00:00,GET /workflows/{id},GET,200,18.574,True
2026-09-28T15:51:02.629501+00:00,GET /health,GET,200,7.489,True
2026-09-28T15:51:02.614285+00:00,POST /workflows/{id}/validate,POST,200,27.374,True
2026-09-28T15:51:02.623502+00:00,GET /agents/catalog,GET,200,23.185,True
2026-09-28T15:51:02.634170+00:00,GET /workflows/{id},GET,200,18.866,True
2026-09-28T15:51:02.622501+00:00,GET /workflows,GET,200,32.639,True
2026-09-28T15:51:02.624510+00:00,GET /runs/{id}/logs,GET,200,33.067,True
2026-09-28T15:51:02.637175+00:00,GET /workflows,GET,200,26.125,True
2026-09-28T15:51:02.575567+00:00,PUT /workflows/{id},PUT,200,88.227,True
2026-09-28T15:51:02.641176+00:00,POST /workflows/{id}/validate,POST,200,22.389,True
2026-09-28T15:51:02.646919+00:00,GET /runs/{id}/logs,GET,200,20.309,True
2026-09-28T15:51:02.663800+00:00,GET /health,GET,200,5.770,True
2026-09-28T15:51:02.657307+00:00,GET /workflows/{id},GET,200,13.412,True
2026-09-28T15:51:02.669797+00:00,GET /health,GET,200,4.432,True
2026-09-28T15:51:02.652106+00:00,GET /workflows,GET,200,23.823,True
2026-09-28T15:51:02.663800+00:00,GET /workflows/{id},GET,200,15.064,True
2026-09-28T15:51:02.664799+00:00,GET /workflows,GET,200,20.855,True
2026-09-28T15:51:02.685132+00:00,GET /health,GET,200,5.024,True
2026-09-28T15:51:02.666798+00:00,GET /runs/{id}/logs,GET,200,25.509,True
2026-09-28T15:51:02.671456+00:00,GET /runs/{id}/logs,GET,200,27.936,True
2026-09-28T15:51:02.676464+00:00,GET /runs/{id},GET,200,27.910,True
2026-09-28T15:51:02.674463+00:00,GET /runs/{id},GET,200,31.737,True
2026-09-28T15:51:02.678464+00:00,GET /runs/{id},GET,200,28.088,True
2026-09-28T15:51:02.629501+00:00,PUT /workflows/{id},PUT,200,82.237,True
2026-09-28T15:51:02.690644+00:00,GET /workflows,GET,200,31.623,True
2026-09-28T15:51:02.692642+00:00,GET /workflows,GET,200,35.527,True
2026-09-28T15:51:02.699306+00:00,GET /runs/{id},GET,200,29.635,True
2026-09-28T15:51:02.704921+00:00,GET /workflows/{id},GET,200,24.565,True
2026-09-28T15:51:02.707223+00:00,GET /workflows/{id},GET,200,23.228,True
2026-09-28T15:51:02.705926+00:00,GET /runs/{id},GET,200,29.183,True
2026-09-28T15:51:02.711614+00:00,GET /workflows,GET,200,30.566,True
2026-09-28T15:51:02.727887+00:00,GET /agents/catalog,GET,200,21.402,True
2026-09-28T15:51:02.730278+00:00,GET /workflows/{id},GET,200,23.456,True
2026-09-28T15:51:02.721676+00:00,GET /runs/{id},GET,200,39.458,True
2026-09-28T15:51:02.654616+00:00,PUT /workflows/{id},PUT,200,107.111,True
2026-09-28T15:51:02.729269+00:00,GET /runs/{id}/logs,GET,200,33.237,True
2026-09-28T15:51:02.727887+00:00,GET /workflows,GET,200,34.620,True
2026-09-28T15:51:02.735322+00:00,GET /workflows,GET,200,32.091,True
2026-09-28T15:51:02.742326+00:00,GET /runs/{id},GET,200,25.572,True
2026-09-28T15:51:02.753915+00:00,GET /workflows/{id},GET,200,18.555,True
2026-09-28T15:51:02.749909+00:00,GET /runs/{id},GET,200,26.860,True
2026-09-28T15:51:02.776645+00:00,GET /health,GET,200,5.847,True
2026-09-28T15:51:02.761916+00:00,GET /workflows/{id},GET,200,23.285,True
2026-09-28T15:51:02.767426+00:00,GET /workflows/{id},GET,200,21.053,True
2026-09-28T15:51:02.761916+00:00,GET /runs/{id},GET,200,30.218,True
2026-09-28T15:51:02.762914+00:00,POST /workflows/{id}/validate,POST,200,29.157,True
2026-09-28T15:51:02.767426+00:00,GET /workflows,GET,200,27.452,True
2026-09-28T15:51:02.794423+00:00,GET /health,GET,200,5.371,True
2026-09-28T15:51:02.772142+00:00,GET /runs/{id},GET,200,28.794,True
2026-09-28T15:51:02.761916+00:00,PUT /workflows/{id},PUT,200,39.455,True
2026-09-28T15:51:02.799946+00:00,GET /health,GET,200,6.527,True
2026-09-28T15:51:02.785715+00:00,GET /runs/{id}/logs,GET,200,21.550,True
2026-09-28T15:51:02.792423+00:00,GET /runs/{id}/logs,GET,200,21.592,True
2026-09-28T15:51:02.789206+00:00,GET /workflows,GET,200,27.231,True
2026-09-28T15:51:02.807025+00:00,GET /runs/{id}/logs,GET,200,17.236,True
2026-09-28T15:51:02.800946+00:00,GET /runs/{id}/logs,GET,200,23.658,True
2026-09-28T15:51:02.807025+00:00,GET /agents/catalog,GET,200,17.707,True
2026-09-28T15:51:02.800946+00:00,GET /workflows,GET,200,23.786,True
2026-09-28T15:51:02.824619+00:00,GET /health,GET,200,3.939,True
2026-09-28T15:51:02.823537+00:00,GET /runs/{id},GET,200,17.533,True
2026-09-28T15:51:02.824619+00:00,GET /runs/{id},GET,200,17.895,True
2026-09-28T15:51:02.824619+00:00,GET /runs/{id}/logs,GET,200,20.191,True
2026-09-28T15:51:02.828238+00:00,GET /workflows/{id},GET,200,16.418,True
2026-09-28T15:51:02.782299+00:00,PUT /workflows/{id},PUT,200,66.721,True
2026-09-28T15:51:02.841954+00:00,POST /workflows/{id}/validate,POST,200,19.720,True
2026-09-28T15:51:02.841954+00:00,GET /runs/{id},GET,200,19.218,True
2026-09-28T15:51:02.845956+00:00,GET /runs/{id},GET,200,23.516,True
2026-09-28T15:51:02.791423+00:00,PUT /workflows/{id},PUT,200,78.954,True
2026-09-28T15:51:02.844977+00:00,GET /runs/{id},GET,200,26.700,True
2026-09-28T15:51:02.849953+00:00,GET /runs/{id},GET,200,23.919,True
2026-09-28T15:51:02.860955+00:00,GET /workflows/{id},GET,200,23.047,True
2026-09-28T15:51:02.870955+00:00,GET /agents/catalog,GET,200,22.024,True
2026-09-28T15:51:02.871969+00:00,GET /workflows/{id},GET,200,21.443,True
2026-09-28T15:51:02.861954+00:00,GET /workflows,GET,200,35.218,True
2026-09-28T15:51:02.868963+00:00,GET /workflows,GET,200,31.214,True
2026-09-28T15:51:02.812921+00:00,PUT /workflows/{id},PUT,200,89.523,True
2026-09-28T15:51:02.815710+00:00,PUT /workflows/{id},PUT,500,95.865,False
2026-09-28T15:51:02.873966+00:00,GET /workflows,GET,200,39.285,True
2026-09-28T15:51:02.892920+00:00,GET /workflows,GET,200,20.797,True
2026-09-28T15:51:02.892920+00:00,GET /agents/catalog,GET,200,24.511,True
2026-09-28T15:51:02.896440+00:00,GET /runs/{id},GET,200,23.013,True
2026-09-28T15:51:02.920157+00:00,GET /health,GET,200,5.163,True
2026-09-28T15:51:02.911871+00:00,GET /workflows/{id},GET,200,22.886,True
2026-09-28T15:51:02.918221+00:00,GET /agents/catalog,GET,200,17.331,True
2026-09-28T15:51:02.912902+00:00,GET /runs/{id}/logs,GET,200,23.177,True
2026-09-28T15:51:02.903479+00:00,PUT /workflows/{id},PUT,200,33.083,True
2026-09-28T15:51:02.912902+00:00,GET /runs/{id},GET,200,25.636,True
2026-09-28T15:51:02.925517+00:00,GET /runs/{id},GET,200,20.620,True
2026-09-28T15:51:02.945721+00:00,GET /health,GET,200,3.695,True
2026-09-28T15:51:02.934716+00:00,GET /runs/{id},GET,200,26.483,True
2026-09-28T15:51:02.934716+00:00,GET /runs/{id}/logs,GET,200,26.974,True
2026-09-28T15:51:02.884707+00:00,PUT /workflows/{id},PUT,200,77.850,True
2026-09-28T15:51:02.936713+00:00,GET /runs/{id}/logs,GET,200,26.451,True
2026-09-28T15:51:02.938716+00:00,GET /workflows,GET,200,24.335,True
2026-09-28T15:51:02.949390+00:00,GET /workflows/{id},GET,200,15.964,True
2026-09-28T15:51:02.961903+00:00,GET /health,GET,200,4.216,True
2026-09-28T15:51:02.962903+00:00,GET /health,GET,200,4.091,True
2026-09-28T15:51:02.900358+00:00,PUT /workflows/{id},PUT,200,75.703,True
2026-09-28T15:51:02.961903+00:00,GET /workflows/{id},GET,200,17.438,True
2026-09-28T15:51:02.961903+00:00,GET /runs/{id},GET,200,21.859,True
2026-09-28T15:51:02.963902+00:00,POST /workflows/{id}/validate,POST,200,21.128,True
2026-09-28T15:51:02.965420+00:00,GET /runs/{id}/logs,GET,200,24.601,True
2026-09-28T15:51:02.965420+00:00,GET /runs/{id},GET,200,25.544,True
2026-09-28T15:51:02.966433+00:00,GET /runs/{id}/logs,GET,200,24.337,True
2026-09-28T15:51:02.979024+00:00,GET /workflows/{id},GET,200,15.812,True
2026-09-28T15:51:02.990794+00:00,GET /workflows/{id},GET,200,15.589,True
2026-09-28T15:51:02.984662+00:00,GET /runs/{id},GET,200,22.650,True
2026-09-28T15:51:02.990794+00:00,GET /runs/{id},GET,200,24.417,True
2026-09-28T15:51:02.990794+00:00,GET /runs/{id},GET,200,24.270,True
2026-09-28T15:51:02.995319+00:00,GET /runs/{id},GET,200,20.470,True
2026-09-28T15:51:02.935724+00:00,PUT /workflows/{id},PUT,200,81.016,True
2026-09-28T15:51:03.014660+00:00,GET /health,GET,200,5.276,True
2026-09-28T15:51:03.007304+00:00,POST /workflows/{id}/validate,POST,200,19.430,True
2026-09-28T15:51:03.007304+00:00,GET /workflows,GET,200,23.385,True
2026-09-28T15:51:03.015702+00:00,GET /workflows/{id},GET,200,18.665,True
2026-09-28T15:51:03.014660+00:00,GET /workflows,GET,200,28.943,True
2026-09-28T15:51:03.016957+00:00,GET /runs/{id}/logs,GET,200,28.499,True
2026-09-28T15:51:03.020150+00:00,POST /workflows/{id}/validate,POST,200,29.086,True
2026-09-28T15:51:03.030492+00:00,GET /workflows/{id},GET,200,24.838,True
2026-09-28T15:51:03.033546+00:00,GET /agents/catalog,GET,200,21.060,True
2026-09-28T15:51:03.026603+00:00,GET /runs/{id}/logs,GET,200,31.369,True
2026-09-28T15:51:03.045245+00:00,GET /workflows/{id},GET,200,15.799,True
2026-09-28T15:51:02.976013+00:00,PUT /workflows/{id},PUT,200,85.441,True
2026-09-28T15:51:03.058135+00:00,GET /health,GET,200,5.555,True
2026-09-28T15:51:02.983653+00:00,PUT /workflows/{id},PUT,500,83.328,False
2026-09-28T15:51:03.049752+00:00,GET /runs/{id},GET,200,19.478,True
2026-09-28T15:51:03.055548+00:00,GET /runs/{id},GET,200,19.264,True
2026-09-28T15:51:03.063973+00:00,GET /workflows/{id},GET,200,12.746,True
2026-09-28T15:51:03.073999+00:00,GET /health,GET,200,4.361,True
2026-09-28T15:51:03.060955+00:00,GET /runs/{id}/logs,GET,200,17.735,True
2026-09-28T15:51:03.068960+00:00,GET /workflows,GET,200,16.433,True
2026-09-28T15:51:03.075985+00:00,GET /workflows/{id},GET,200,9.552,True
2026-09-28T15:51:03.078987+00:00,GET /workflows/{id},GET,200,8.602,True
2026-09-28T15:51:03.078987+00:00,POST /workflows/{id}/validate,POST,200,11.926,True
2026-09-28T15:51:03.087922+00:00,GET /health,GET,200,3.479,True
2026-09-28T15:51:03.066961+00:00,GET /health,GET,200,27.240,True
2026-09-28T15:51:03.085683+00:00,GET /workflows,GET,200,16.869,True
2026-09-28T15:51:03.091488+00:00,GET /workflows/{id},GET,200,16.127,True
2026-09-28T15:51:03.085683+00:00,GET /runs/{id}/logs,GET,200,24.314,True
2026-09-28T15:51:03.090922+00:00,GET /runs/{id}/logs,GET,200,21.829,True
2026-09-28T15:51:03.109845+00:00,GET /health,GET,200,4.634,True
2026-09-28T15:51:03.112717+00:00,GET /health,GET,200,5.393,True
2026-09-28T15:51:03.094603+00:00,POST /workflows/{id}/validate,POST,200,23.723,True
2026-09-28T15:51:03.044574+00:00,PUT /workflows/{id},PUT,200,79.668,True
2026-09-28T15:51:03.107557+00:00,GET /workflows/{id},GET,200,24.470,True
2026-09-28T15:51:03.115194+00:00,GET /runs/{id},GET,200,22.555,True
2026-09-28T15:51:03.123845+00:00,GET /workflows/{id},GET,200,20.574,True
2026-09-28T15:51:03.117644+00:00,GET /workflows,GET,200,29.826,True
2026-09-28T15:51:03.061960+00:00,PUT /workflows/{id},PUT,500,93.117,False
2026-09-28T15:51:03.117644+00:00,GET /workflows,GET,200,37.913,True
2026-09-28T15:51:03.055548+00:00,PUT /workflows/{id},PUT,200,101.357,True
2026-09-28T15:51:03.131550+00:00,GET /workflows,GET,200,25.597,True
2026-09-28T15:51:03.156728+00:00,GET /health,GET,200,7.851,True
2026-09-28T15:51:03.154239+00:00,GET /health,GET,200,10.187,True
2026-09-28T15:51:03.156728+00:00,GET /health,GET,200,8.676,True
2026-09-28T15:51:03.137164+00:00,GET /workflows,GET,200,28.187,True
2026-09-28T15:51:03.143764+00:00,GET /runs/{id}/logs,GET,200,23.941,True
2026-09-28T15:51:03.156728+00:00,GET /runs/{id},GET,200,24.018,True
2026-09-28T15:51:03.102405+00:00,PUT /workflows/{id},PUT,200,83.726,True
2026-09-28T15:51:03.164196+00:00,POST /workflows/{id}/validate,POST,200,21.250,True
2026-09-28T15:51:03.164196+00:00,GET /runs/{id},GET,200,21.900,True
2026-09-28T15:51:03.165701+00:00,GET /runs/{id}/logs,GET,200,22.111,True
2026-09-28T15:51:03.168710+00:00,GET /workflows,GET,200,21.921,True
2026-09-28T15:51:03.185354+00:00,GET /workflows/{id},GET,200,14.888,True
2026-09-28T15:51:03.181331+00:00,GET /workflows,GET,200,24.558,True
2026-09-28T15:51:03.186772+00:00,GET /workflows/{id},GET,200,19.883,True
2026-09-28T15:51:03.187780+00:00,GET /workflows/{id},GET,200,19.067,True
2026-09-28T15:51:03.185354+00:00,GET /runs/{id},GET,200,26.656,True
2026-09-28T15:51:03.190781+00:00,GET /runs/{id},GET,200,25.596,True
2026-09-28T15:51:03.200390+00:00,GET /agents/catalog,GET,200,20.345,True
2026-09-28T15:51:03.147635+00:00,PUT /workflows/{id},PUT,200,77.652,True
2026-09-28T15:51:03.205130+00:00,GET /runs/{id}/logs,GET,200,30.502,True
2026-09-28T15:51:03.212934+00:00,POST /workflows/{id}/validate,POST,200,25.535,True
2026-09-28T15:51:03.206583+00:00,GET /workflows,GET,200,33.910,True
2026-09-28T15:51:03.216314+00:00,GET /workflows,GET,200,27.102,True
2026-09-28T15:51:03.164196+00:00,PUT /workflows/{id},PUT,200,83.911,True
2026-09-28T15:51:03.221237+00:00,GET /runs/{id},GET,200,28.049,True
2026-09-28T15:51:03.225072+00:00,GET /runs/{id}/logs,GET,200,25.710,True
2026-09-28T15:51:03.237978+00:00,GET /workflows/{id},GET,200,18.871,True
2026-09-28T15:51:03.235975+00:00,GET /runs/{id}/logs,GET,200,25.329,True
2026-09-28T15:51:03.242977+00:00,GET /workflows,GET,200,23.387,True
2026-09-28T15:51:03.249499+00:00,GET /runs/{id},GET,200,25.006,True
2026-09-28T15:51:03.248504+00:00,GET /runs/{id}/logs,GET,200,27.847,True
2026-09-28T15:51:03.256504+00:00,GET /workflows/{id},GET,200,21.625,True
2026-09-28T15:51:03.251498+00:00,GET /workflows,GET,200,27.914,True
2026-09-28T15:51:03.206583+00:00,PUT /workflows/{id},PUT,200,81.892,True
2026-09-28T15:51:03.266899+00:00,GET /workflows,GET,200,32.045,True
2026-09-28T15:51:03.278274+00:00,GET /agents/catalog,GET,200,20.180,True
2026-09-28T15:51:03.279274+00:00,GET /runs/{id}/logs,GET,200,23.522,True
2026-09-28T15:51:03.274266+00:00,GET /runs/{id}/logs,GET,200,31.476,True
2026-09-28T15:51:03.276281+00:00,GET /workflows,GET,200,30.434,True
2026-09-28T15:51:03.289295+00:00,GET /runs/{id}/logs,GET,200,26.567,True
2026-09-28T15:51:03.302565+00:00,GET /workflows/{id},GET,200,23.492,True
2026-09-28T15:51:03.297971+00:00,GET /workflows,GET,200,32.632,True
2026-09-28T15:51:03.239987+00:00,PUT /workflows/{id},PUT,200,91.400,True
2026-09-28T15:51:03.297971+00:00,GET /runs/{id},GET,200,36.030,True
2026-09-28T15:51:03.306237+00:00,GET /runs/{id}/logs,GET,200,29.472,True
2026-09-28T15:51:03.325457+00:00,GET /health,GET,200,9.503,True
2026-09-28T15:51:03.332114+00:00,GET /health,GET,200,7.750,True
2026-09-28T15:51:03.307291+00:00,GET /workflows,GET,200,33.369,True
2026-09-28T15:51:03.335115+00:00,GET /health,GET,200,5.213,True
2026-09-28T15:51:03.314990+00:00,GET /workflows,GET,200,28.100,True
2026-09-28T15:51:03.261495+00:00,PUT /workflows/{id},PUT,200,116.172,True
2026-09-28T15:51:03.335115+00:00,POST /workflows/{id}/validate,POST,200,46.537,True
2026-09-28T15:51:03.331115+00:00,GET /runs/{id}/logs,GET,200,51.228,True
2026-09-28T15:51:03.340661+00:00,GET /runs/{id},GET,200,51.648,True
2026-09-28T15:51:03.343669+00:00,GET /runs/{id}/logs,GET,200,50.896,True
2026-09-28T15:51:03.339647+00:00,GET /workflows,GET,200,58.841,True
2026-09-28T15:51:03.340661+00:00,GET /workflows,GET,200,58.429,True
2026-09-28T15:51:03.382181+00:00,GET /runs/{id},GET,200,27.355,True
2026-09-28T15:51:03.380673+00:00,GET /workflows,GET,200,30.550,True
2026-09-28T15:51:03.392187+00:00,GET /agents/catalog,GET,200,24.694,True
2026-09-28T15:51:03.377687+00:00,PUT /workflows/{id},PUT,500,52.075,False
2026-09-28T15:51:03.398189+00:00,GET /workflows,GET,200,34.024,True
2026-09-28T15:51:03.394195+00:00,GET /runs/{id}/logs,GET,200,38.349,True
2026-09-28T15:51:03.335115+00:00,PUT /workflows/{id},PUT,200,97.910,True
2026-09-28T15:51:03.399188+00:00,GET /workflows,GET,200,34.415,True
2026-09-28T15:51:03.411415+00:00,GET /agents/catalog,GET,200,25.912,True
2026-09-28T15:51:03.409232+00:00,GET /runs/{id},GET,200,31.560,True
2026-09-28T15:51:03.417189+00:00,GET /runs/{id},GET,200,27.762,True
2026-09-28T15:51:03.431931+00:00,GET /runs/{id},GET,200,22.094,True
2026-09-28T15:51:03.432931+00:00,GET /runs/{id},GET,200,23.267,True
2026-09-28T15:51:03.432931+00:00,GET /runs/{id},GET,200,25.461,True
2026-09-28T15:51:03.440944+00:00,POST /workflows/{id}/validate,POST,200,19.815,True
2026-09-28T15:51:03.458446+00:00,GET /health,GET,200,4.232,True
2026-09-28T15:51:03.461445+00:00,GET /health,GET,200,3.828,True
2026-09-28T15:51:03.429947+00:00,PUT /workflows/{id},PUT,200,36.179,True
2026-09-28T15:51:03.444931+00:00,GET /runs/{id}/logs,GET,200,22.178,True
2026-09-28T15:51:03.464879+00:00,GET /health,GET,200,5.550,True
2026-09-28T15:51:03.456452+00:00,GET /workflows/{id},GET,200,16.099,True
2026-09-28T15:51:03.454446+00:00,GET /runs/{id}/logs,GET,200,19.878,True
2026-09-28T15:51:03.462875+00:00,GET /workflows/{id},GET,200,16.720,True
2026-09-28T15:51:03.465880+00:00,GET /runs/{id}/logs,GET,200,19.780,True
2026-09-28T15:51:03.466880+00:00,GET /workflows,GET,200,26.177,True
2026-09-28T15:51:03.470362+00:00,GET /workflows,GET,200,26.090,True
2026-09-28T15:51:03.472844+00:00,GET /workflows,GET,200,33.541,True
2026-09-28T15:51:03.474113+00:00,GET /workflows,GET,200,33.497,True
2026-09-28T15:51:03.479219+00:00,GET /workflows,GET,200,34.952,True
2026-09-28T15:51:03.496954+00:00,GET /workflows/{id},GET,200,20.916,True
2026-09-28T15:51:03.493238+00:00,GET /agents/catalog,GET,200,24.483,True
2026-09-28T15:51:03.485887+00:00,GET /workflows,GET,200,34.521,True
2026-09-28T15:51:03.432931+00:00,PUT /workflows/{id},PUT,200,91.424,True
2026-09-28T15:51:03.437939+00:00,PUT /workflows/{id},PUT,500,97.227,False
2026-09-28T15:51:03.505652+00:00,GET /runs/{id},GET,200,31.382,True
2026-09-28T15:51:03.508309+00:00,GET /workflows/{id},GET,200,30.168,True
2026-09-28T15:51:03.513362+00:00,GET /workflows/{id},GET,200,24.523,True
2026-09-28T15:51:03.537802+00:00,GET /health,GET,200,6.543,True
2026-09-28T15:51:03.538861+00:00,GET /health,GET,200,5.971,True
2026-09-28T15:51:03.517265+00:00,GET /runs/{id},GET,200,29.622,True
2026-09-28T15:51:03.520168+00:00,GET /workflows,GET,200,26.958,True
2026-09-28T15:51:03.534406+00:00,GET /workflows/{id},GET,200,16.811,True
2026-09-28T15:51:03.547337+00:00,GET /health,GET,200,5.495,True
2026-09-28T15:51:03.547337+00:00,GET /health,GET,200,8.039,True
2026-09-28T15:51:03.544170+00:00,GET /workflows/{id},GET,200,19.967,True
2026-09-28T15:51:03.537802+00:00,GET /workflows,GET,200,34.132,True
2026-09-28T15:51:03.525255+00:00,PUT /workflows/{id},PUT,200,52.466,True
2026-09-28T15:51:03.544170+00:00,GET /workflows,GET,200,34.688,True
2026-09-28T15:51:03.552656+00:00,GET /runs/{id}/logs,GET,200,30.849,True
2026-09-28T15:51:03.579305+00:00,GET /health,GET,200,6.178,True
2026-09-28T15:51:03.555761+00:00,GET /runs/{id}/logs,GET,200,31.775,True
2026-09-28T15:51:03.551645+00:00,GET /workflows,GET,200,37.932,True
2026-09-28T15:51:03.565117+00:00,GET /runs/{id}/logs,GET,200,29.571,True
2026-09-28T15:51:03.572411+00:00,GET /agents/catalog,GET,200,22.414,True
2026-09-28T15:51:03.589381+00:00,GET /health,GET,200,7.097,True
2026-09-28T15:51:03.517265+00:00,PUT /workflows/{id},PUT,200,84.534,True
2026-09-28T15:51:03.577709+00:00,GET /workflows,GET,200,30.790,True
2026-09-28T15:51:03.583946+00:00,GET /runs/{id}/logs,GET,200,34.093,True
2026-09-28T15:51:03.593386+00:00,GET /workflows/{id},GET,200,26.123,True
2026-09-28T15:51:03.584947+00:00,GET /runs/{id}/logs,GET,200,36.106,True
2026-09-28T15:51:03.587802+00:00,GET /runs/{id},GET,200,34.694,True
2026-09-28T15:51:03.620733+00:00,GET /health,GET,200,6.850,True
2026-09-28T15:51:03.597155+00:00,GET /workflows,GET,200,33.508,True
2026-09-28T15:51:03.594876+00:00,GET /workflows,GET,200,39.028,True
2026-09-28T15:51:03.602159+00:00,GET /runs/{id}/logs,GET,200,35.487,True
2026-09-28T15:51:03.620733+00:00,GET /workflows/{id},GET,200,20.787,True
2026-09-28T15:51:03.618138+00:00,GET /workflows,GET,200,31.591,True
2026-09-28T15:51:03.621732+00:00,GET /runs/{id},GET,200,30.290,True
2026-09-28T15:51:03.627734+00:00,GET /runs/{id},GET,200,26.469,True
2026-09-28T15:51:03.630732+00:00,GET /runs/{id},GET,200,26.004,True
2026-09-28T15:51:03.632734+00:00,GET /runs/{id}/logs,GET,200,28.003,True
2026-09-28T15:51:03.640928+00:00,GET /workflows/{id},GET,200,21.637,True
2026-09-28T15:51:03.637923+00:00,GET /workflows,GET,200,28.298,True
2026-09-28T15:51:03.656448+00:00,GET /workflows/{id},GET,200,19.176,True
2026-09-28T15:51:03.648941+00:00,POST /workflows/{id}/validate,POST,200,27.457,True
2026-09-28T15:51:03.651932+00:00,GET /workflows,GET,200,31.879,True
2026-09-28T15:51:03.661969+00:00,GET /workflows,GET,200,23.902,True
2026-09-28T15:51:03.665969+00:00,GET /runs/{id},GET,200,22.034,True
2026-09-28T15:51:03.608581+00:00,PUT /workflows/{id},PUT,200,81.436,True
2026-09-28T15:51:03.662963+00:00,GET /workflows,GET,200,27.138,True
2026-09-28T15:51:03.689545+00:00,GET /health,GET,200,4.217,True
2026-09-28T15:51:03.693552+00:00,GET /health,GET,200,5.074,True
2026-09-28T15:51:03.676510+00:00,GET /runs/{id},GET,200,22.745,True
2026-09-28T15:51:03.688552+00:00,GET /workflows/{id},GET,200,11.740,True
2026-09-28T15:51:03.684503+00:00,GET /runs/{id},GET,200,16.001,True
2026-09-28T15:51:03.700519+00:00,GET /health,GET,200,4.214,True
2026-09-28T15:51:03.699198+00:00,GET /health,GET,200,6.360,True
2026-09-28T15:51:03.689545+00:00,GET /runs/{id}/logs,GET,200,17.567,True
2026-09-28T15:51:03.699198+00:00,GET /runs/{id},GET,200,21.475,True
2026-09-28T15:51:03.699198+00:00,GET /runs/{id},GET,200,27.746,True
2026-09-28T15:51:03.705686+00:00,GET /runs/{id}/logs,GET,200,22.190,True
2026-09-28T15:51:03.721735+00:00,GET /health,GET,200,6.555,True
2026-09-28T15:51:03.704171+00:00,GET /workflows,GET,200,24.742,True
2026-09-28T15:51:03.654932+00:00,PUT /workflows/{id},PUT,200,77.789,True
2026-09-28T15:51:03.707747+00:00,GET /runs/{id},GET,200,25.263,True
2026-09-28T15:51:03.727190+00:00,GET /workflows/{id},GET,200,20.276,True
2026-09-28T15:51:03.729541+00:00,GET /workflows/{id},GET,200,23.496,True
2026-09-28T15:51:03.727190+00:00,POST /workflows/{id}/validate,POST,200,25.755,True
2026-09-28T15:51:03.727190+00:00,GET /workflows,GET,200,30.506,True
2026-09-28T15:51:03.732213+00:00,GET /runs/{id},GET,200,26.271,True
2026-09-28T15:51:03.675514+00:00,PUT /workflows/{id},PUT,200,83.311,True
2026-09-28T15:51:03.733203+00:00,GET /workflows/{id},GET,200,26.409,True
2026-09-28T15:51:03.758324+00:00,GET /health,GET,200,4.912,True
2026-09-28T15:51:03.759322+00:00,GET /health,GET,200,6.708,True
2026-09-28T15:51:03.685502+00:00,PUT /workflows/{id},PUT,200,84.265,True
2026-09-28T15:51:03.748203+00:00,GET /workflows,GET,200,26.425,True
2026-09-28T15:51:03.753323+00:00,GET /workflows,GET,200,29.547,True
2026-09-28T15:51:03.752321+00:00,GET /runs/{id}/logs,GET,200,32.197,True
2026-09-28T15:51:03.763837+00:00,GET /workflows/{id},GET,200,21.991,True
2026-09-28T15:51:03.759322+00:00,GET /runs/{id},GET,200,29.565,True
2026-09-28T15:51:03.758324+00:00,GET /workflows,GET,200,31.202,True
2026-09-28T15:51:03.785042+00:00,GET /health,GET,200,6.512,True
2026-09-28T15:51:03.765843+00:00,GET /runs/{id},GET,200,28.716,True
2026-09-28T15:51:03.791549+00:00,GET /health,GET,200,7.309,True
2026-09-28T15:51:03.770365+00:00,GET /runs/{id},GET,200,29.997,True
2026-09-28T15:51:03.785042+00:00,GET /workflows/{id},GET,200,21.047,True
2026-09-28T15:51:03.774365+00:00,GET /runs/{id},GET,200,31.758,True
2026-09-28T15:51:03.782049+00:00,GET /runs/{id},GET,200,31.458,True
2026-09-28T15:51:03.789042+00:00,GET /workflows/{id},GET,200,27.071,True
2026-09-28T15:51:03.814132+00:00,GET /health,GET,200,5.893,True
2026-09-28T15:51:03.794556+00:00,GET /runs/{id}/logs,GET,200,30.313,True
2026-09-28T15:51:03.789042+00:00,GET /runs/{id}/logs,GET,200,36.620,True
2026-09-28T15:51:03.799038+00:00,GET /workflows/{id},GET,200,26.819,True
2026-09-28T15:51:03.806867+00:00,GET /workflows/{id},GET,200,24.369,True
2026-09-28T15:51:03.800244+00:00,GET /runs/{id},GET,200,33.571,True
2026-09-28T15:51:03.806255+00:00,POST /workflows/{id}/validate,POST,200,29.422,True
2026-09-28T15:51:03.815140+00:00,GET /workflows/{id},GET,200,25.282,True
2026-09-28T15:51:03.826285+00:00,GET /runs/{id}/logs,GET,200,21.568,True
2026-09-28T15:51:03.826285+00:00,GET /runs/{id}/logs,GET,200,23.986,True
2026-09-28T15:51:03.830964+00:00,GET /runs/{id},GET,200,22.601,True
2026-09-28T15:51:03.835208+00:00,GET /runs/{id}/logs,GET,200,19.067,True
2026-09-28T15:51:03.833104+00:00,GET /runs/{id},GET,200,21.471,True
2026-09-28T15:51:03.841208+00:00,GET /workflows,GET,200,20.665,True
2026-09-28T15:51:03.848209+00:00,GET /workflows,GET,200,16.360,True
2026-09-28T15:51:03.853229+00:00,GET /agents/catalog,GET,200,12.524,True
2026-09-28T15:51:03.855210+00:00,GET /runs/{id}/logs,GET,200,17.513,True
2026-09-28T15:51:03.872802+00:00,GET /health,GET,200,3.450,True
2026-09-28T15:51:03.863812+00:00,GET /workflows/{id},GET,200,14.966,True
2026-09-28T15:51:03.865807+00:00,GET /workflows/{id},GET,200,17.117,True
2026-09-28T15:51:03.861787+00:00,GET /workflows,GET,200,23.201,True
2026-09-28T15:51:03.884804+00:00,GET /health,GET,200,4.308,True
2026-09-28T15:51:03.820064+00:00,PUT /workflows/{id},PUT,200,69.684,True
2026-09-28T15:51:03.825278+00:00,PUT /workflows/{id},PUT,500,70.649,False
2026-09-28T15:51:03.875814+00:00,GET /runs/{id}/logs,GET,200,20.821,True
2026-09-28T15:51:03.878804+00:00,GET /runs/{id}/logs,GET,200,18.066,True
2026-09-28T15:51:03.889344+00:00,GET /health,GET,200,8.677,True
2026-09-28T15:51:03.895977+00:00,GET /health,GET,200,6.889,True
2026-09-28T15:51:03.882805+00:00,GET /runs/{id}/logs,GET,200,20.133,True
2026-09-28T15:51:03.896978+00:00,GET /workflows/{id},GET,200,20.160,True
2026-09-28T15:51:03.897979+00:00,GET /runs/{id}/logs,GET,200,21.937,True
2026-09-28T15:51:03.896978+00:00,GET /runs/{id},GET,200,23.269,True
2026-09-28T15:51:03.850207+00:00,PUT /workflows/{id},PUT,200,72.932,True
2026-09-28T15:51:03.902896+00:00,POST /workflows/{id}/validate,POST,200,20.858,True
2026-09-28T15:51:03.854207+00:00,PUT /workflows/{id},PUT,200,72.763,True
2026-09-28T15:51:03.920762+00:00,GET /workflows/{id},GET,200,12.479,True
2026-09-28T15:51:03.919718+00:00,GET /runs/{id},GET,200,14.886,True
2026-09-28T15:51:03.923078+00:00,GET /workflows/{id},GET,200,12.785,True
2026-09-28T15:51:03.924578+00:00,GET /runs/{id}/logs,GET,200,16.220,True
2026-09-28T15:51:03.940407+00:00,GET /health,GET,200,2.671,True
2026-09-28T15:51:03.933001+00:00,GET /workflows/{id},GET,200,11.932,True
2026-09-28T15:51:03.935001+00:00,GET /workflows/{id},GET,200,13.668,True
2026-09-28T15:51:03.948409+00:00,GET /health,GET,200,3.607,True
2026-09-28T15:51:03.943409+00:00,GET /workflows/{id},GET,200,12.827,True
2026-09-28T15:51:03.935001+00:00,GET /runs/{id}/logs,GET,200,20.788,True
2026-09-28T15:51:03.889344+00:00,PUT /workflows/{id},PUT,200,74.432,True
2026-09-28T15:51:03.944407+00:00,GET /workflows,GET,200,23.125,True
2026-09-28T15:51:03.955399+00:00,GET /workflows/{id},GET,200,18.689,True
2026-09-28T15:51:03.952407+00:00,GET /workflows,GET,200,24.877,True
2026-09-28T15:51:03.902896+00:00,PUT /workflows/{id},PUT,200,78.722,True
2026-09-28T15:51:03.956400+00:00,GET /runs/{id}/logs,GET,200,25.164,True
2026-09-28T15:51:03.968331+00:00,POST /workflows/{id}/validate,POST,200,26.703,True
2026-09-28T15:51:03.974079+00:00,GET /workflows/{id},GET,200,21.098,True
2026-09-28T15:51:03.964142+00:00,GET /workflows,GET,200,32.097,True
2026-09-28T15:51:03.995554+00:00,GET /health,GET,200,5.128,True
2026-09-28T15:51:03.916971+00:00,PUT /workflows/{id},PUT,200,88.024,True
2026-09-28T15:51:03.977111+00:00,GET /workflows/{id},GET,200,28.594,True
2026-09-28T15:51:03.981555+00:00,GET /runs/{id}/logs,GET,200,28.543,True
2026-09-28T15:51:03.981555+00:00,GET /runs/{id}/logs,GET,200,28.685,True
2026-09-28T15:51:03.926993+00:00,PUT /workflows/{id},PUT,200,94.151,True
2026-09-28T15:51:04.004356+00:00,GET /workflows/{id},GET,200,19.513,True
2026-09-28T15:51:04.000568+00:00,GET /workflows/{id},GET,200,23.945,True
2026-09-28T15:51:03.994554+00:00,GET /runs/{id}/logs,GET,200,30.794,True
2026-09-28T15:51:04.005821+00:00,GET /runs/{id}/logs,GET,200,27.282,True
2026-09-28T15:51:04.024509+00:00,GET /health,GET,200,8.431,True
2026-09-28T15:51:04.009086+00:00,GET /workflows,GET,200,28.065,True
2026-09-28T15:51:04.010365+00:00,GET /workflows,GET,200,30.151,True
2026-09-28T15:51:04.021872+00:00,GET /runs/{id},GET,200,29.599,True
2026-09-28T15:51:04.025518+00:00,GET /workflows,GET,200,31.805,True
2026-09-28T15:51:04.025518+00:00,GET /runs/{id}/logs,GET,200,37.114,True
2026-09-28T15:51:04.040266+00:00,GET /workflows/{id},GET,200,22.836,True
2026-09-28T15:51:04.033209+00:00,GET /workflows,GET,200,31.907,True
2026-09-28T15:51:04.033209+00:00,GET /runs/{id},GET,200,33.224,True
2026-09-28T15:51:04.037731+00:00,GET /workflows,GET,200,30.368,True
2026-09-28T15:51:03.995554+00:00,PUT /workflows/{id},PUT,200,83.141,True
2026-09-28T15:51:04.057273+00:00,GET /agents/catalog,GET,200,22.159,True
2026-09-28T15:51:04.051275+00:00,GET /workflows,GET,200,30.109,True
2026-09-28T15:51:04.068277+00:00,GET /workflows/{id},GET,200,16.244,True
2026-09-28T15:51:04.063273+00:00,GET /workflows/{id},GET,200,21.712,True
2026-09-28T15:51:04.065273+00:00,GET /runs/{id},GET,200,22.108,True
2026-09-28T15:51:04.066278+00:00,GET /runs/{id},GET,200,21.343,True
2026-09-28T15:51:04.086746+00:00,GET /health,GET,200,4.573,True
2026-09-28T15:51:04.091834+00:00,GET /health,GET,200,2.630,True
2026-09-28T15:51:04.080190+00:00,GET /workflows,GET,200,27.378,True
2026-09-28T15:51:04.079186+00:00,GET /runs/{id},GET,200,29.671,True
2026-09-28T15:51:04.079186+00:00,GET /workflows,GET,200,30.229,True
2026-09-28T15:51:04.087744+00:00,POST /workflows/{id}/validate,POST,200,22.422,True
2026-09-28T15:51:04.084743+00:00,POST /workflows/{id}/validate,POST,200,25.340,True
2026-09-28T15:51:04.084743+00:00,GET /workflows,GET,200,29.932,True
2026-09-28T15:51:04.108319+00:00,GET /health,GET,200,5.827,True
2026-09-28T15:51:04.093832+00:00,POST /workflows/{id}/validate,POST,200,23.232,True
2026-09-28T15:51:04.108319+00:00,GET /runs/{id}/logs,GET,200,28.377,True
2026-09-28T15:51:04.108319+00:00,GET /runs/{id}/logs,GET,200,31.980,True
2026-09-28T15:51:04.109621+00:00,GET /runs/{id}/logs,GET,200,31.117,True
2026-09-28T15:51:04.114855+00:00,GET /runs/{id},GET,200,30.956,True
2026-09-28T15:51:04.109621+00:00,GET /workflows,GET,200,35.536,True
2026-09-28T15:51:04.117746+00:00,GET /workflows,GET,200,28.958,True
2026-09-28T15:51:04.114855+00:00,GET /runs/{id},GET,200,32.015,True
2026-09-28T15:51:04.062273+00:00,PUT /workflows/{id},PUT,200,85.264,True
2026-09-28T15:51:04.146864+00:00,GET /health,GET,200,5.036,True
2026-09-28T15:51:04.141202+00:00,GET /runs/{id},GET,200,23.482,True
2026-09-28T15:51:04.137210+00:00,GET /runs/{id}/logs,GET,200,32.440,True
2026-09-28T15:51:04.148308+00:00,POST /workflows/{id}/validate,POST,200,25.150,True
2026-09-28T15:51:04.146864+00:00,GET /workflows,GET,200,29.363,True
2026-09-28T15:51:04.145602+00:00,GET /workflows,GET,200,32.413,True
2026-09-28T15:51:04.151347+00:00,GET /workflows,GET,200,26.698,True
2026-09-28T15:51:04.145602+00:00,GET /workflows,GET,200,32.722,True
2026-09-28T15:51:04.173534+00:00,GET /health,GET,200,6.128,True
2026-09-28T15:51:04.176533+00:00,GET /health,GET,200,5.067,True
2026-09-28T15:51:04.164500+00:00,GET /runs/{id},GET,200,18.408,True
2026-09-28T15:51:04.169533+00:00,GET /workflows/{id},GET,200,17.865,True
2026-09-28T15:51:04.178534+00:00,GET /workflows/{id},GET,200,16.356,True
2026-09-28T15:51:04.183186+00:00,GET /workflows/{id},GET,200,17.188,True
2026-09-28T15:51:04.178534+00:00,GET /runs/{id}/logs,GET,200,24.230,True
2026-09-28T15:51:04.177536+00:00,GET /runs/{id},GET,200,28.714,True
2026-09-28T15:51:04.179533+00:00,GET /workflows,GET,200,32.205,True
2026-09-28T15:51:04.200347+00:00,GET /health,GET,200,12.050,True
2026-09-28T15:51:04.140203+00:00,PUT /workflows/{id},PUT,200,80.697,True
2026-09-28T15:51:04.187198+00:00,GET /runs/{id},GET,200,34.405,True
2026-09-28T15:51:04.194643+00:00,GET /runs/{id},GET,200,32.023,True
2026-09-28T15:51:04.211400+00:00,GET /agents/catalog,GET,200,28.033,True
2026-09-28T15:51:04.202531+00:00,GET /workflows,GET,200,42.558,True
2026-09-28T15:51:04.206846+00:00,GET /workflows,GET,200,38.613,True
2026-09-28T15:51:04.211400+00:00,GET /runs/{id},GET,200,34.045,True
2026-09-28T15:51:04.222059+00:00,GET /workflows/{id},GET,200,26.352,True
2026-09-28T15:51:04.227359+00:00,GET /agents/catalog,GET,200,23.208,True
2026-09-28T15:51:04.239679+00:00,GET /workflows/{id},GET,200,17.258,True
2026-09-28T15:51:04.181177+00:00,PUT /workflows/{id},PUT,200,79.990,True
2026-09-28T15:51:04.245360+00:00,GET /workflows/{id},GET,200,18.761,True
2026-09-28T15:51:04.248381+00:00,GET /workflows/{id},GET,200,17.012,True
2026-09-28T15:51:04.261569+00:00,GET /health,GET,200,7.690,True
2026-09-28T15:51:04.245360+00:00,GET /runs/{id},GET,200,24.629,True
2026-09-28T15:51:04.246363+00:00,GET /runs/{id},GET,200,24.047,True
2026-09-28T15:51:04.250370+00:00,GET /runs/{id},GET,200,21.870,True
2026-09-28T15:51:04.270115+00:00,GET /health,GET,200,6.736,True
2026-09-28T15:51:04.256368+00:00,GET /runs/{id},GET,200,23.447,True
2026-09-28T15:51:04.264082+00:00,GET /agents/catalog,GET,200,21.419,True
2026-09-28T15:51:04.265092+00:00,POST /workflows/{id}/validate,POST,200,25.143,True
2026-09-28T15:51:04.269091+00:00,GET /runs/{id}/logs,GET,200,28.108,True
2026-09-28T15:51:04.270115+00:00,GET /runs/{id}/logs,GET,200,29.741,True
2026-09-28T15:51:04.277108+00:00,GET /workflows/{id},GET,200,23.745,True
2026-09-28T15:51:04.272104+00:00,GET /runs/{id}/logs,GET,200,30.708,True
2026-09-28T15:51:04.280124+00:00,GET /workflows/{id},GET,200,22.875,True
2026-09-28T15:51:04.221045+00:00,PUT /workflows/{id},PUT,200,82.932,True
2026-09-28T15:51:04.285594+00:00,GET /workflows/{id},GET,200,22.897,True
2026-09-28T15:51:04.290762+00:00,GET /runs/{id},GET,200,19.622,True
2026-09-28T15:51:04.296788+00:00,GET /workflows/{id},GET,200,28.762,True
2026-09-28T15:51:04.304082+00:00,GET /agents/catalog,GET,200,24.672,True
2026-09-28T15:51:04.310368+00:00,GET /workflows/{id},GET,200,22.301,True
2026-09-28T15:51:04.303077+00:00,GET /runs/{id},GET,200,29.987,True
2026-09-28T15:51:04.300073+00:00,GET /workflows,GET,200,34.200,True
2026-09-28T15:51:04.301078+00:00,GET /runs/{id},GET,200,33.537,True
2026-09-28T15:51:04.303077+00:00,GET /runs/{id}/logs,GET,200,33.707,True
2026-09-28T15:51:04.308359+00:00,GET /workflows/{id},GET,200,28.780,True
2026-09-28T15:51:04.334102+00:00,GET /health,GET,200,5.885,True
2026-09-28T15:51:04.333122+00:00,GET /workflows/{id},GET,200,17.225,True
2026-09-28T15:51:04.325679+00:00,GET /runs/{id},GET,200,28.010,True
2026-09-28T15:51:04.328679+00:00,GET /runs/{id}/logs,GET,200,26.405,True
2026-09-28T15:51:04.332100+00:00,GET /runs/{id},GET,200,26.049,True
2026-09-28T15:51:04.334102+00:00,GET /runs/{id}/logs,GET,200,28.351,True
2026-09-28T15:51:04.340112+00:00,GET /runs/{id}/logs,GET,200,24.018,True
2026-09-28T15:51:04.336102+00:00,GET /workflows,GET,200,27.946,True
2026-09-28T15:51:04.350108+00:00,GET /workflows/{id},GET,200,14.622,True
2026-09-28T15:51:04.364545+00:00,GET /health,GET,200,4.058,True
2026-09-28T15:51:04.355544+00:00,GET /runs/{id},GET,200,15.450,True
2026-09-28T15:51:04.362547+00:00,GET /workflows/{id},GET,200,10.313,True
2026-09-28T15:51:04.364545+00:00,GET /runs/{id}/logs,GET,200,11.407,True
2026-09-28T15:51:04.368051+00:00,GET /runs/{id}/logs,GET,200,11.127,True
2026-09-28T15:51:04.372072+00:00,GET /workflows/{id},GET,200,10.024,True
2026-09-28T15:51:04.371057+00:00,GET /workflows/{id},GET,200,12.549,True
2026-09-28T15:51:04.379565+00:00,POST /workflows/{id}/validate,POST,200,16.763,True
2026-09-28T15:51:04.375927+00:00,GET /workflows,GET,200,20.643,True
2026-09-28T15:51:04.382239+00:00,GET /workflows/{id},GET,200,14.896,True
2026-09-28T15:51:04.383245+00:00,GET /runs/{id}/logs,GET,200,16.067,True
2026-09-28T15:51:04.337111+00:00,PUT /workflows/{id},PUT,200,63.903,True
2026-09-28T15:51:04.397244+00:00,GET /workflows/{id},GET,200,14.908,True
2026-09-28T15:51:04.397244+00:00,GET /workflows/{id},GET,200,18.245,True
2026-09-28T15:51:04.396245+00:00,GET /runs/{id},GET,200,29.134,True
2026-09-28T15:51:04.399244+00:00,GET /runs/{id},GET,200,29.737,True
2026-09-28T15:51:04.414939+00:00,GET /workflows/{id},GET,200,22.618,True
2026-09-28T15:51:04.400687+00:00,GET /runs/{id}/logs,GET,200,38.257,True
2026-09-28T15:51:04.412582+00:00,GET /runs/{id},GET,200,27.769,True
2026-09-28T15:51:04.354545+00:00,PUT /workflows/{id},PUT,200,92.757,True
2026-09-28T15:51:04.358547+00:00,PUT /workflows/{id},PUT,500,88.572,False
2026-09-28T15:51:04.364545+00:00,PUT /workflows/{id},PUT,500,90.576,False
2026-09-28T15:51:04.424586+00:00,GET /runs/{id}/logs,GET,200,31.782,True
2026-09-28T15:51:04.428478+00:00,GET /workflows,GET,200,28.501,True
2026-09-28T15:51:04.437571+00:00,GET /runs/{id},GET,200,29.182,True
2026-09-28T15:51:04.439569+00:00,GET /runs/{id},GET,200,33.928,True
2026-09-28T15:51:04.440570+00:00,GET /workflows,GET,200,40.788,True
2026-09-28T15:51:04.456904+00:00,GET /runs/{id}/logs,GET,200,26.525,True
2026-09-28T15:51:04.466923+00:00,GET /workflows/{id},GET,200,18.234,True
2026-09-28T15:51:04.447408+00:00,GET /workflows,GET,200,38.679,True
2026-09-28T15:51:04.472921+00:00,GET /workflows/{id},GET,200,16.275,True
2026-09-28T15:51:04.446410+00:00,PUT /workflows/{id},PUT,200,42.931,True
2026-09-28T15:51:04.483552+00:00,GET /health,GET,200,6.680,True
2026-09-28T15:51:04.454907+00:00,GET /agents/catalog,GET,200,39.686,True
2026-09-28T15:51:04.485650+00:00,GET /workflows/{id},GET,200,18.332,True
2026-09-28T15:51:04.480903+00:00,GET /runs/{id}/logs,GET,200,24.778,True
2026-09-28T15:51:04.485650+00:00,GET /runs/{id},GET,200,24.253,True
2026-09-28T15:51:04.489769+00:00,GET /runs/{id},GET,200,29.935,True
2026-09-28T15:51:04.489769+00:00,POST /workflows/{id}/validate,POST,200,33.437,True
2026-09-28T15:51:04.489769+00:00,GET /runs/{id},GET,200,38.003,True
2026-09-28T15:51:04.495119+00:00,GET /workflows,GET,200,35.539,True
2026-09-28T15:51:04.509727+00:00,GET /workflows/{id},GET,200,23.727,True
2026-09-28T15:51:04.504641+00:00,GET /workflows/{id},GET,200,31.356,True
2026-09-28T15:51:04.506059+00:00,GET /runs/{id},GET,200,30.569,True
2026-09-28T15:51:04.532954+00:00,GET /health,GET,200,5.879,True
2026-09-28T15:51:04.457904+00:00,PUT /workflows/{id},PUT,200,90.364,True
2026-09-28T15:51:04.523556+00:00,GET /workflows,GET,200,31.941,True
2026-09-28T15:51:04.520234+00:00,GET /workflows,GET,200,35.212,True
2026-09-28T15:51:04.535473+00:00,GET /workflows/{id},GET,200,22.911,True
2026-09-28T15:51:04.529872+00:00,GET /runs/{id}/logs,GET,200,31.316,True
2026-09-28T15:51:04.527562+00:00,GET /runs/{id},GET,200,34.402,True
2026-09-28T15:51:04.538996+00:00,GET /workflows,GET,200,28.322,True
2026-09-28T15:51:04.536485+00:00,GET /workflows,GET,200,31.451,True
2026-09-28T15:51:04.547994+00:00,GET /runs/{id},GET,200,24.327,True
2026-09-28T15:51:04.568227+00:00,GET /health,GET,200,6.585,True
2026-09-28T15:51:04.555188+00:00,GET /runs/{id},GET,200,28.323,True
2026-09-28T15:51:04.561693+00:00,GET /agents/catalog,GET,200,24.127,True
2026-09-28T15:51:04.558197+00:00,GET /runs/{id}/logs,GET,200,30.509,True
2026-09-28T15:51:04.555188+00:00,GET /runs/{id}/logs,GET,200,34.195,True
2026-09-28T15:51:04.572364+00:00,GET /workflows/{id},GET,200,22.013,True
2026-09-28T15:51:04.561693+00:00,GET /workflows,GET,200,33.060,True
2026-09-28T15:51:04.566721+00:00,GET /runs/{id},GET,200,31.804,True
2026-09-28T15:51:04.574378+00:00,GET /runs/{id},GET,200,28.414,True
2026-09-28T15:51:04.583410+00:00,GET /runs/{id},GET,200,20.844,True
2026-09-28T15:51:04.585389+00:00,POST /workflows/{id}/validate,POST,200,25.714,True
2026-09-28T15:51:04.589390+00:00,GET /runs/{id}/logs,GET,200,26.052,True
2026-09-28T15:51:04.589390+00:00,GET /workflows,GET,200,32.354,True
2026-09-28T15:51:04.599380+00:00,GET /workflows/{id},GET,200,22.243,True
2026-09-28T15:51:04.602848+00:00,GET /workflows/{id},GET,200,19.336,True
2026-09-28T15:51:04.604848+00:00,GET /runs/{id}/logs,GET,200,23.961,True
2026-09-28T15:51:04.611816+00:00,GET /workflows,GET,200,21.962,True
2026-09-28T15:51:04.615733+00:00,POST /workflows/{id}/validate,POST,200,21.593,True
2026-09-28T15:51:04.622032+00:00,GET /workflows/{id},GET,200,17.315,True
2026-09-28T15:51:04.621508+00:00,GET /workflows,GET,200,19.725,True
2026-09-28T15:51:04.628830+00:00,GET /runs/{id},GET,200,15.289,True
2026-09-28T15:51:04.639115+00:00,GET /workflows,GET,200,20.741,True
2026-09-28T15:51:04.637106+00:00,GET /runs/{id},GET,200,24.902,True
2026-09-28T15:51:04.641122+00:00,GET /runs/{id}/logs,GET,200,21.025,True
2026-09-28T15:51:04.644125+00:00,GET /runs/{id}/logs,GET,200,20.677,True
2026-09-28T15:51:04.594639+00:00,PUT /workflows/{id},PUT,500,81.983,False
2026-09-28T15:51:04.659818+00:00,GET /runs/{id}/logs,GET,200,19.764,True
2026-09-28T15:51:04.594639+00:00,PUT /workflows/{id},PUT,200,85.050,True
2026-09-28T15:51:04.662064+00:00,GET /workflows/{id},GET,200,18.857,True
2026-09-28T15:51:04.662581+00:00,GET /runs/{id},GET,200,23.455,True
2026-09-28T15:51:04.664155+00:00,GET /workflows,GET,200,25.527,True
2026-09-28T15:51:04.679200+00:00,POST /workflows/{id}/validate,POST,200,22.892,True
2026-09-28T15:51:04.681199+00:00,GET /runs/{id}/logs,GET,200,25.684,True
2026-09-28T15:51:04.701977+00:00,GET /health,GET,200,7.850,True
2026-09-28T15:51:04.685376+00:00,GET /workflows,GET,200,31.713,True
2026-09-28T15:51:04.622559+00:00,PUT /workflows/{id},PUT,200,96.166,True
2026-09-28T15:51:04.633495+00:00,PUT /workflows/{id},PUT,500,85.049,False
2026-09-28T15:51:04.689904+00:00,GET /runs/{id}/logs,GET,200,29.655,True
2026-09-28T15:51:04.676199+00:00,PUT /workflows/{id},PUT,200,46.650,True
2026-09-28T15:51:04.706837+00:00,GET /runs/{id}/logs,GET,200,19.509,True
2026-09-28T15:51:04.709862+00:00,GET /agents/catalog,GET,200,22.136,True
2026-09-28T15:51:04.719871+00:00,GET /workflows/{id},GET,200,19.060,True
2026-09-28T15:51:04.717822+00:00,GET /runs/{id}/logs,GET,200,24.625,True
2026-09-28T15:51:04.722877+00:00,GET /workflows,GET,200,23.186,True
2026-09-28T15:51:04.718822+00:00,GET /workflows,GET,200,28.550,True
2026-09-28T15:51:04.747379+00:00,GET /health,GET,200,3.292,True
2026-09-28T15:51:04.732290+00:00,GET /runs/{id},GET,200,18.254,True
2026-09-28T15:51:04.680200+00:00,PUT /workflows/{id},PUT,200,73.710,True
2026-09-28T15:51:04.750381+00:00,GET /health,GET,200,3.660,True
2026-09-28T15:51:04.738804+00:00,GET /runs/{id},GET,200,16.890,True
2026-09-28T15:51:04.754396+00:00,GET /health,GET,200,3.069,True
2026-09-28T15:51:04.746379+00:00,GET /workflows/{id},GET,200,11.457,True
2026-09-28T15:51:04.753386+00:00,GET /runs/{id}/logs,GET,200,13.159,True
2026-09-28T15:51:04.750381+00:00,GET /runs/{id},GET,200,16.600,True
2026-09-28T15:51:04.757393+00:00,GET /workflows/{id},GET,200,10.703,True
2026-09-28T15:51:04.768417+00:00,GET /health,GET,200,2.414,True
2026-09-28T15:51:04.755395+00:00,GET /runs/{id}/logs,GET,200,17.570,True
2026-09-28T15:51:04.766912+00:00,GET /workflows/{id},GET,200,13.182,True
2026-09-28T15:51:04.766912+00:00,GET /workflows/{id},GET,200,15.783,True
2026-09-28T15:51:04.773062+00:00,GET /workflows/{id},GET,200,12.123,True
2026-09-28T15:51:04.770424+00:00,GET /runs/{id}/logs,GET,200,19.213,True
2026-09-28T15:51:04.717822+00:00,PUT /workflows/{id},PUT,200,74.799,True
2026-09-28T15:51:04.783056+00:00,POST /workflows/{id}/validate,POST,200,15.912,True
2026-09-28T15:51:04.785061+00:00,GET /runs/{id},GET,200,16.013,True
2026-09-28T15:51:04.726052+00:00,PUT /workflows/{id},PUT,200,77.988,True
2026-09-28T15:51:04.790061+00:00,GET /runs/{id},GET,200,22.400,True
2026-09-28T15:51:04.800992+00:00,POST /workflows/{id}/validate,POST,200,17.582,True
2026-09-28T15:51:04.743379+00:00,PUT /workflows/{id},PUT,200,77.069,True
2026-09-28T15:51:04.798987+00:00,GET /runs/{id},GET,200,28.183,True
2026-09-28T15:51:04.803992+00:00,GET /runs/{id}/logs,GET,200,25.051,True
2026-09-28T15:51:04.818968+00:00,GET /workflows/{id},GET,200,17.842,True
2026-09-28T15:51:04.820138+00:00,GET /workflows/{id},GET,200,20.201,True
2026-09-28T15:51:04.826280+00:00,GET /workflows/{id},GET,200,16.676,True
2026-09-28T15:51:04.757393+00:00,PUT /workflows/{id},PUT,200,90.950,True
2026-09-28T15:51:04.811500+00:00,GET /workflows,GET,200,40.778,True
2026-09-28T15:51:04.828970+00:00,GET /workflows,GET,200,27.293,True
2026-09-28T15:51:04.839967+00:00,GET /workflows/{id},GET,200,21.407,True
2026-09-28T15:51:04.836435+00:00,GET /agents/catalog,GET,200,24.878,True
2026-09-28T15:51:04.780066+00:00,PUT /workflows/{id},PUT,200,85.938,True
2026-09-28T15:51:04.843472+00:00,GET /runs/{id},GET,200,30.547,True
2026-09-28T15:51:04.847987+00:00,GET /workflows,GET,200,30.298,True
2026-09-28T15:51:04.852518+00:00,GET /runs/{id},GET,200,29.357,True
2026-09-28T15:51:04.882063+00:00,GET /health,GET,200,5.464,True
2026-09-28T15:51:04.856817+00:00,GET /runs/{id},GET,200,32.255,True
2026-09-28T15:51:04.861817+00:00,GET /runs/{id}/logs,GET,200,30.804,True
2026-09-28T15:51:04.791950+00:00,PUT /workflows/{id},PUT,200,101.718,True
2026-09-28T15:51:04.861817+00:00,GET /runs/{id}/logs,GET,200,32.664,True
2026-09-28T15:51:04.866308+00:00,GET /runs/{id}/logs,GET,200,31.162,True
2026-09-28T15:51:04.874316+00:00,GET /runs/{id}/logs,GET,200,26.111,True
2026-09-28T15:51:04.879064+00:00,GET /workflows/{id},GET,200,21.660,True
2026-09-28T15:51:04.888225+00:00,GET /runs/{id},GET,200,26.099,True
2026-09-28T15:51:04.892529+00:00,GET /runs/{id},GET,200,25.691,True
2026-09-28T15:51:04.900093+00:00,GET /workflows/{id},GET,200,18.669,True
2026-09-28T15:51:04.914034+00:00,GET /health,GET,200,5.608,True
2026-09-28T15:51:04.888225+00:00,GET /workflows,GET,200,31.666,True
2026-09-28T15:51:04.893533+00:00,GET /runs/{id}/logs,GET,200,26.364,True
2026-09-28T15:51:04.893533+00:00,GET /runs/{id}/logs,GET,200,28.762,True
2026-09-28T15:51:04.919533+00:00,GET /health,GET,200,4.378,True
2026-09-28T15:51:04.919533+00:00,GET /agents/catalog,GET,200,16.350,True
2026-09-28T15:51:04.918397+00:00,GET /runs/{id}/logs,GET,200,20.764,True
2026-09-28T15:51:04.918397+00:00,GET /runs/{id}/logs,GET,200,21.827,True
2026-09-28T15:51:04.920859+00:00,GET /workflows,GET,200,20.869,True
2026-09-28T15:51:04.925062+00:00,GET /runs/{id},GET,200,17.395,True
2026-09-28T15:51:04.936306+00:00,GET /workflows,GET,200,21.997,True
2026-09-28T15:51:04.942305+00:00,GET /agents/catalog,GET,200,18.090,True
2026-09-28T15:51:04.940304+00:00,GET /runs/{id},GET,200,22.145,True
2026-09-28T15:51:04.939304+00:00,GET /runs/{id},GET,200,24.269,True
2026-09-28T15:51:04.959703+00:00,GET /health,GET,200,4.515,True
2026-09-28T15:51:04.941321+00:00,GET /runs/{id},GET,200,23.247,True
2026-09-28T15:51:04.963695+00:00,GET /agents/catalog,GET,200,21.775,True
2026-09-28T15:51:04.900093+00:00,PUT /workflows/{id},PUT,500,84.673,False
2026-09-28T15:51:04.964693+00:00,GET /workflows/{id},GET,200,22.200,True
2026-09-28T15:51:04.962723+00:00,GET /workflows/{id},GET,200,24.510,True
2026-09-28T15:51:04.896609+00:00,PUT /workflows/{id},PUT,200,90.712,True
2026-09-28T15:51:04.964693+00:00,GET /workflows,GET,200,23.601,True
2026-09-28T15:51:04.957328+00:00,GET /workflows,GET,200,30.585,True
2026-09-28T15:51:04.985485+00:00,GET /health,GET,200,6.639,True
2026-09-28T15:51:04.985485+00:00,GET /health,GET,200,7.187,True
2026-09-28T15:51:04.988483+00:00,GET /workflows/{id},GET,200,18.042,True
2026-09-28T15:51:04.922753+00:00,PUT /workflows/{id},PUT,200,84.334,True
2026-09-28T15:51:04.987483+00:00,GET /runs/{id}/logs,GET,200,27.381,True
2026-09-28T15:51:04.988483+00:00,GET /workflows,GET,200,28.486,True
2026-09-28T15:51:04.987483+00:00,GET /workflows,GET,200,33.618,True
2026-09-28T15:51:04.992110+00:00,GET /runs/{id}/logs,GET,200,28.775,True
2026-09-28T15:51:05.006547+00:00,GET /agents/catalog,GET,200,19.359,True
2026-09-28T15:51:04.987483+00:00,PUT /workflows/{id},PUT,200,42.773,True
2026-09-28T15:51:05.006547+00:00,GET /runs/{id}/logs,GET,200,23.894,True
2026-09-28T15:51:05.014256+00:00,GET /workflows,GET,200,26.876,True
2026-09-28T15:51:05.030134+00:00,GET /workflows/{id},GET,200,16.860,True
2026-09-28T15:51:05.021049+00:00,GET /runs/{id},GET,200,26.709,True
2026-09-28T15:51:05.021049+00:00,GET /workflows,GET,200,29.523,True
2026-09-28T15:51:05.031139+00:00,GET /workflows/{id},GET,200,20.152,True
2026-09-28T15:51:05.025206+00:00,GET /runs/{id}/logs,GET,200,27.837,True
2026-09-28T15:51:05.041675+00:00,GET /agents/catalog,GET,200,19.735,True
2026-09-28T15:51:04.992110+00:00,PUT /workflows/{id},PUT,200,75.541,True
2026-09-28T15:51:05.047667+00:00,GET /workflows/{id},GET,200,19.730,True
2026-09-28T15:51:05.047667+00:00,GET /workflows/{id},GET,200,20.986,True
2026-09-28T15:51:05.053666+00:00,GET /agents/catalog,GET,200,14.788,True
2026-09-28T15:51:05.050689+00:00,GET /workflows,GET,200,19.678,True
2026-09-28T15:51:05.016614+00:00,PUT /workflows/{id},PUT,200,59.932,True
2026-09-28T15:51:05.068188+00:00,GET /workflows,GET,200,14.616,True
2026-09-28T15:51:05.067207+00:00,GET /runs/{id}/logs,GET,200,16.051,True
2026-09-28T15:51:05.068188+00:00,GET /workflows,GET,200,16.044,True
2026-09-28T15:51:05.077195+00:00,GET /runs/{id},GET,200,11.661,True
2026-09-28T15:51:05.082919+00:00,GET /workflows/{id},GET,200,7.450,True
2026-09-28T15:51:05.087931+00:00,GET /health,GET,200,2.832,True
2026-09-28T15:51:05.083922+00:00,GET /runs/{id}/logs,GET,200,8.217,True
2026-09-28T15:51:05.090446+00:00,GET /runs/{id}/logs,GET,200,6.929,True
2026-09-28T15:51:05.092452+00:00,GET /runs/{id},GET,200,8.756,True
2026-09-28T15:51:05.097476+00:00,GET /agents/catalog,GET,200,9.335,True
2026-09-28T15:51:05.100364+00:00,GET /agents/catalog,GET,200,10.556,True
2026-09-28T15:51:05.050689+00:00,PUT /workflows/{id},PUT,200,62.734,True
2026-09-28T15:51:05.061182+00:00,PUT /workflows/{id},PUT,200,63.452,True
2026-09-28T15:51:05.105991+00:00,GET /workflows,GET,200,18.384,True
2026-09-28T15:51:05.113253+00:00,GET /workflows/{id},GET,200,16.440,True
2026-09-28T15:51:05.111910+00:00,GET /runs/{id}/logs,GET,200,19.810,True
2026-09-28T15:51:05.068188+00:00,PUT /workflows/{id},PUT,200,78.281,True
2026-09-28T15:51:05.129775+00:00,GET /agents/catalog,GET,200,17.347,True
2026-09-28T15:51:05.071188+00:00,PUT /workflows/{id},PUT,500,83.580,False
2026-09-28T15:51:05.125141+00:00,GET /workflows,GET,200,31.318,True
2026-09-28T15:51:05.123690+00:00,GET /workflows,GET,200,32.407,True
2026-09-28T15:51:05.146960+00:00,GET /health,GET,200,10.276,True
2026-09-28T15:51:05.156668+00:00,GET /health,GET,200,6.875,True
2026-09-28T15:51:05.082919+00:00,PUT /workflows/{id},PUT,200,83.420,True
2026-09-28T15:51:05.130776+00:00,GET /runs/{id},GET,200,38.161,True
2026-09-28T15:51:05.146960+00:00,POST /workflows/{id}/validate,POST,200,27.816,True
2026-09-28T15:51:05.091456+00:00,PUT /workflows/{id},PUT,200,84.423,True
2026-09-28T15:51:05.156668+00:00,GET /workflows/{id},GET,200,24.848,True
2026-09-28T15:51:05.156668+00:00,GET /agents/catalog,GET,200,24.954,True
2026-09-28T15:51:05.153961+00:00,POST /workflows/{id}/validate,POST,200,29.741,True
2026-09-28T15:51:05.169194+00:00,GET /workflows/{id},GET,200,18.554,True
2026-09-28T15:51:05.167192+00:00,GET /workflows/{id},GET,200,21.553,True
2026-09-28T15:51:05.163946+00:00,GET /workflows,GET,200,28.543,True
2026-09-28T15:51:05.175702+00:00,GET /workflows/{id},GET,200,22.707,True
2026-09-28T15:51:05.174715+00:00,GET /runs/{id}/logs,GET,200,25.026,True
2026-09-28T15:51:05.183775+00:00,GET /workflows/{id},GET,200,19.070,True
2026-09-28T15:51:05.181371+00:00,GET /agents/catalog,GET,200,23.590,True
2026-09-28T15:51:05.187815+00:00,GET /workflows/{id},GET,200,17.866,True
2026-09-28T15:51:05.181371+00:00,GET /workflows/{id},GET,200,24.360,True
2026-09-28T15:51:05.188821+00:00,GET /workflows/{id},GET,200,18.415,True
2026-09-28T15:51:05.203661+00:00,GET /workflows/{id},GET,200,21.193,True
2026-09-28T15:51:05.199820+00:00,GET /workflows,GET,200,25.051,True
2026-09-28T15:51:05.198823+00:00,GET /workflows,GET,200,29.647,True
2026-09-28T15:51:05.206183+00:00,GET /runs/{id}/logs,GET,200,22.139,True
2026-09-28T15:51:05.206183+00:00,GET /workflows,GET,200,23.764,True
2026-09-28T15:51:05.204857+00:00,POST /workflows/{id}/validate,POST,200,25.764,True
2026-09-28T15:51:05.230895+00:00,GET /health,GET,200,4.163,True
2026-09-28T15:51:05.224315+00:00,GET /workflows/{id},GET,200,14.097,True
2026-09-28T15:51:05.238618+00:00,GET /health,GET,200,5.925,True
2026-09-28T15:51:05.225384+00:00,GET /runs/{id}/logs,GET,200,22.607,True
2026-09-28T15:51:05.228081+00:00,GET /agents/catalog,GET,200,19.544,True
2026-09-28T15:51:05.229540+00:00,GET /workflows,GET,200,25.171,True
2026-09-28T15:51:05.228081+00:00,GET /runs/{id},GET,200,26.906,True
2026-09-28T15:51:05.247948+00:00,GET /health,GET,200,8.226,True
2026-09-28T15:51:05.234903+00:00,GET /workflows,GET,200,22.953,True
2026-09-28T15:51:05.244624+00:00,GET /workflows/{id},GET,200,20.113,True
2026-09-28T15:51:05.264050+00:00,GET /health,GET,200,8.254,True
2026-09-28T15:51:05.248479+00:00,GET /runs/{id},GET,200,25.211,True
2026-09-28T15:51:05.192822+00:00,PUT /workflows/{id},PUT,200,80.930,True
2026-09-28T15:51:05.254835+00:00,GET /agents/catalog,GET,200,22.408,True
2026-09-28T15:51:05.255872+00:00,GET /runs/{id},GET,200,22.509,True
2026-09-28T15:51:05.255356+00:00,GET /runs/{id}/logs,GET,200,23.721,True
2026-09-28T15:51:05.257948+00:00,GET /runs/{id},GET,200,29.847,True
2026-09-28T15:51:05.206183+00:00,PUT /workflows/{id},PUT,200,84.634,True
2026-09-28T15:51:05.273400+00:00,GET /workflows/{id},GET,200,23.241,True
2026-09-28T15:51:05.277431+00:00,GET /runs/{id}/logs,GET,200,22.430,True
2026-09-28T15:51:05.273400+00:00,GET /runs/{id}/logs,GET,200,29.617,True
2026-09-28T15:51:05.272287+00:00,GET /runs/{id},GET,200,31.680,True
2026-09-28T15:51:05.287781+00:00,GET /workflows/{id},GET,200,20.257,True
2026-09-28T15:51:05.278774+00:00,GET /workflows,GET,200,33.076,True
2026-09-28T15:51:05.295726+00:00,GET /runs/{id}/logs,GET,200,21.472,True
2026-09-28T15:51:05.299837+00:00,GET /runs/{id},GET,200,25.588,True
2026-09-28T15:51:05.304586+00:00,GET /runs/{id}/logs,GET,200,20.984,True
2026-09-28T15:51:05.308310+00:00,GET /workflows,GET,200,26.630,True
2026-09-28T15:51:05.318035+00:00,GET /runs/{id},GET,200,22.941,True
2026-09-28T15:51:05.311871+00:00,GET /runs/{id}/logs,GET,200,29.788,True
2026-09-28T15:51:05.325931+00:00,GET /runs/{id},GET,200,23.214,True
2026-09-28T15:51:05.325389+00:00,GET /runs/{id},GET,200,26.768,True
2026-09-28T15:51:05.335042+00:00,GET /runs/{id}/logs,GET,200,26.946,True
2026-09-28T15:51:05.278774+00:00,PUT /workflows/{id},PUT,200,83.842,True
2026-09-28T15:51:05.342098+00:00,GET /runs/{id}/logs,GET,200,20.957,True
2026-09-28T15:51:05.291353+00:00,PUT /workflows/{id},PUT,200,83.175,True
2026-09-28T15:51:05.303527+00:00,PUT /workflows/{id},PUT,500,71.802,False
2026-09-28T15:51:05.349100+00:00,GET /runs/{id},GET,200,27.170,True
2026-09-28T15:51:05.374635+00:00,GET /health,GET,200,6.155,True
2026-09-28T15:51:05.361105+00:00,GET /agents/catalog,GET,200,20.016,True
2026-09-28T15:51:05.362104+00:00,GET /runs/{id},GET,200,24.214,True
2026-09-28T15:51:05.362104+00:00,GET /workflows,GET,200,24.420,True
2026-09-28T15:51:05.386734+00:00,GET /health,GET,200,4.725,True
2026-09-28T15:51:05.374635+00:00,GET /workflows/{id},GET,200,18.720,True
2026-09-28T15:51:05.380728+00:00,GET /workflows/{id},GET,200,15.364,True
2026-09-28T15:51:05.376207+00:00,GET /runs/{id},GET,200,27.610,True
2026-09-28T15:51:05.381732+00:00,GET /runs/{id}/logs,GET,200,23.836,True
2026-09-28T15:51:05.391735+00:00,GET /workflows/{id},GET,200,24.513,True
2026-09-28T15:51:05.386734+00:00,GET /runs/{id},GET,200,31.732,True
2026-09-28T15:51:05.393733+00:00,GET /workflows/{id},GET,200,24.863,True
2026-09-28T15:51:05.395745+00:00,GET /runs/{id},GET,200,29.920,True
2026-09-28T15:51:05.341099+00:00,PUT /workflows/{id},PUT,200,94.247,True
2026-09-28T15:51:05.352100+00:00,PUT /workflows/{id},PUT,500,83.471,False
2026-09-28T15:51:05.405733+00:00,GET /runs/{id}/logs,GET,200,31.099,True
2026-09-28T15:51:05.403733+00:00,POST /workflows/{id}/validate,POST,200,34.911,True
2026-09-28T15:51:05.417934+00:00,GET /workflows/{id},GET,200,24.115,True
2026-09-28T15:51:05.415926+00:00,GET /workflows/{id},GET,200,26.932,True
2026-09-28T15:51:05.438646+00:00,GET /health,GET,200,6.679,True
2026-09-28T15:51:05.417934+00:00,GET /workflows,GET,200,34.186,True
2026-09-28T15:51:05.425676+00:00,GET /runs/{id},GET,200,29.937,True
2026-09-28T15:51:05.435132+00:00,GET /workflows/{id},GET,200,25.009,True
2026-09-28T15:51:05.435132+00:00,GET /runs/{id},GET,200,35.427,True
2026-09-28T15:51:05.436637+00:00,GET /runs/{id}/logs,GET,200,34.864,True
2026-09-28T15:51:05.443643+00:00,GET /runs/{id}/logs,GET,200,28.740,True
2026-09-28T15:51:05.444651+00:00,GET /runs/{id}/logs,GET,200,30.612,True
2026-09-28T15:51:05.442645+00:00,GET /workflows,GET,200,34.075,True
2026-09-28T15:51:05.471224+00:00,GET /health,GET,200,6.650,True
2026-09-28T15:51:05.452650+00:00,GET /workflows,GET,200,30.170,True
2026-09-28T15:51:05.455655+00:00,GET /runs/{id},GET,200,30.047,True
2026-09-28T15:51:05.482265+00:00,GET /health,GET,200,4.930,True
2026-09-28T15:51:05.460553+00:00,GET /runs/{id}/logs,GET,200,27.638,True
2026-09-28T15:51:05.477258+00:00,GET /workflows/{id},GET,200,15.277,True
2026-09-28T15:51:05.471749+00:00,GET /agents/catalog,GET,200,21.324,True
2026-09-28T15:51:05.477258+00:00,GET /workflows,GET,200,22.041,True
2026-09-28T15:51:05.492441+00:00,GET /workflows/{id},GET,200,14.341,True
2026-09-28T15:51:05.487465+00:00,GET /runs/{id}/logs,GET,200,22.014,True
2026-09-28T15:51:05.486465+00:00,GET /runs/{id}/logs,GET,200,24.366,True
2026-09-28T15:51:05.492441+00:00,GET /runs/{id}/logs,GET,200,21.329,True
2026-09-28T15:51:05.499853+00:00,GET /workflows,GET,200,22.263,True
2026-09-28T15:51:05.510921+00:00,GET /runs/{id}/logs,GET,200,17.226,True
2026-09-28T15:51:05.506694+00:00,GET /runs/{id},GET,200,22.152,True
2026-09-28T15:51:05.510350+00:00,POST /workflows/{id}/validate,POST,200,23.239,True
2026-09-28T15:51:05.521055+00:00,GET /runs/{id}/logs,GET,200,19.894,True
2026-09-28T15:51:05.541622+00:00,GET /health,GET,200,5.795,True
2026-09-28T15:51:05.471749+00:00,PUT /workflows/{id},PUT,200,75.867,True
2026-09-28T15:51:05.528547+00:00,GET /runs/{id}/logs,GET,200,25.935,True
2026-09-28T15:51:05.533064+00:00,POST /workflows/{id}/validate,POST,200,22.926,True
2026-09-28T15:51:05.527547+00:00,GET /workflows,GET,200,28.626,True
2026-09-28T15:51:05.487465+00:00,PUT /workflows/{id},PUT,500,73.415,False
2026-09-28T15:51:05.475754+00:00,PUT /workflows/{id},PUT,200,85.503,True
2026-09-28T15:51:05.547637+00:00,GET /runs/{id}/logs,GET,200,23.102,True
2026-09-28T15:51:05.570695+00:00,GET /health,GET,200,5.644,True
2026-09-28T15:51:05.556658+00:00,POST /workflows/{id}/validate,POST,200,24.968,True
2026-09-28T15:51:05.555652+00:00,GET /runs/{id}/logs,GET,200,26.020,True
2026-09-28T15:51:05.561652+00:00,GET /runs/{id}/logs,GET,200,21.330,True
2026-09-28T15:51:05.554644+00:00,GET /workflows,GET,200,28.241,True
2026-09-28T15:51:05.581384+00:00,GET /health,GET,200,4.591,True
2026-09-28T15:51:05.513993+00:00,PUT /workflows/{id},PUT,200,79.609,True
2026-09-28T15:51:05.560649+00:00,GET /runs/{id},GET,200,37.601,True
2026-09-28T15:51:05.582386+00:00,GET /workflows/{id},GET,200,20.781,True
2026-09-28T15:51:05.576702+00:00,GET /workflows,GET,200,27.208,True
2026-09-28T15:51:05.582386+00:00,GET /runs/{id},GET,200,24.719,True
2026-09-28T15:51:05.586387+00:00,GET /runs/{id}/logs,GET,200,27.834,True
2026-09-28T15:51:05.593915+00:00,GET /agents/catalog,GET,200,23.462,True
2026-09-28T15:51:05.598915+00:00,GET /runs/{id},GET,200,24.084,True
2026-09-28T15:51:05.547637+00:00,PUT /workflows/{id},PUT,200,75.257,True
2026-09-28T15:51:05.602998+00:00,GET /workflows,GET,200,25.962,True
2026-09-28T15:51:05.622142+00:00,GET /health,GET,200,7.278,True
2026-09-28T15:51:05.603999+00:00,GET /runs/{id},GET,200,31.091,True
2026-09-28T15:51:05.607408+00:00,GET /workflows/{id},GET,200,29.752,True
2026-09-28T15:51:05.616651+00:00,GET /agents/catalog,GET,200,21.043,True
2026-09-28T15:51:05.613786+00:00,GET /workflows,GET,200,29.951,True
2026-09-28T15:51:05.623161+00:00,GET /agents/catalog,GET,200,22.182,True
2026-09-28T15:51:05.629642+00:00,GET /runs/{id},GET,200,23.209,True
2026-09-28T15:51:05.652596+00:00,GET /health,GET,200,2.712,True
2026-09-28T15:51:05.637798+00:00,GET /workflows/{id},GET,200,21.743,True
2026-09-28T15:51:05.634830+00:00,GET /runs/{id},GET,200,27.488,True
2026-09-28T15:51:05.645082+00:00,GET /workflows/{id},GET,200,18.212,True
2026-09-28T15:51:05.582386+00:00,PUT /workflows/{id},PUT,200,82.012,True
2026-09-28T15:51:05.655658+00:00,GET /workflows/{id},GET,200,14.589,True
2026-09-28T15:51:05.636793+00:00,GET /workflows,GET,200,34.513,True
2026-09-28T15:51:05.664259+00:00,GET /workflows/{id},GET,200,15.462,True
2026-09-28T15:51:05.662694+00:00,GET /workflows,GET,200,22.984,True
2026-09-28T15:51:05.659656+00:00,GET /runs/{id},GET,200,25.744,True
2026-09-28T15:51:05.663735+00:00,GET /runs/{id},GET,200,22.999,True
2026-09-28T15:51:05.672248+00:00,GET /workflows,GET,200,19.717,True
2026-09-28T15:51:05.680057+00:00,GET /workflows,GET,200,24.015,True
2026-09-28T15:51:05.629642+00:00,PUT /workflows/{id},PUT,200,74.344,True
2026-09-28T15:51:05.684858+00:00,GET /runs/{id},GET,200,19.656,True
2026-09-28T15:51:05.691811+00:00,GET /workflows/{id},GET,200,17.655,True
2026-09-28T15:51:05.644076+00:00,PUT /workflows/{id},PUT,200,70.648,True
2026-09-28T15:51:05.704771+00:00,POST /workflows/{id}/validate,POST,200,22.847,True
2026-09-28T15:51:05.705306+00:00,GET /runs/{id},GET,200,22.374,True
2026-09-28T15:51:05.709555+00:00,GET /runs/{id},GET,200,19.904,True
2026-09-28T15:51:05.703557+00:00,GET /runs/{id},GET,200,25.658,True
2026-09-28T15:51:05.714224+00:00,GET /agents/catalog,GET,200,17.278,True
2026-09-28T15:51:05.727051+00:00,GET /health,GET,200,5.729,True
2026-09-28T15:51:05.670023+00:00,PUT /workflows/{id},PUT,200,77.013,True
2026-09-28T15:51:05.727051+00:00,GET /agents/catalog,GET,200,21.454,True
2026-09-28T15:51:05.728516+00:00,POST /workflows/{id}/validate,POST,200,25.710,True
2026-09-28T15:51:05.748297+00:00,GET /health,GET,200,6.629,True
2026-09-28T15:51:05.728516+00:00,GET /runs/{id},GET,200,29.548,True
2026-09-28T15:51:05.732124+00:00,GET /runs/{id},GET,200,28.818,True
2026-09-28T15:51:05.732124+00:00,GET /runs/{id},GET,200,28.175,True
2026-09-28T15:51:05.746783+00:00,GET /runs/{id},GET,200,24.273,True
2026-09-28T15:51:05.685863+00:00,PUT /workflows/{id},PUT,500,97.363,False
2026-09-28T15:51:05.761354+00:00,GET /workflows,GET,200,24.768,True
2026-09-28T15:51:05.758357+00:00,GET /runs/{id}/logs,GET,200,27.982,True
2026-09-28T15:51:05.760355+00:00,GET /runs/{id},GET,200,26.505,True
2026-09-28T15:51:05.685863+00:00,PUT /workflows/{id},PUT,200,101.908,True
2026-09-28T15:51:05.755355+00:00,GET /runs/{id},GET,200,33.154,True
2026-09-28T15:51:05.755355+00:00,GET /runs/{id}/logs,GET,200,33.118,True
2026-09-28T15:51:05.771082+00:00,GET /workflows/{id},GET,200,20.368,True
2026-09-28T15:51:05.787703+00:00,GET /workflows/{id},GET,200,17.668,True
2026-09-28T15:51:05.786734+00:00,GET /workflows/{id},GET,200,19.182,True
2026-09-28T15:51:05.783701+00:00,GET /runs/{id}/logs,GET,200,25.406,True
2026-09-28T15:51:05.785696+00:00,GET /workflows,GET,200,29.383,True
2026-09-28T15:51:05.787703+00:00,GET /workflows,GET,200,29.882,True
2026-09-28T15:51:05.788693+00:00,GET /workflows,GET,200,30.752,True
2026-09-28T15:51:05.791705+00:00,GET /runs/{id}/logs,GET,200,29.895,True
2026-09-28T15:51:05.806214+00:00,GET /workflows/{id},GET,200,18.022,True
2026-09-28T15:51:05.821272+00:00,GET /health,GET,200,5.697,True
2026-09-28T15:51:05.809662+00:00,GET /workflows,GET,200,21.050,True
2026-09-28T15:51:05.815002+00:00,GET /runs/{id},GET,200,18.765,True
2026-09-28T15:51:05.817163+00:00,GET /workflows,GET,200,26.092,True
2026-09-28T15:51:05.819274+00:00,GET /workflows,GET,200,24.736,True
2026-09-28T15:51:05.826922+00:00,GET /agents/catalog,GET,200,20.963,True
2026-09-28T15:51:05.823273+00:00,GET /workflows,GET,200,25.881,True
2026-09-28T15:51:05.830721+00:00,GET /runs/{id},GET,200,22.857,True
2026-09-28T15:51:05.833889+00:00,GET /runs/{id}/logs,GET,200,23.421,True
2026-09-28T15:51:05.844017+00:00,GET /workflows/{id},GET,200,23.633,True
2026-09-28T15:51:05.844017+00:00,GET /runs/{id},GET,200,29.624,True
2026-09-28T15:51:05.786734+00:00,PUT /workflows/{id},PUT,200,89.081,True
2026-09-28T15:51:05.848111+00:00,GET /runs/{id}/logs,GET,200,30.054,True
2026-09-28T15:51:05.853111+00:00,GET /runs/{id},GET,200,28.742,True
2026-09-28T15:51:05.876126+00:00,GET /health,GET,200,6.597,True
2026-09-28T15:51:05.850111+00:00,GET /runs/{id},GET,200,34.713,True
2026-09-28T15:51:05.857111+00:00,GET /runs/{id},GET,200,29.496,True
2026-09-28T15:51:05.867114+00:00,GET /workflows/{id},GET,200,19.947,True
2026-09-28T15:51:05.806214+00:00,PUT /workflows/{id},PUT,200,90.944,True
2026-09-28T15:51:05.874119+00:00,GET /runs/{id}/logs,GET,200,23.708,True
2026-09-28T15:51:05.878119+00:00,GET /runs/{id},GET,200,30.178,True
2026-09-28T15:51:05.887140+00:00,GET /workflows/{id},GET,200,25.577,True
2026-09-28T15:51:05.884137+00:00,GET /runs/{id},GET,200,28.543,True
2026-09-28T15:51:05.882120+00:00,GET /runs/{id}/logs,GET,200,32.119,True
2026-09-28T15:51:05.882120+00:00,GET /workflows,GET,200,35.547,True
2026-09-28T15:51:05.918106+00:00,GET /health,GET,200,8.784,True
2026-09-28T15:51:05.897830+00:00,POST /workflows/{id}/validate,POST,200,29.515,True
2026-09-28T15:51:05.896832+00:00,GET /runs/{id},GET,200,30.602,True
2026-09-28T15:51:05.908840+00:00,GET /runs/{id}/logs,GET,200,22.662,True
2026-09-28T15:51:05.912465+00:00,GET /runs/{id},GET,200,31.568,True
2026-09-28T15:51:05.913344+00:00,GET /runs/{id}/logs,GET,200,31.389,True
2026-09-28T15:51:05.914351+00:00,GET /runs/{id},GET,200,30.688,True
2026-09-28T15:51:05.927981+00:00,GET /workflows/{id},GET,200,22.022,True
2026-09-28T15:51:05.926930+00:00,GET /runs/{id},GET,200,24.944,True
2026-09-28T15:51:05.944281+00:00,GET /health,GET,200,7.861,True
2026-09-28T15:51:05.931150+00:00,GET /runs/{id}/logs,GET,200,24.605,True
2026-09-28T15:51:05.926930+00:00,GET /runs/{id},GET,200,30.871,True
2026-09-28T15:51:05.887140+00:00,PUT /workflows/{id},PUT,200,80.575,True
2026-09-28T15:51:05.952279+00:00,GET /workflows/{id},GET,200,19.418,True
2026-09-28T15:51:05.944281+00:00,GET /runs/{id},GET,200,28.172,True
2026-09-28T15:51:05.950283+00:00,GET /runs/{id},GET,200,23.549,True
2026-09-28T15:51:05.951280+00:00,GET /workflows,GET,200,25.388,True
2026-09-28T15:51:05.955922+00:00,GET /runs/{id},GET,200,22.217,True
2026-09-28T15:51:05.957932+00:00,POST /workflows/{id}/validate,POST,200,21.378,True
2026-09-28T15:51:05.968101+00:00,GET /workflows/{id},GET,200,16.504,True
2026-09-28T15:51:05.972662+00:00,GET /runs/{id},GET,200,30.400,True
2026-09-28T15:51:05.971672+00:00,GET /workflows,GET,200,31.301,True
2026-09-28T15:51:05.973680+00:00,GET /runs/{id},GET,200,30.353,True
2026-09-28T15:51:05.984329+00:00,GET /runs/{id}/logs,GET,200,25.364,True
2026-09-28T15:51:05.977188+00:00,GET /workflows,GET,200,33.041,True
2026-09-28T15:51:05.978201+00:00,GET /runs/{id}/logs,GET,200,31.266,True
2026-09-28T15:51:06.003442+00:00,GET /health,GET,200,7.227,True
2026-09-28T15:51:05.978201+00:00,GET /runs/{id},GET,200,33.278,True
2026-09-28T15:51:06.009449+00:00,GET /health,GET,200,6.330,True
2026-09-28T15:51:06.002416+00:00,GET /workflows/{id},GET,200,17.315,True
2026-09-28T15:51:06.003442+00:00,POST /workflows/{id}/validate,POST,200,22.702,True
2026-09-28T15:51:05.945280+00:00,PUT /workflows/{id},PUT,200,81.504,True
2026-09-28T15:51:06.016473+00:00,GET /workflows/{id},GET,200,15.699,True
2026-09-28T15:51:06.010449+00:00,GET /workflows,GET,200,24.006,True
2026-09-28T15:51:06.010449+00:00,GET /runs/{id},GET,200,23.943,True
2026-09-28T15:51:06.019854+00:00,GET /runs/{id},GET,200,23.113,True
2026-09-28T15:51:06.025856+00:00,GET /runs/{id},GET,200,20.122,True
2026-09-28T15:51:06.025856+00:00,GET /runs/{id}/logs,GET,200,19.753,True
2026-09-28T15:51:06.034061+00:00,GET /workflows/{id},GET,200,16.487,True
2026-09-28T15:51:06.035049+00:00,GET /runs/{id},GET,200,20.443,True
2026-09-28T15:51:06.032047+00:00,GET /workflows,GET,200,24.206,True
2026-09-28T15:51:06.042674+00:00,GET /runs/{id},GET,200,17.757,True
2026-09-28T15:51:06.045671+00:00,GET /runs/{id}/logs,GET,200,20.741,True
2026-09-28T15:51:06.050674+00:00,GET /runs/{id}/logs,GET,200,21.186,True
2026-09-28T15:51:06.055684+00:00,GET /runs/{id}/logs,GET,200,18.003,True
2026-09-28T15:51:06.061223+00:00,GET /workflows,GET,200,18.136,True
2026-09-28T15:51:06.010449+00:00,PUT /workflows/{id},PUT,200,70.949,True
2026-09-28T15:51:06.072212+00:00,GET /runs/{id},GET,200,13.786,True
2026-09-28T15:51:06.010449+00:00,PUT /workflows/{id},PUT,500,75.563,False
2026-09-28T15:51:06.079055+00:00,GET /runs/{id}/logs,GET,200,20.225,True
2026-09-28T15:51:06.085133+00:00,POST /workflows/{id}/validate,POST,200,14.260,True
2026-09-28T15:51:06.081068+00:00,GET /workflows,GET,200,20.827,True
2026-09-28T15:51:06.086640+00:00,GET /runs/{id}/logs,GET,200,18.808,True
2026-09-28T15:51:06.045671+00:00,PUT /workflows/{id},PUT,200,69.820,True
2026-09-28T15:51:06.100369+00:00,POST /workflows/{id}/validate,POST,200,20.392,True
2026-09-28T15:51:06.099368+00:00,GET /runs/{id}/logs,GET,200,28.911,True
2026-09-28T15:51:06.102369+00:00,GET /runs/{id},GET,200,30.664,True
2026-09-28T15:51:06.105368+00:00,GET /runs/{id},GET,200,35.146,True
2026-09-28T15:51:06.115450+00:00,GET /runs/{id}/logs,GET,200,28.733,True
2026-09-28T15:51:06.056191+00:00,PUT /workflows/{id},PUT,200,95.093,True
2026-09-28T15:51:06.119938+00:00,GET /workflows,GET,200,38.920,True
2026-09-28T15:51:06.127439+00:00,GET /runs/{id},GET,200,32.531,True
2026-09-28T15:51:06.067230+00:00,PUT /workflows/{id},PUT,200,94.374,True
2026-09-28T15:51:06.132495+00:00,POST /workflows/{id}/validate,POST,200,29.218,True
2026-09-28T15:51:06.140685+00:00,GET /runs/{id}/logs,GET,200,26.474,True
2026-09-28T15:51:06.144686+00:00,GET /agents/catalog,GET,200,23.045,True
2026-09-28T15:51:06.073416+00:00,PUT /workflows/{id},PUT,200,104.257,True
2026-09-28T15:51:06.150685+00:00,GET /runs/{id},GET,200,30.458,True
2026-09-28T15:51:06.159689+00:00,GET /runs/{id}/logs,GET,200,26.010,True
2026-09-28T15:51:06.161689+00:00,GET /workflows,GET,200,24.186,True
2026-09-28T15:51:06.161689+00:00,GET /runs/{id}/logs,GET,200,31.907,True
2026-09-28T15:51:06.166690+00:00,GET /workflows,GET,200,28.171,True
2026-09-28T15:51:06.167883+00:00,GET /workflows,GET,200,30.946,True
2026-09-28T15:51:06.195095+00:00,GET /health,GET,200,4.840,True
2026-09-28T15:51:06.177940+00:00,GET /workflows/{id},GET,200,22.918,True
2026-09-28T15:51:06.184966+00:00,GET /workflows/{id},GET,200,23.293,True
2026-09-28T15:51:06.186455+00:00,GET /agents/catalog,GET,200,23.279,True
2026-09-28T15:51:06.181698+00:00,GET /runs/{id}/logs,GET,200,33.443,True
2026-09-28T15:51:06.200540+00:00,GET /workflows/{id},GET,200,19.424,True
2026-09-28T15:51:06.200540+00:00,GET /agents/catalog,GET,200,21.938,True
2026-09-28T15:51:06.192757+00:00,GET /runs/{id},GET,200,30.317,True
2026-09-28T15:51:06.198526+00:00,GET /runs/{id}/logs,GET,200,31.526,True
2026-09-28T15:51:06.223816+00:00,GET /health,GET,200,7.081,True
2026-09-28T15:51:06.209026+00:00,GET /agents/catalog,GET,200,25.754,True
2026-09-28T15:51:06.218852+00:00,GET /agents/catalog,GET,200,20.200,True
2026-09-28T15:51:06.209026+00:00,GET /runs/{id},GET,200,31.346,True
2026-09-28T15:51:06.160691+00:00,PUT /workflows/{id},PUT,200,81.623,True
2026-09-28T15:51:06.214279+00:00,GET /runs/{id},GET,200,29.536,True
2026-09-28T15:51:06.222807+00:00,GET /workflows/{id},GET,200,22.568,True
2026-09-28T15:51:06.229824+00:00,GET /runs/{id}/logs,GET,200,28.198,True
2026-09-28T15:51:06.233666+00:00,GET /workflows/{id},GET,200,23.878,True
2026-09-28T15:51:06.230948+00:00,GET /workflows,GET,200,28.146,True
2026-09-28T15:51:06.244670+00:00,GET /workflows/{id},GET,200,19.163,True
2026-09-28T15:51:06.242670+00:00,GET /runs/{id},GET,200,23.706,True
2026-09-28T15:51:06.240673+00:00,GET /runs/{id},GET,200,25.915,True
2026-09-28T15:51:06.239672+00:00,GET /runs/{id},GET,200,27.238,True
2026-09-28T15:51:06.258202+00:00,GET /runs/{id},GET,200,24.697,True
2026-09-28T15:51:06.258202+00:00,GET /workflows,GET,200,27.392,True
2026-09-28T15:51:06.259208+00:00,GET /runs/{id},GET,200,27.725,True
2026-09-28T15:51:06.264203+00:00,GET /runs/{id}/logs,GET,200,26.449,True
2026-09-28T15:51:06.266198+00:00,GET /runs/{id},GET,200,26.652,True
2026-09-28T15:51:06.266198+00:00,GET /runs/{id},GET,200,27.237,True
2026-09-28T15:51:06.267197+00:00,GET /workflows,GET,200,27.637,True
2026-09-28T15:51:06.286212+00:00,GET /agents/catalog,GET,200,12.903,True
2026-09-28T15:51:06.286212+00:00,GET /workflows,GET,200,20.033,True
2026-09-28T15:51:06.293723+00:00,GET /workflows/{id},GET,200,15.812,True
2026-09-28T15:51:06.306350+00:00,GET /health,GET,200,3.889,True
2026-09-28T15:51:06.299281+00:00,GET /workflows/{id},GET,200,16.111,True
2026-09-28T15:51:06.294723+00:00,GET /runs/{id},GET,200,21.821,True
2026-09-28T15:51:06.245670+00:00,PUT /workflows/{id},PUT,200,75.419,True
2026-09-28T15:51:06.310107+00:00,GET /runs/{id},GET,200,21.187,True
2026-09-28T15:51:06.309557+00:00,GET /workflows,GET,200,22.052,True
2026-09-28T15:51:06.315523+00:00,GET /agents/catalog,GET,200,15.101,True
2026-09-28T15:51:06.321262+00:00,GET /workflows/{id},GET,200,13.218,True
2026-09-28T15:51:06.331475+00:00,GET /agents/catalog,GET,200,19.797,True
2026-09-28T15:51:06.331475+00:00,GET /workflows,GET,200,25.355,True
2026-09-28T15:51:06.283210+00:00,PUT /workflows/{id},PUT,200,74.356,True
2026-09-28T15:51:06.331475+00:00,GET /runs/{id},GET,200,26.265,True
2026-09-28T15:51:06.334449+00:00,GET /runs/{id}/logs,GET,200,25.333,True
2026-09-28T15:51:06.357196+00:00,GET /health,GET,200,6.844,True
2026-09-28T15:51:06.359195+00:00,GET /health,GET,200,4.934,True
2026-09-28T15:51:06.290212+00:00,PUT /workflows/{id},PUT,200,78.833,True
2026-09-28T15:51:06.351185+00:00,GET /workflows/{id},GET,200,20.500,True
2026-09-28T15:51:06.292733+00:00,PUT /workflows/{id},PUT,200,92.526,True
2026-09-28T15:51:06.357196+00:00,GET /runs/{id},GET,200,33.686,True
2026-09-28T15:51:06.357196+00:00,GET /workflows,GET,200,33.294,True
2026-09-28T15:51:06.364194+00:00,GET /runs/{id}/logs,GET,200,30.467,True
2026-09-28T15:51:06.364194+00:00,GET /workflows,GET,200,33.090,True
2026-09-28T15:51:06.391121+00:00,GET /health,GET,200,7.797,True
2026-09-28T15:51:06.371818+00:00,GET /runs/{id},GET,200,28.455,True
2026-09-28T15:51:06.315523+00:00,PUT /workflows/{id},PUT,200,85.109,True
2026-09-28T15:51:06.369203+00:00,GET /workflows,GET,200,33.512,True
2026-09-28T15:51:06.386063+00:00,GET /runs/{id},GET,200,28.549,True
2026-09-28T15:51:06.395124+00:00,GET /agents/catalog,GET,200,26.418,True
2026-09-28T15:51:06.399010+00:00,GET /workflows/{id},GET,200,23.540,True
2026-09-28T15:51:06.397344+00:00,POST /workflows/{id}/validate,POST,200,25.359,True
2026-09-28T15:51:06.391121+00:00,GET /runs/{id}/logs,GET,200,36.616,True
2026-09-28T15:51:06.402766+00:00,GET /runs/{id},GET,200,26.894,True
2026-09-28T15:51:06.400666+00:00,GET /runs/{id},GET,200,29.899,True
2026-09-28T15:51:06.429067+00:00,GET /health,GET,200,4.147,True
2026-09-28T15:51:06.422703+00:00,GET /agents/catalog,GET,200,13.575,True
2026-09-28T15:51:06.413496+00:00,GET /workflows,GET,200,22.361,True
2026-09-28T15:51:06.436476+00:00,GET /health,GET,200,3.258,True
2026-09-28T15:51:06.427634+00:00,POST /workflows/{id}/validate,POST,200,13.461,True
2026-09-28T15:51:06.433180+00:00,GET /workflows/{id},GET,200,7.674,True
2026-09-28T15:51:06.439478+00:00,GET /runs/{id}/logs,GET,200,12.232,True
2026-09-28T15:51:06.440476+00:00,GET /runs/{id},GET,200,12.920,True
2026-09-28T15:51:06.441476+00:00,POST /workflows/{id}/validate,POST,200,13.069,True
2026-09-28T15:51:06.400115+00:00,PUT /workflows/{id},PUT,200,59.095,True
2026-09-28T15:51:06.451579+00:00,POST /workflows/{id}/validate,POST,200,8.712,True
2026-09-28T15:51:06.453576+00:00,GET /workflows,GET,200,8.426,True
2026-09-28T15:51:06.460096+00:00,GET /workflows/{id},GET,200,6.906,True
2026-09-28T15:51:06.467589+00:00,GET /health,GET,200,4.187,True
2026-09-28T15:51:06.462098+00:00,GET /runs/{id},GET,200,10.410,True
2026-09-28T15:51:06.421401+00:00,PUT /workflows/{id},PUT,200,58.800,True
2026-09-28T15:51:06.480090+00:00,GET /health,GET,200,5.792,True
2026-09-28T15:51:06.472501+00:00,GET /runs/{id},GET,200,16.483,True
2026-09-28T15:51:06.471884+00:00,GET /runs/{id}/logs,GET,200,17.969,True
2026-09-28T15:51:06.422703+00:00,PUT /workflows/{id},PUT,200,68.087,True
2026-09-28T15:51:06.485275+00:00,GET /workflows/{id},GET,200,15.988,True
2026-09-28T15:51:06.430128+00:00,PUT /workflows/{id},PUT,200,82.125,True
2026-09-28T15:51:06.488840+00:00,GET /agents/catalog,GET,200,24.190,True
2026-09-28T15:51:06.436476+00:00,PUT /workflows/{id},PUT,500,76.998,False
2026-09-28T15:51:06.489841+00:00,GET /workflows,GET,200,26.921,True
2026-09-28T15:51:06.489841+00:00,GET /runs/{id}/logs,GET,200,40.130,True
2026-09-28T15:51:06.500895+00:00,GET /runs/{id}/logs,GET,200,36.049,True
2026-09-28T15:51:06.516696+00:00,GET /runs/{id},GET,200,27.941,True
2026-09-28T15:51:06.454579+00:00,PUT /workflows/{id},PUT,200,90.391,True
2026-09-28T15:51:06.513029+00:00,GET /workflows,GET,200,37.404,True
2026-09-28T15:51:06.459097+00:00,PUT /workflows/{id},PUT,500,91.896,False
2026-09-28T15:51:06.513029+00:00,GET /workflows/{id},GET,200,40.116,True
2026-09-28T15:51:06.529688+00:00,GET /workflows,GET,200,34.465,True
2026-09-28T15:51:06.537485+00:00,GET /runs/{id},GET,200,31.725,True
2026-09-28T15:51:06.550365+00:00,GET /workflows/{id},GET,200,25.923,True
2026-09-28T15:51:06.551356+00:00,POST /workflows/{id}/validate,POST,200,32.563,True
2026-09-28T15:51:06.545127+00:00,GET /workflows,GET,200,39.139,True
2026-09-28T15:51:06.553673+00:00,GET /runs/{id},GET,200,33.005,True
2026-09-28T15:51:06.544597+00:00,GET /workflows,GET,200,42.961,True
2026-09-28T15:51:06.565412+00:00,GET /runs/{id},GET,200,26.631,True
2026-09-28T15:51:06.577072+00:00,GET /agents/catalog,GET,200,20.739,True
2026-09-28T15:51:06.513029+00:00,PUT /workflows/{id},PUT,200,85.125,True
2026-09-28T15:51:06.597828+00:00,GET /health,GET,200,4.690,True
2026-09-28T15:51:06.569978+00:00,GET /workflows,GET,200,36.018,True
2026-09-28T15:51:06.587384+00:00,GET /workflows/{id},GET,200,26.198,True
2026-09-28T15:51:06.605395+00:00,GET /health,GET,200,8.512,True
2026-09-28T15:51:06.583075+00:00,GET /runs/{id}/logs,GET,200,31.160,True
2026-09-28T15:51:06.591733+00:00,GET /workflows/{id},GET,200,24.112,True
2026-09-28T15:51:06.586861+00:00,GET /runs/{id},GET,200,31.520,True
2026-09-28T15:51:06.584073+00:00,GET /runs/{id}/logs,GET,200,34.960,True
2026-09-28T15:51:06.597828+00:00,GET /runs/{id}/logs,GET,200,29.144,True
2026-09-28T15:51:06.601269+00:00,GET /workflows,GET,200,27.101,True
2026-09-28T15:51:06.626826+00:00,GET /health,GET,200,5.227,True
2026-09-28T15:51:06.613544+00:00,GET /workflows/{id},GET,200,21.266,True
2026-09-28T15:51:06.616031+00:00,GET /agents/catalog,GET,200,22.239,True
2026-09-28T15:51:06.613544+00:00,GET /workflows/{id},GET,200,25.785,True
2026-09-28T15:51:06.614725+00:00,GET /runs/{id},GET,200,28.271,True
2026-09-28T15:51:06.619133+00:00,GET /runs/{id}/logs,GET,200,24.332,True
2026-09-28T15:51:06.637892+00:00,GET /health,GET,200,5.777,True
2026-09-28T15:51:06.629034+00:00,GET /runs/{id}/logs,GET,200,17.511,True
2026-09-28T15:51:06.631409+00:00,GET /agents/catalog,GET,200,17.824,True
2026-09-28T15:51:06.646989+00:00,GET /health,GET,200,4.496,True
2026-09-28T15:51:06.650975+00:00,GET /health,GET,200,5.176,True
2026-09-28T15:51:06.635381+00:00,GET /workflows,GET,200,24.076,True
2026-09-28T15:51:06.642975+00:00,GET /runs/{id}/logs,GET,200,22.243,True
2026-09-28T15:51:06.643976+00:00,GET /runs/{id}/logs,GET,200,24.693,True
2026-09-28T15:51:06.642975+00:00,GET /workflows,GET,200,26.163,True
2026-09-28T15:51:06.649978+00:00,GET /runs/{id},GET,200,22.255,True
2026-09-28T15:51:06.655976+00:00,GET /runs/{id}/logs,GET,200,19.577,True
2026-09-28T15:51:06.659978+00:00,GET /runs/{id},GET,200,16.860,True
2026-09-28T15:51:06.664979+00:00,GET /workflows/{id},GET,200,17.827,True
2026-09-28T15:51:06.672498+00:00,GET /workflows/{id},GET,200,17.607,True
2026-09-28T15:51:06.675523+00:00,GET /workflows/{id},GET,200,16.306,True
2026-09-28T15:51:06.669981+00:00,GET /runs/{id},GET,200,24.493,True
2026-09-28T15:51:06.667980+00:00,GET /runs/{id}/logs,GET,200,26.964,True
2026-09-28T15:51:06.692297+00:00,GET /health,GET,200,4.942,True
2026-09-28T15:51:06.618127+00:00,PUT /workflows/{id},PUT,200,79.604,True
2026-09-28T15:51:06.694312+00:00,GET /health,GET,200,5.639,True
2026-09-28T15:51:06.683079+00:00,GET /workflows,GET,200,26.496,True
2026-09-28T15:51:06.698331+00:00,GET /workflows/{id},GET,200,17.768,True
2026-09-28T15:51:06.697345+00:00,POST /workflows/{id}/validate,POST,200,24.856,True
2026-09-28T15:51:06.689777+00:00,POST /workflows/{id}/validate,POST,200,32.694,True
2026-09-28T15:51:06.699329+00:00,GET /runs/{id},GET,200,23.821,True
2026-09-28T15:51:06.695311+00:00,GET /runs/{id}/logs,GET,200,31.187,True
2026-09-28T15:51:06.639897+00:00,PUT /workflows/{id},PUT,200,87.343,True
2026-09-28T15:51:06.709527+00:00,GET /workflows/{id},GET,200,20.060,True
2026-09-28T15:51:06.722042+00:00,GET /agents/catalog,GET,200,15.791,True
2026-09-28T15:51:06.723548+00:00,GET /workflows,GET,200,22.385,True
2026-09-28T15:51:06.729989+00:00,POST /workflows/{id}/validate,POST,200,20.292,True
2026-09-28T15:51:06.676519+00:00,PUT /workflows/{id},PUT,200,75.543,True
2026-09-28T15:51:06.727232+00:00,PUT /workflows/{id},PUT,500,29.486,False
2026-09-28T15:51:06.726228+00:00,GET /workflows,GET,200,30.269,True
2026-09-28T15:51:06.738482+00:00,GET /runs/{id},GET,200,20.161,True
2026-09-28T15:51:06.745654+00:00,GET /runs/{id}/logs,GET,200,22.679,True
2026-09-28T15:51:06.751653+00:00,GET /workflows/{id},GET,200,17.102,True
2026-09-28T15:51:06.768668+00:00,GET /health,GET,200,5.398,True
2026-09-28T15:51:06.749653+00:00,GET /runs/{id}/logs,GET,200,24.689,True
2026-09-28T15:51:06.758659+00:00,GET /runs/{id}/logs,GET,200,20.681,True
2026-09-28T15:51:06.756660+00:00,GET /runs/{id}/logs,GET,200,25.920,True
2026-09-28T15:51:06.768668+00:00,GET /runs/{id},GET,200,28.586,True
2026-09-28T15:51:06.715730+00:00,PUT /workflows/{id},PUT,200,81.910,True
2026-09-28T15:51:06.774721+00:00,GET /runs/{id}/logs,GET,200,29.784,True
2026-09-28T15:51:06.774721+00:00,GET /runs/{id},GET,200,30.431,True
2026-09-28T15:51:06.722042+00:00,PUT /workflows/{id},PUT,500,83.605,False
2026-09-28T15:51:06.756660+00:00,POST /workflows/{id}/validate,POST,200,50.179,True
2026-09-28T15:51:06.782360+00:00,GET /runs/{id}/logs,GET,200,24.424,True
2026-09-28T15:51:06.779733+00:00,GET /workflows/{id},GET,200,28.202,True
2026-09-28T15:51:06.806815+00:00,GET /health,GET,200,5.880,True
2026-09-28T15:51:06.797358+00:00,GET /workflows/{id},GET,200,20.051,True
2026-09-28T15:51:06.797358+00:00,GET /runs/{id},GET,200,25.636,True
2026-09-28T15:51:06.803922+00:00,GET /runs/{id}/logs,GET,200,19.864,True
2026-09-28T15:51:06.805373+00:00,GET /workflows/{id},GET,200,21.165,True
2026-09-28T15:51:06.806815+00:00,GET /agents/catalog,GET,200,21.003,True
2026-09-28T15:51:06.817290+00:00,GET /runs/{id}/logs,GET,200,20.953,True
2026-09-28T15:51:06.812993+00:00,GET /runs/{id}/logs,GET,200,24.945,True
2026-09-28T15:51:06.822970+00:00,GET /runs/{id}/logs,GET,200,21.417,True
2026-09-28T15:51:06.837962+00:00,GET /health,GET,200,7.033,True
2026-09-28T15:51:06.824417+00:00,GET /runs/{id},GET,200,21.877,True
2026-09-28T15:51:06.827057+00:00,GET /workflows,GET,200,21.968,True
2026-09-28T15:51:06.827057+00:00,GET /runs/{id},GET,200,22.618,True
2026-09-28T15:51:06.837962+00:00,GET /runs/{id},GET,200,24.095,True
2026-09-28T15:51:06.848759+00:00,GET /workflows/{id},GET,200,19.700,True
2026-09-28T15:51:06.845744+00:00,GET /runs/{id},GET,200,25.545,True
2026-09-28T15:51:06.844743+00:00,GET /workflows,GET,200,32.813,True
2026-09-28T15:51:06.849755+00:00,GET /workflows,GET,200,33.921,True
2026-09-28T15:51:06.805373+00:00,PUT /workflows/{id},PUT,200,79.650,True
2026-09-28T15:51:06.861830+00:00,GET /workflows/{id},GET,200,23.145,True
2026-09-28T15:51:06.806815+00:00,PUT /workflows/{id},PUT,500,78.367,False
2026-09-28T15:51:06.871896+00:00,GET /workflows/{id},GET,200,16.729,True
2026-09-28T15:51:06.868470+00:00,GET /runs/{id}/logs,GET,200,24.428,True
2026-09-28T15:51:06.883936+00:00,GET /workflows/{id},GET,200,12.166,True
2026-09-28T15:51:06.885370+00:00,GET /agents/catalog,GET,200,11.208,True
2026-09-28T15:51:06.888903+00:00,GET /runs/{id}/logs,GET,200,12.694,True
2026-09-28T15:51:06.892591+00:00,GET /runs/{id},GET,200,20.713,True
2026-09-28T15:51:06.896691+00:00,GET /workflows/{id},GET,200,19.530,True
2026-09-28T15:51:06.895700+00:00,GET /runs/{id}/logs,GET,200,23.454,True
2026-09-28T15:51:06.900703+00:00,GET /workflows/{id},GET,200,20.798,True
2026-09-28T15:51:06.885370+00:00,GET /runs/{id},GET,200,37.110,True
2026-09-28T15:51:06.845744+00:00,PUT /workflows/{id},PUT,200,79.007,True
2026-09-28T15:51:06.913399+00:00,GET /workflows/{id},GET,200,13.863,True
2026-09-28T15:51:06.916303+00:00,GET /workflows,GET,200,34.098,True
2026-09-28T15:51:06.922015+00:00,GET /workflows,GET,200,28.538,True
2026-09-28T15:51:06.918904+00:00,GET /workflows,GET,200,32.511,True
2026-09-28T15:51:06.922015+00:00,GET /runs/{id},GET,200,29.935,True
2026-09-28T15:51:06.924023+00:00,GET /runs/{id},GET,200,28.465,True
2026-09-28T15:51:06.926852+00:00,POST /workflows/{id}/validate,POST,200,26.092,True
2026-09-28T15:51:06.877019+00:00,PUT /workflows/{id},PUT,200,89.752,True
2026-09-28T15:51:06.883936+00:00,PUT /workflows/{id},PUT,500,83.025,False
2026-09-28T15:51:06.952783+00:00,POST /workflows/{id}/validate,POST,200,24.428,True
2026-09-28T15:51:06.951782+00:00,GET /runs/{id}/logs,GET,200,30.399,True
2026-09-28T15:51:06.950805+00:00,GET /workflows,GET,200,32.441,True
2026-09-28T15:51:06.952783+00:00,GET /runs/{id}/logs,GET,200,30.422,True
2026-09-28T15:51:06.953782+00:00,GET /workflows,GET,200,30.284,True
2026-09-28T15:51:06.967812+00:00,POST /workflows/{id}/validate,POST,200,28.435,True
2026-09-28T15:51:06.967812+00:00,GET /runs/{id}/logs,GET,200,29.181,True
2026-09-28T15:51:06.983064+00:00,GET /workflows/{id},GET,200,18.038,True
2026-09-28T15:51:06.984197+00:00,GET /agents/catalog,GET,200,20.061,True
2026-09-28T15:51:06.976835+00:00,GET /workflows,GET,200,30.582,True
2026-09-28T15:51:06.983064+00:00,POST /workflows/{id}/validate,POST,200,27.413,True
2026-09-28T15:51:06.996192+00:00,GET /workflows/{id},GET,200,18.898,True
2026-09-28T15:51:06.983064+00:00,GET /runs/{id},GET,200,32.447,True
2026-09-28T15:51:07.015277+00:00,GET /health,GET,200,6.100,True
2026-09-28T15:51:06.996192+00:00,GET /workflows/{id},GET,200,24.918,True
2026-09-28T15:51:07.009900+00:00,GET /workflows/{id},GET,200,26.574,True
2026-09-28T15:51:07.004104+00:00,GET /runs/{id},GET,200,33.142,True
2026-09-28T15:51:07.001266+00:00,GET /workflows,GET,200,36.679,True
2026-09-28T15:51:07.021424+00:00,GET /workflows/{id},GET,200,19.160,True
2026-09-28T15:51:06.949793+00:00,PUT /workflows/{id},PUT,200,93.384,True
2026-09-28T15:51:07.015277+00:00,POST /workflows/{id}/validate,POST,200,30.634,True
2026-09-28T15:51:07.007829+00:00,GET /runs/{id},GET,200,39.250,True
2026-09-28T15:51:07.021424+00:00,GET /runs/{id}/logs,GET,200,31.112,True
2026-09-28T15:51:07.036247+00:00,GET /runs/{id}/logs,GET,200,27.816,True
2026-09-28T15:51:07.040756+00:00,GET /workflows/{id},GET,200,23.962,True
2026-09-28T15:51:07.046921+00:00,GET /workflows/{id},GET,200,21.791,True
2026-09-28T15:51:07.037252+00:00,GET /runs/{id},GET,200,31.808,True
2026-09-28T15:51:07.043920+00:00,GET /workflows/{id},GET,200,26.696,True
2026-09-28T15:51:07.037252+00:00,GET /workflows,GET,200,33.323,True
2026-09-28T15:51:07.045919+00:00,GET /runs/{id}/logs,GET,200,28.872,True
2026-09-28T15:51:07.052475+00:00,GET /runs/{id},GET,200,25.755,True
2026-09-28T15:51:07.064820+00:00,GET /workflows/{id},GET,200,19.368,True
2026-09-28T15:51:07.064820+00:00,GET /runs/{id}/logs,GET,200,24.164,True
2026-09-28T15:51:07.069821+00:00,GET /workflows/{id},GET,200,19.556,True
2026-09-28T15:51:07.068819+00:00,GET /agents/catalog,GET,200,23.059,True
2026-09-28T15:51:07.074968+00:00,GET /workflows/{id},GET,200,18.991,True
2026-09-28T15:51:07.069821+00:00,GET /runs/{id},GET,200,25.065,True
2026-09-28T15:51:07.077968+00:00,GET /runs/{id},GET,200,20.421,True
2026-09-28T15:51:07.083972+00:00,POST /workflows/{id}/validate,POST,200,20.794,True
2026-09-28T15:51:07.088483+00:00,GET /workflows/{id},GET,200,20.270,True
2026-09-28T15:51:07.089484+00:00,GET /runs/{id},GET,200,25.269,True
2026-09-28T15:51:07.094645+00:00,POST /workflows/{id}/validate,POST,200,24.172,True
2026-09-28T15:51:07.098650+00:00,POST /workflows/{id}/validate,POST,200,21.258,True
2026-09-28T15:51:07.091484+00:00,GET /runs/{id},GET,200,28.046,True
2026-09-28T15:51:07.094645+00:00,GET /runs/{id},GET,200,26.498,True
2026-09-28T15:51:07.108467+00:00,GET /runs/{id},GET,200,18.884,True
2026-09-28T15:51:07.114514+00:00,GET /workflows,GET,200,25.265,True
2026-09-28T15:51:07.119796+00:00,POST /workflows/{id}/validate,POST,200,23.420,True
2026-09-28T15:51:07.118790+00:00,GET /runs/{id}/logs,GET,200,25.923,True
2026-09-28T15:51:07.119796+00:00,GET /runs/{id},GET,200,25.913,True
2026-09-28T15:51:07.144936+00:00,GET /health,GET,200,5.483,True
2026-09-28T15:51:07.120797+00:00,GET /runs/{id},GET,200,29.894,True
2026-09-28T15:51:07.127358+00:00,POST /workflows/{id}/validate,POST,200,24.407,True
2026-09-28T15:51:07.070960+00:00,PUT /workflows/{id},PUT,200,88.940,True
2026-09-28T15:51:07.145941+00:00,GET /agents/catalog,GET,200,16.954,True
2026-09-28T15:51:07.140407+00:00,GET /workflows,GET,200,30.889,True
2026-09-28T15:51:07.150936+00:00,GET /workflows/{id},GET,200,21.184,True
2026-09-28T15:51:07.142408+00:00,GET /runs/{id}/logs,GET,200,29.394,True
2026-09-28T15:51:07.151947+00:00,GET /workflows/{id},GET,200,25.388,True
2026-09-28T15:51:07.149942+00:00,GET /runs/{id},GET,200,28.031,True
2026-09-28T15:51:07.104045+00:00,PUT /workflows/{id},PUT,200,82.389,True
2026-09-28T15:51:07.162472+00:00,GET /runs/{id}/logs,GET,200,26.732,True
2026-09-28T15:51:07.186163+00:00,GET /health,GET,200,8.243,True
2026-09-28T15:51:07.158943+00:00,GET /runs/{id},GET,200,36.051,True
2026-09-28T15:51:07.172518+00:00,GET /workflows/{id},GET,200,23.401,True
2026-09-28T15:51:07.171472+00:00,GET /workflows,GET,200,29.526,True
2026-09-28T15:51:07.171472+00:00,POST /workflows/{id}/validate,POST,200,29.271,True
2026-09-28T15:51:07.194915+00:00,GET /health,GET,200,6.144,True
2026-09-28T15:51:07.178518+00:00,GET /workflows,GET,200,25.311,True
2026-09-28T15:51:07.177525+00:00,GET /workflows,GET,200,27.744,True
2026-09-28T15:51:07.201812+00:00,GET /health,GET,200,5.357,True
2026-09-28T15:51:07.189083+00:00,GET /workflows/{id},GET,200,21.850,True
2026-09-28T15:51:07.194915+00:00,GET /runs/{id}/logs,GET,200,25.090,True
2026-09-28T15:51:07.200350+00:00,GET /runs/{id},GET,200,20.068,True
2026-09-28T15:51:07.203143+00:00,GET /workflows/{id},GET,200,18.168,True
2026-09-28T15:51:07.207123+00:00,GET /workflows/{id},GET,200,14.889,True
2026-09-28T15:51:07.211298+00:00,GET /runs/{id},GET,200,18.520,True
2026-09-28T15:51:07.229902+00:00,GET /health,GET,200,3.577,True
2026-09-28T15:51:07.221586+00:00,GET /workflows/{id},GET,200,14.379,True
2026-09-28T15:51:07.220240+00:00,GET /runs/{id}/logs,GET,200,18.702,True
2026-09-28T15:51:07.221586+00:00,GET /workflows,GET,200,18.668,True
2026-09-28T15:51:07.233714+00:00,GET /runs/{id},GET,200,15.105,True
2026-09-28T15:51:07.236298+00:00,GET /runs/{id},GET,200,16.718,True
2026-09-28T15:51:07.239147+00:00,GET /workflows/{id},GET,200,17.903,True
2026-09-28T15:51:07.240160+00:00,GET /workflows/{id},GET,200,17.692,True
2026-09-28T15:51:07.248762+00:00,GET /workflows,GET,200,24.550,True
2026-09-28T15:51:07.200350+00:00,PUT /workflows/{id},PUT,500,80.635,False
2026-09-28T15:51:07.256125+00:00,GET /runs/{id},GET,200,26.742,True
2026-09-28T15:51:07.196344+00:00,PUT /workflows/{id},PUT,200,87.999,True
2026-09-28T15:51:07.252974+00:00,GET /runs/{id},GET,200,32.026,True
2026-09-28T15:51:07.257637+00:00,GET /runs/{id}/logs,GET,200,27.502,True
2026-09-28T15:51:07.205627+00:00,PUT /workflows/{id},PUT,200,79.880,True
2026-09-28T15:51:07.285659+00:00,GET /workflows/{id},GET,200,14.692,True
2026-09-28T15:51:07.281668+00:00,GET /health,GET,200,19.238,True
2026-09-28T15:51:07.272651+00:00,GET /runs/{id},GET,200,28.588,True
2026-09-28T15:51:07.283661+00:00,GET /agents/catalog,GET,200,19.139,True
2026-09-28T15:51:07.284661+00:00,GET /agents/catalog,GET,200,18.247,True
2026-09-28T15:51:07.283661+00:00,GET /workflows,GET,200,20.492,True
2026-09-28T15:51:07.221586+00:00,PUT /workflows/{id},PUT,200,83.197,True
2026-09-28T15:51:07.302353+00:00,GET /workflows/{id},GET,200,13.378,True
2026-09-28T15:51:07.302353+00:00,GET /runs/{id},GET,200,20.822,True
2026-09-28T15:51:07.299898+00:00,POST /workflows/{id}/validate,POST,200,25.538,True
2026-09-28T15:51:07.300897+00:00,GET /workflows,GET,200,28.135,True
2026-09-28T15:51:07.304857+00:00,GET /runs/{id},GET,200,24.891,True
2026-09-28T15:51:07.300897+00:00,GET /workflows,GET,200,29.652,True
2026-09-28T15:51:07.329681+00:00,GET /health,GET,200,5.262,True
2026-09-28T15:51:07.316560+00:00,GET /runs/{id},GET,200,23.248,True
2026-09-28T15:51:07.329681+00:00,GET /workflows/{id},GET,200,19.363,True
2026-09-28T15:51:07.323381+00:00,GET /runs/{id},GET,200,28.577,True
2026-09-28T15:51:07.329681+00:00,GET /runs/{id},GET,200,23.033,True
2026-09-28T15:51:07.326008+00:00,GET /runs/{id},GET,200,27.532,True
2026-09-28T15:51:07.336117+00:00,GET /workflows/{id},GET,200,20.204,True
2026-09-28T15:51:07.356117+00:00,GET /health,GET,200,4.705,True
2026-09-28T15:51:07.284661+00:00,PUT /workflows/{id},PUT,200,81.498,True
2026-09-28T15:51:07.340137+00:00,GET /workflows,GET,200,33.404,True
2026-09-28T15:51:07.353117+00:00,POST /workflows/{id}/validate,POST,200,24.315,True
2026-09-28T15:51:07.352128+00:00,GET /runs/{id}/logs,GET,200,26.798,True
2026-09-28T15:51:07.349125+00:00,GET /runs/{id},GET,200,30.942,True
2026-09-28T15:51:07.353117+00:00,GET /workflows,GET,200,27.769,True
2026-09-28T15:51:07.361143+00:00,GET /agents/catalog,GET,200,23.687,True
2026-09-28T15:51:07.373320+00:00,GET /workflows/{id},GET,200,12.673,True
2026-09-28T15:51:07.304857+00:00,PUT /workflows/{id},PUT,200,83.317,True
2026-09-28T15:51:07.366121+00:00,GET /workflows/{id},GET,200,21.831,True
2026-09-28T15:51:07.384336+00:00,GET /health,GET,200,5.802,True
2026-09-28T15:51:07.379338+00:00,GET /workflows/{id},GET,200,17.801,True
2026-09-28T15:51:07.380328+00:00,GET /workflows/{id},GET,200,18.663,True
2026-09-28T15:51:07.381329+00:00,POST /workflows/{id}/validate,POST,200,19.707,True
2026-09-28T15:51:07.385748+00:00,GET /workflows/{id},GET,200,19.567,True
2026-09-28T15:51:07.388761+00:00,GET /runs/{id}/logs,GET,200,23.225,True
2026-09-28T15:51:07.387775+00:00,GET /workflows,GET,200,26.837,True
2026-09-28T15:51:07.389763+00:00,GET /runs/{id}/logs,GET,200,25.873,True
2026-09-28T15:51:07.415859+00:00,GET /health,GET,200,6.020,True
2026-09-28T15:51:07.396770+00:00,GET /agents/catalog,GET,200,25.517,True
2026-09-28T15:51:07.400762+00:00,GET /runs/{id},GET,200,22.622,True
2026-09-28T15:51:07.398764+00:00,GET /agents/catalog,GET,200,24.890,True
2026-09-28T15:51:07.405400+00:00,GET /runs/{id},GET,200,27.799,True
2026-09-28T15:51:07.414773+00:00,GET /runs/{id},GET,200,30.181,True
2026-09-28T15:51:07.423753+00:00,GET /runs/{id}/logs,GET,200,27.339,True
2026-09-28T15:51:07.422422+00:00,GET /runs/{id}/logs,GET,200,29.488,True
2026-09-28T15:51:07.422422+00:00,GET /runs/{id},GET,200,29.443,True
2026-09-28T15:51:07.423753+00:00,GET /runs/{id},GET,200,28.417,True
2026-09-28T15:51:07.433524+00:00,GET /runs/{id}/logs,GET,200,23.232,True
2026-09-28T15:51:07.452033+00:00,GET /health,GET,200,5.240,True
2026-09-28T15:51:07.377326+00:00,PUT /workflows/{id},PUT,200,84.025,True
2026-09-28T15:51:07.444979+00:00,GET /agents/catalog,GET,200,16.558,True
2026-09-28T15:51:07.452033+00:00,GET /workflows/{id},GET,200,16.326,True
2026-09-28T15:51:07.452033+00:00,GET /agents/catalog,GET,200,16.524,True
2026-09-28T15:51:07.469017+00:00,GET /health,GET,200,3.813,True
2026-09-28T15:51:07.451031+00:00,POST /workflows/{id}/validate,POST,200,25.098,True
2026-09-28T15:51:07.461038+00:00,GET /workflows/{id},GET,200,19.417,True
2026-09-28T15:51:07.473065+00:00,GET /health,GET,200,8.242,True
2026-09-28T15:51:07.457038+00:00,GET /workflows,GET,200,28.853,True
2026-09-28T15:51:07.457038+00:00,GET /runs/{id}/logs,GET,200,29.859,True
2026-09-28T15:51:07.480578+00:00,GET /health,GET,200,6.727,True
2026-09-28T15:51:07.461038+00:00,POST /workflows/{id}/validate,POST,200,29.513,True
2026-09-28T15:51:07.487228+00:00,GET /health,GET,200,4.586,True
2026-09-28T15:51:07.490228+00:00,GET /health,GET,200,5.703,True
2026-09-28T15:51:07.468016+00:00,GET /runs/{id}/logs,GET,200,30.206,True
2026-09-28T15:51:07.491646+00:00,GET /health,GET,200,7.259,True
2026-09-28T15:51:07.412030+00:00,PUT /workflows/{id},PUT,200,87.866,True
2026-09-28T15:51:07.476065+00:00,GET /workflows,GET,200,25.383,True
2026-09-28T15:51:07.486228+00:00,GET /workflows/{id},GET,200,21.572,True
2026-09-28T15:51:07.480578+00:00,POST /workflows/{id}/validate,POST,200,27.363,True
2026-09-28T15:51:07.486228+00:00,GET /runs/{id}/logs,GET,200,34.889,True
2026-09-28T15:51:07.499180+00:00,GET /runs/{id},GET,200,29.630,True
2026-09-28T15:51:07.498638+00:00,GET /workflows,GET,200,30.866,True
2026-09-28T15:51:07.501528+00:00,GET /workflows,GET,200,31.820,True
2026-09-28T15:51:07.499180+00:00,GET /runs/{id},GET,200,34.234,True
2026-09-28T15:51:07.507325+00:00,GET /agents/catalog,GET,200,28.294,True
2026-09-28T15:51:07.508458+00:00,GET /runs/{id},GET,200,30.753,True
2026-09-28T15:51:07.538851+00:00,GET /health,GET,200,5.111,True
2026-09-28T15:51:07.521590+00:00,GET /runs/{id}/logs,GET,200,26.251,True
2026-09-28T15:51:07.533134+00:00,GET /workflows/{id},GET,200,22.829,True
2026-09-28T15:51:07.535846+00:00,GET /workflows/{id},GET,200,23.556,True
2026-09-28T15:51:07.528246+00:00,GET /workflows,GET,200,31.937,True
2026-09-28T15:51:07.528246+00:00,GET /runs/{id},GET,200,32.120,True
2026-09-28T15:51:07.533134+00:00,GET /runs/{id}/logs,GET,200,30.542,True
2026-09-28T15:51:07.544619+00:00,GET /workflows/{id},GET,200,23.394,True
2026-09-28T15:51:07.547965+00:00,GET /runs/{id}/logs,GET,200,23.263,True
2026-09-28T15:51:07.559858+00:00,GET /agents/catalog,GET,200,17.591,True
2026-09-28T15:51:07.496977+00:00,PUT /workflows/{id},PUT,200,80.961,True
2026-09-28T15:51:07.563014+00:00,GET /workflows/{id},GET,200,15.132,True
2026-09-28T15:51:07.560930+00:00,GET /runs/{id},GET,200,22.141,True
2026-09-28T15:51:07.577754+00:00,GET /health,GET,200,5.269,True
2026-09-28T15:51:07.578454+00:00,GET /health,GET,200,4.777,True
2026-09-28T15:51:07.570519+00:00,GET /workflows/{id},GET,200,13.938,True
2026-09-28T15:51:07.567518+00:00,GET /runs/{id}/logs,GET,200,19.075,True
2026-09-28T15:51:07.584842+00:00,GET /health,GET,200,4.256,True
2026-09-28T15:51:07.576755+00:00,GET /runs/{id}/logs,GET,200,17.179,True
2026-09-28T15:51:07.582844+00:00,GET /agents/catalog,GET,200,12.796,True
2026-09-28T15:51:07.583847+00:00,GET /runs/{id},GET,200,18.190,True
2026-09-28T15:51:07.586844+00:00,GET /runs/{id},GET,200,21.687,True
2026-09-28T15:51:07.588850+00:00,GET /runs/{id},GET,200,19.840,True
2026-09-28T15:51:07.596023+00:00,POST /workflows/{id}/validate,POST,200,17.413,True
2026-09-28T15:51:07.593841+00:00,GET /runs/{id},GET,200,20.835,True
2026-09-28T15:51:07.556971+00:00,PUT /workflows/{id},PUT,200,78.247,True
2026-09-28T15:51:07.608108+00:00,GET /runs/{id},GET,200,26.736,True
2026-09-28T15:51:07.609386+00:00,POST /workflows/{id}/validate,POST,200,26.833,True
2026-09-28T15:51:07.613322+00:00,GET /runs/{id},GET,200,23.508,True
2026-09-28T15:51:07.560930+00:00,PUT /workflows/{id},PUT,500,75.606,False
2026-09-28T15:51:07.615355+00:00,GET /runs/{id},GET,200,22.092,True
2026-09-28T15:51:07.635219+00:00,GET /health,GET,200,3.036,True
2026-09-28T15:51:07.637726+00:00,GET /health,GET,200,3.816,True
2026-09-28T15:51:07.636219+00:00,GET /workflows/{id},GET,200,13.806,True
2026-09-28T15:51:07.635219+00:00,GET /workflows/{id},GET,200,24.344,True
2026-09-28T15:51:07.582844+00:00,PUT /workflows/{id},PUT,200,77.169,True
2026-09-28T15:51:07.638734+00:00,GET /runs/{id}/logs,GET,200,25.991,True
2026-09-28T15:51:07.636219+00:00,GET /runs/{id}/logs,GET,200,31.024,True
2026-09-28T15:51:07.641263+00:00,POST /workflows/{id}/validate,POST,200,35.231,True
2026-09-28T15:51:07.650254+00:00,GET /workflows/{id},GET,200,26.054,True
2026-09-28T15:51:07.636219+00:00,PUT /workflows/{id},PUT,200,46.535,True
2026-09-28T15:51:07.601031+00:00,PUT /workflows/{id},PUT,500,82.525,False
2026-09-28T15:51:07.659714+00:00,GET /runs/{id},GET,200,26.505,True
2026-09-28T15:51:07.660247+00:00,GET /agents/catalog,GET,200,33.442,True
2026-09-28T15:51:07.667023+00:00,GET /runs/{id},GET,200,31.051,True
2026-09-28T15:51:07.664459+00:00,GET /runs/{id},GET,200,34.591,True
2026-09-28T15:51:07.698909+00:00,GET /health,GET,200,6.345,True
2026-09-28T15:51:07.685541+00:00,GET /workflows/{id},GET,200,21.646,True
2026-09-28T15:51:07.676535+00:00,GET /runs/{id}/logs,GET,200,34.160,True
2026-09-28T15:51:07.676535+00:00,GET /runs/{id},GET,200,34.788,True
2026-09-28T15:51:07.684542+00:00,GET /runs/{id}/logs,GET,200,34.292,True
2026-09-28T15:51:07.693673+00:00,GET /runs/{id},GET,200,30.116,True
2026-09-28T15:51:07.683553+00:00,GET /runs/{id},GET,200,41.069,True
2026-09-28T15:51:07.705612+00:00,GET /workflows/{id},GET,200,23.765,True
2026-09-28T15:51:07.697858+00:00,GET /runs/{id},GET,200,31.500,True
2026-09-28T15:51:07.707617+00:00,GET /workflows/{id},GET,200,26.409,True
2026-09-28T15:51:07.711465+00:00,GET /runs/{id}/logs,GET,200,30.956,True
2026-09-28T15:51:07.709991+00:00,GET /runs/{id}/logs,GET,200,35.376,True
2026-09-28T15:51:07.718347+00:00,GET /runs/{id}/logs,GET,200,37.027,True
2026-09-28T15:51:07.724197+00:00,GET /runs/{id}/logs,GET,200,36.182,True
2026-09-28T15:51:07.724197+00:00,GET /runs/{id},GET,200,37.312,True
2026-09-28T15:51:07.759925+00:00,GET /health,GET,200,4.983,True
2026-09-28T15:51:07.729105+00:00,GET /runs/{id},GET,200,37.185,True
2026-09-28T15:51:07.734179+00:00,GET /runs/{id}/logs,GET,200,32.836,True
2026-09-28T15:51:07.729535+00:00,GET /runs/{id}/logs,GET,200,37.782,True
2026-09-28T15:51:07.745389+00:00,GET /workflows/{id},GET,200,23.893,True
2026-09-28T15:51:07.766467+00:00,GET /health,GET,200,4.402,True
2026-09-28T15:51:07.742382+00:00,GET /runs/{id}/logs,GET,200,34.073,True
2026-09-28T15:51:07.765424+00:00,GET /runs/{id},GET,200,23.140,True
2026-09-28T15:51:07.767509+00:00,GET /runs/{id}/logs,GET,200,23.257,True
2026-09-28T15:51:07.766987+00:00,GET /runs/{id},GET,200,24.905,True
2026-09-28T15:51:07.770674+00:00,GET /runs/{id},GET,200,22.070,True
2026-09-28T15:51:07.762281+00:00,GET /runs/{id},GET,200,31.311,True
2026-09-28T15:51:07.788083+00:00,GET /health,GET,200,6.744,True
2026-09-28T15:51:07.776399+00:00,GET /runs/{id}/logs,GET,200,19.428,True
2026-09-28T15:51:07.796057+00:00,GET /workflows/{id},GET,200,15.534,True
2026-09-28T15:51:07.793392+00:00,GET /workflows/{id},GET,200,18.825,True
2026-09-28T15:51:07.790085+00:00,GET /runs/{id},GET,200,22.126,True
2026-09-28T15:51:07.792875+00:00,GET /workflows,GET,200,22.166,True
2026-09-28T15:51:07.795008+00:00,GET /runs/{id},GET,200,21.097,True
2026-09-28T15:51:07.811555+00:00,GET /runs/{id}/logs,GET,200,25.807,True
2026-09-28T15:51:07.811555+00:00,GET /runs/{id},GET,200,27.869,True
2026-09-28T15:51:07.812993+00:00,GET /runs/{id}/logs,GET,200,30.524,True
2026-09-28T15:51:07.770151+00:00,PUT /workflows/{id},PUT,500,78.006,False
2026-09-28T15:51:07.755735+00:00,PUT /workflows/{id},PUT,200,92.690,True
2026-09-28T15:51:07.814999+00:00,GET /workflows,GET,200,35.764,True
2026-09-28T15:51:07.815999+00:00,GET /runs/{id},GET,200,35.735,True
2026-09-28T15:51:07.842152+00:00,GET /agents/catalog,GET,200,25.291,True
2026-09-28T15:51:07.840151+00:00,GET /agents/catalog,GET,200,28.718,True
2026-09-28T15:51:07.851694+00:00,GET /workflows/{id},GET,200,20.035,True
2026-09-28T15:51:07.837150+00:00,GET /workflows,GET,200,34.802,True
2026-09-28T15:51:07.791716+00:00,PUT /workflows/{id},PUT,200,85.812,True
2026-09-28T15:51:07.847693+00:00,GET /workflows/{id},GET,200,33.994,True
2026-09-28T15:51:07.850694+00:00,GET /workflows,GET,200,35.368,True
2026-09-28T15:51:07.868370+00:00,GET /workflows/{id},GET,200,22.250,True
2026-09-28T15:51:07.848696+00:00,PUT /workflows/{id},PUT,200,43.172,True
2026-09-28T15:51:07.871487+00:00,GET /runs/{id},GET,200,25.935,True
2026-09-28T15:51:07.868370+00:00,GET /workflows,GET,200,31.746,True
2026-09-28T15:51:07.877014+00:00,GET /runs/{id}/logs,GET,200,27.232,True
2026-09-28T15:51:07.871487+00:00,GET /runs/{id},GET,200,34.338,True
2026-09-28T15:51:07.900553+00:00,GET /health,GET,200,10.057,True
2026-09-28T15:51:07.885585+00:00,GET /workflows/{id},GET,200,25.113,True
2026-09-28T15:51:07.891194+00:00,GET /workflows,GET,200,24.592,True
2026-09-28T15:51:07.891194+00:00,GET /runs/{id},GET,200,26.510,True
2026-09-28T15:51:07.897553+00:00,GET /runs/{id}/logs,GET,200,28.445,True
2026-09-28T15:51:07.925846+00:00,GET /health,GET,200,4.572,True
2026-09-28T15:51:07.905050+00:00,POST /workflows/{id}/validate,POST,200,29.420,True
2026-09-28T15:51:07.906425+00:00,GET /runs/{id}/logs,GET,200,28.789,True
2026-09-28T15:51:07.909455+00:00,GET /runs/{id},GET,200,27.072,True
2026-09-28T15:51:07.910850+00:00,GET /workflows,GET,200,28.270,True
2026-09-28T15:51:07.937421+00:00,GET /health,GET,200,4.970,True
2026-09-28T15:51:07.917686+00:00,GET /workflows,GET,200,29.751,True
2026-09-28T15:51:07.939420+00:00,GET /workflows/{id},GET,200,16.309,True
2026-09-28T15:51:07.931139+00:00,GET /workflows,GET,200,28.695,True
2026-09-28T15:51:07.933954+00:00,GET /runs/{id}/logs,GET,200,26.309,True
2026-09-28T15:51:07.935414+00:00,GET /runs/{id},GET,200,25.731,True
2026-09-28T15:51:07.942443+00:00,GET /runs/{id},GET,200,22.020,True
2026-09-28T15:51:07.959857+00:00,GET /health,GET,200,5.727,True
2026-09-28T15:51:07.881295+00:00,PUT /workflows/{id},PUT,200,84.194,True
2026-09-28T15:51:07.955852+00:00,GET /runs/{id}/logs,GET,200,17.900,True
2026-09-28T15:51:07.965870+00:00,GET /workflows/{id},GET,200,19.221,True
2026-09-28T15:51:07.960856+00:00,GET /runs/{id}/logs,GET,200,25.003,True
2026-09-28T15:51:07.965870+00:00,GET /runs/{id},GET,200,20.798,True
2026-09-28T15:51:07.960856+00:00,GET /runs/{id}/logs,GET,200,27.109,True
2026-09-28T15:51:07.963869+00:00,GET /workflows,GET,200,24.679,True
2026-09-28T15:51:07.914732+00:00,PUT /workflows/{id},PUT,200,73.870,True
2026-09-28T15:51:07.985559+00:00,POST /workflows/{id}/validate,POST,200,22.162,True
2026-09-28T15:51:07.989096+00:00,GET /runs/{id}/logs,GET,200,22.101,True
2026-09-28T15:51:07.986558+00:00,GET /runs/{id},GET,200,25.576,True
2026-09-28T15:51:07.987577+00:00,GET /runs/{id}/logs,GET,200,24.665,True
2026-09-28T15:51:07.985559+00:00,GET /runs/{id},GET,200,26.781,True
2026-09-28T15:51:07.989096+00:00,GET /runs/{id}/logs,GET,200,29.838,True
2026-09-28T15:51:08.007022+00:00,POST /workflows/{id}/validate,POST,200,21.034,True
2026-09-28T15:51:08.012150+00:00,GET /workflows/{id},GET,200,23.497,True
2026-09-28T15:51:08.010982+00:00,GET /agents/catalog,GET,200,24.201,True
2026-09-28T15:51:08.019067+00:00,GET /workflows/{id},GET,200,20.466,True
2026-09-28T15:51:07.947420+00:00,PUT /workflows/{id},PUT,200,91.904,True
2026-09-28T15:51:08.012150+00:00,POST /workflows/{id}/validate,POST,200,27.907,True
2026-09-28T15:51:08.012150+00:00,GET /runs/{id}/logs,GET,200,28.087,True
2026-09-28T15:51:08.039742+00:00,GET /health,GET,200,6.706,True
2026-09-28T15:51:08.028261+00:00,GET /workflows/{id},GET,200,21.474,True
2026-09-28T15:51:08.047312+00:00,GET /health,GET,200,5.268,True
2026-09-28T15:51:08.035742+00:00,GET /runs/{id}/logs,GET,200,24.551,True
2026-09-28T15:51:08.035742+00:00,GET /workflows,GET,200,25.917,True
2026-09-28T15:51:07.973208+00:00,PUT /workflows/{id},PUT,200,92.976,True
2026-09-28T15:51:08.041042+00:00,GET /runs/{id}/logs,GET,200,29.415,True
2026-09-28T15:51:08.039742+00:00,GET /workflows,GET,200,30.927,True
2026-09-28T15:51:08.050300+00:00,GET /runs/{id}/logs,GET,200,28.653,True
2026-09-28T15:51:08.060463+00:00,GET /workflows/{id},GET,200,18.523,True
2026-09-28T15:51:08.061492+00:00,POST /workflows/{id}/validate,POST,200,19.050,True
2026-09-28T15:51:08.052077+00:00,GET /runs/{id},GET,200,28.326,True
2026-09-28T15:51:08.067045+00:00,GET /runs/{id},GET,200,21.092,True
2026-09-28T15:51:08.070029+00:00,GET /runs/{id},GET,200,18.303,True
2026-09-28T15:51:08.080036+00:00,GET /agents/catalog,GET,200,16.219,True
2026-09-28T15:51:08.079050+00:00,GET /runs/{id}/logs,GET,200,21.651,True
2026-09-28T15:51:08.079050+00:00,GET /runs/{id}/logs,GET,200,23.440,True
2026-09-28T15:51:08.088576+00:00,GET /runs/{id},GET,200,18.745,True
2026-09-28T15:51:08.087563+00:00,GET /workflows,GET,200,26.957,True
2026-09-28T15:51:08.039742+00:00,PUT /workflows/{id},PUT,200,77.888,True
2026-09-28T15:51:08.096118+00:00,GET /runs/{id}/logs,GET,200,25.718,True
2026-09-28T15:51:08.102149+00:00,GET /runs/{id}/logs,GET,200,22.324,True
2026-09-28T15:51:08.100135+00:00,GET /workflows,GET,200,27.107,True
2026-09-28T15:51:08.106992+00:00,GET /workflows,GET,200,30.127,True
2026-09-28T15:51:08.117578+00:00,GET /workflows/{id},GET,200,21.116,True
2026-09-28T15:51:08.114758+00:00,GET /workflows,GET,200,34.277,True
2026-09-28T15:51:08.124650+00:00,GET /workflows/{id},GET,200,25.155,True
2026-09-28T15:51:08.122369+00:00,GET /runs/{id}/logs,GET,200,30.597,True
2026-09-28T15:51:08.126906+00:00,GET /runs/{id},GET,200,33.550,True
2026-09-28T15:51:08.081043+00:00,PUT /workflows/{id},PUT,500,89.048,False
2026-09-28T15:51:08.071035+00:00,PUT /workflows/{id},PUT,200,99.195,True
2026-09-28T15:51:08.138528+00:00,GET /runs/{id},GET,200,33.678,True
2026-09-28T15:51:08.137527+00:00,GET /workflows,GET,200,35.289,True
2026-09-28T15:51:08.148539+00:00,GET /runs/{id},GET,200,23.755,True
2026-09-28T15:51:08.173048+00:00,GET /health,GET,200,4.838,True
2026-09-28T15:51:08.152528+00:00,GET /runs/{id}/logs,GET,200,24.920,True
2026-09-28T15:51:08.149529+00:00,GET /workflows,GET,200,29.197,True
2026-09-28T15:51:08.161546+00:00,GET /runs/{id},GET,200,29.857,True
2026-09-28T15:51:08.178056+00:00,GET /workflows/{id},GET,200,15.984,True
2026-09-28T15:51:08.169552+00:00,GET /workflows,GET,200,27.507,True
2026-09-28T15:51:08.171543+00:00,GET /runs/{id},GET,200,25.011,True
2026-09-28T15:51:08.169552+00:00,GET /runs/{id}/logs,GET,200,31.047,True
2026-09-28T15:51:08.179055+00:00,GET /runs/{id},GET,200,23.144,True
2026-09-28T15:51:08.193304+00:00,GET /workflows/{id},GET,200,16.065,True
2026-09-28T15:51:08.191309+00:00,GET /runs/{id},GET,200,22.835,True
2026-09-28T15:51:08.197303+00:00,GET /runs/{id},GET,200,22.585,True
2026-09-28T15:51:08.197303+00:00,GET /runs/{id}/logs,GET,200,28.031,True
2026-09-28T15:51:08.202295+00:00,GET /workflows,GET,200,25.717,True
2026-09-28T15:51:08.200303+00:00,GET /workflows,GET,200,27.543,True
2026-09-28T15:51:08.220035+00:00,GET /agents/catalog,GET,200,16.538,True
2026-09-28T15:51:08.212988+00:00,GET /workflows,GET,200,26.722,True
2026-09-28T15:51:08.227051+00:00,GET /runs/{id},GET,200,20.319,True
2026-09-28T15:51:08.228701+00:00,GET /workflows,GET,200,22.818,True
2026-09-28T15:51:08.178056+00:00,PUT /workflows/{id},PUT,500,78.703,False
2026-09-28T15:51:08.235842+00:00,GET /workflows,GET,200,20.398,True
2026-09-28T15:51:08.171543+00:00,PUT /workflows/{id},PUT,200,85.431,True
2026-09-28T15:51:08.247912+00:00,GET /agents/catalog,GET,200,13.767,True
2026-09-28T15:51:08.250901+00:00,GET /runs/{id},GET,200,21.571,True
2026-09-28T15:51:08.257899+00:00,POST /workflows/{id}/validate,POST,200,22.671,True
2026-09-28T15:51:08.256899+00:00,GET /runs/{id}/logs,GET,200,26.821,True
2026-09-28T15:51:08.261899+00:00,GET /runs/{id}/logs,GET,200,23.369,True
2026-09-28T15:51:08.256899+00:00,GET /runs/{id},GET,200,28.882,True
2026-09-28T15:51:08.209863+00:00,PUT /workflows/{id},PUT,200,76.217,True
2026-09-28T15:51:08.271911+00:00,GET /runs/{id},GET,200,24.714,True
2026-09-28T15:51:08.297734+00:00,GET /health,GET,200,5.726,True
2026-09-28T15:51:08.280320+00:00,GET /agents/catalog,GET,200,28.113,True
2026-09-28T15:51:08.285320+00:00,GET /runs/{id},GET,200,28.931,True
2026-09-28T15:51:08.285320+00:00,GET /runs/{id},GET,200,31.470,True
2026-09-28T15:51:08.286324+00:00,GET /runs/{id}/logs,GET,200,35.786,True
2026-09-28T15:51:08.225440+00:00,PUT /workflows/{id},PUT,200,97.220,True
2026-09-28T15:51:08.240457+00:00,PUT /workflows/{id},PUT,500,82.354,False
2026-09-28T15:51:08.284320+00:00,GET /workflows,GET,200,41.356,True
2026-09-28T15:51:08.314173+00:00,GET /health,GET,200,11.736,True
2026-09-28T15:51:08.326040+00:00,GET /health,GET,200,6.539,True
2026-09-28T15:51:08.302946+00:00,GET /runs/{id},GET,200,29.919,True
2026-09-28T15:51:08.307445+00:00,GET /runs/{id},GET,200,25.095,True
2026-09-28T15:51:08.332235+00:00,GET /health,GET,200,7.348,True
2026-09-28T15:51:08.333236+00:00,GET /health,GET,200,7.508,True
2026-09-28T15:51:08.324568+00:00,GET /workflows/{id},GET,200,19.234,True
2026-09-28T15:51:08.321624+00:00,GET /workflows,GET,200,25.956,True
2026-09-28T15:51:08.323207+00:00,GET /workflows,GET,200,30.365,True
2026-09-28T15:51:08.322630+00:00,GET /workflows,GET,200,30.973,True
2026-09-28T15:51:08.347727+00:00,GET /workflows/{id},GET,200,14.035,True
2026-09-28T15:51:08.333236+00:00,GET /workflows,GET,200,28.902,True
2026-09-28T15:51:08.340091+00:00,GET /runs/{id},GET,200,24.782,True
2026-09-28T15:51:08.340091+00:00,GET /workflows,GET,200,27.620,True
2026-09-28T15:51:08.365744+00:00,GET /health,GET,200,5.412,True
2026-09-28T15:51:08.353151+00:00,GET /runs/{id}/logs,GET,200,19.665,True
2026-09-28T15:51:08.362668+00:00,GET /workflows/{id},GET,200,14.922,True
2026-09-28T15:51:08.361668+00:00,GET /workflows,GET,200,27.175,True
2026-09-28T15:51:08.367744+00:00,GET /runs/{id},GET,200,23.982,True
2026-09-28T15:51:08.370339+00:00,GET /workflows,GET,200,22.951,True
2026-09-28T15:51:08.376894+00:00,GET /workflows/{id},GET,200,16.830,True
2026-09-28T15:51:08.316476+00:00,PUT /workflows/{id},PUT,200,77.829,True
2026-09-28T15:51:08.373344+00:00,GET /workflows,GET,200,23.168,True
2026-09-28T15:51:08.394480+00:00,GET /health,GET,200,4.263,True
2026-09-28T15:51:08.398495+00:00,GET /health,GET,200,3.134,True
2026-09-28T15:51:08.388488+00:00,GET /workflows/{id},GET,200,16.255,True
2026-09-28T15:51:08.391492+00:00,POST /workflows/{id}/validate,POST,200,19.253,True
2026-09-28T15:51:08.393487+00:00,POST /workflows/{id}/validate,POST,200,21.701,True
2026-09-28T15:51:08.344215+00:00,PUT /workflows/{id},PUT,200,73.797,True
2026-09-28T15:51:08.401482+00:00,GET /workflows/{id},GET,200,17.089,True
2026-09-28T15:51:08.404795+00:00,GET /workflows/{id},GET,200,16.031,True
2026-09-28T15:51:08.418155+00:00,GET /health,GET,200,4.777,True
2026-09-28T15:51:08.353151+00:00,PUT /workflows/{id},PUT,200,70.433,True
2026-09-28T15:51:08.415602+00:00,GET /workflows,GET,200,19.474,True
2026-09-28T15:51:08.424307+00:00,GET /runs/{id},GET,200,17.322,True
2026-09-28T15:51:08.420600+00:00,GET /runs/{id},GET,200,21.502,True
2026-09-28T15:51:08.418155+00:00,GET /runs/{id}/logs,GET,200,24.510,True
2026-09-28T15:51:08.422855+00:00,GET /workflows,GET,200,22.051,True
2026-09-28T15:51:08.435065+00:00,GET /runs/{id}/logs,GET,200,21.338,True
2026-09-28T15:51:08.445191+00:00,GET /workflows/{id},GET,200,14.163,True
2026-09-28T15:51:08.443066+00:00,POST /workflows/{id}/validate,POST,200,17.365,True
2026-09-28T15:51:08.443066+00:00,GET /runs/{id},GET,200,21.045,True
2026-09-28T15:51:08.463457+00:00,GET /health,GET,200,3.247,True
2026-09-28T15:51:08.394480+00:00,PUT /workflows/{id},PUT,200,73.107,True
2026-09-28T15:51:08.396489+00:00,PUT /workflows/{id},PUT,500,77.794,False
2026-09-28T15:51:08.410454+00:00,PUT /workflows/{id},PUT,200,70.346,True
2026-09-28T15:51:08.460438+00:00,GET /runs/{id},GET,200,25.447,True
2026-09-28T15:51:08.459451+00:00,GET /workflows,GET,200,26.182,True
2026-09-28T15:51:08.467468+00:00,GET /workflows,GET,200,20.724,True
2026-09-28T15:51:08.467468+00:00,GET /workflows,GET,200,23.110,True
2026-09-28T15:51:08.481633+00:00,GET /runs/{id}/logs,GET,200,19.195,True
2026-09-28T15:51:08.485625+00:00,GET /workflows/{id},GET,200,21.838,True
2026-09-28T15:51:08.485625+00:00,GET /workflows/{id},GET,200,25.078,True
2026-09-28T15:51:08.473455+00:00,GET /workflows/{id},GET,200,40.942,True
2026-09-28T15:51:08.487642+00:00,GET /workflows,GET,200,34.389,True
2026-09-28T15:51:08.490647+00:00,GET /workflows,GET,200,36.397,True
2026-09-28T15:51:08.441061+00:00,PUT /workflows/{id},PUT,200,89.954,True
2026-09-28T15:51:08.500816+00:00,GET /runs/{id},GET,200,38.458,True
2026-09-28T15:51:08.507767+00:00,GET /runs/{id},GET,200,36.354,True
2026-09-28T15:51:08.538668+00:00,GET /health,GET,200,6.038,True
2026-09-28T15:51:08.456446+00:00,PUT /workflows/{id},PUT,200,89.453,True
2026-09-28T15:51:08.510619+00:00,GET /runs/{id}/logs,GET,200,35.405,True
2026-09-28T15:51:08.527240+00:00,GET /workflows/{id},GET,200,19.726,True
2026-09-28T15:51:08.531799+00:00,GET /workflows/{id},GET,200,16.128,True
2026-09-28T15:51:08.521472+00:00,GET /runs/{id}/logs,GET,200,25.442,True
2026-09-28T15:51:08.546754+00:00,GET /health,GET,200,4.094,True
2026-09-28T15:51:08.547277+00:00,GET /workflows/{id},GET,200,19.478,True
2026-09-28T15:51:08.547804+00:00,GET /workflows/{id},GET,200,21.080,True
2026-09-28T15:51:08.545171+00:00,GET /workflows,GET,200,26.973,True
2026-09-28T15:51:08.544114+00:00,GET /runs/{id},GET,200,28.823,True
2026-09-28T15:51:08.546222+00:00,GET /runs/{id},GET,200,28.602,True
2026-09-28T15:51:08.550441+00:00,GET /runs/{id},GET,200,25.285,True
2026-09-28T15:51:08.547804+00:00,GET /workflows,GET,200,28.663,True
2026-09-28T15:51:08.565978+00:00,GET /workflows/{id},GET,200,18.294,True
2026-09-28T15:51:08.568979+00:00,GET /workflows/{id},GET,200,20.644,True
2026-09-28T15:51:08.576594+00:00,GET /workflows/{id},GET,200,16.316,True
2026-09-28T15:51:08.573977+00:00,GET /runs/{id}/logs,GET,200,23.352,True
2026-09-28T15:51:08.572978+00:00,GET /runs/{id}/logs,GET,200,26.581,True
2026-09-28T15:51:08.514718+00:00,PUT /workflows/{id},PUT,200,84.477,True
2026-09-28T15:51:08.576055+00:00,GET /workflows,GET,200,26.021,True
2026-09-28T15:51:08.584113+00:00,GET /runs/{id}/logs,GET,200,20.613,True
2026-09-28T15:51:08.592742+00:00,GET /runs/{id}/logs,GET,200,21.390,True
2026-09-28T15:51:08.597743+00:00,GET /workflows/{id},GET,200,16.674,True
2026-09-28T15:51:08.599735+00:00,GET /workflows,GET,200,22.260,True
2026-09-28T15:51:08.598736+00:00,GET /workflows,GET,200,25.877,True
2026-09-28T15:51:08.604734+00:00,GET /runs/{id},GET,200,20.219,True
2026-09-28T15:51:08.614641+00:00,GET /workflows/{id},GET,200,12.753,True
2026-09-28T15:51:08.613247+00:00,GET /workflows/{id},GET,200,15.611,True
2026-09-28T15:51:08.626796+00:00,POST /workflows/{id}/validate,POST,200,19.243,True
2026-09-28T15:51:08.625796+00:00,GET /runs/{id},GET,200,24.634,True
2026-09-28T15:51:08.621785+00:00,GET /runs/{id},GET,200,28.586,True
2026-09-28T15:51:08.624797+00:00,GET /runs/{id},GET,200,27.791,True
2026-09-28T15:51:08.629246+00:00,GET /runs/{id},GET,200,25.344,True
2026-09-28T15:51:08.571978+00:00,PUT /workflows/{id},PUT,200,83.394,True
2026-09-28T15:51:08.649965+00:00,GET /health,GET,200,6.834,True
2026-09-28T15:51:08.589742+00:00,PUT /workflows/{id},PUT,200,73.472,True
2026-09-28T15:51:08.645996+00:00,GET /workflows,GET,200,27.356,True
2026-09-28T15:51:08.654963+00:00,GET /workflows/{id},GET,200,20.458,True
2026-09-28T15:51:08.675982+00:00,GET /health,GET,200,5.252,True
2026-09-28T15:51:08.662963+00:00,GET /workflows/{id},GET,200,18.391,True
2026-09-28T15:51:08.649965+00:00,GET /runs/{id}/logs,GET,200,31.391,True
2026-09-28T15:51:08.601745+00:00,PUT /workflows/{id},PUT,200,81.147,True
2026-09-28T15:51:08.656960+00:00,GET /runs/{id}/logs,GET,200,26.460,True
2026-09-28T15:51:08.654963+00:00,GET /runs/{id}/logs,GET,200,28.771,True
2026-09-28T15:51:08.680966+00:00,GET /health,GET,200,4.934,True
2026-09-28T15:51:08.673961+00:00,GET /runs/{id}/logs,GET,200,55.863,True
2026-09-28T15:51:08.683965+00:00,GET /workflows/{id},GET,200,51.596,True
2026-09-28T15:51:08.681966+00:00,POST /workflows/{id}/validate,POST,200,58.461,True
2026-09-28T15:51:08.682967+00:00,GET /runs/{id}/logs,GET,200,59.669,True
2026-09-28T15:51:08.682967+00:00,GET /runs/{id},GET,200,62.300,True
2026-09-28T15:51:08.680966+00:00,GET /workflows,GET,200,64.733,True
2026-09-28T15:51:08.685964+00:00,GET /runs/{id},GET,200,66.330,True
2026-09-28T15:51:08.729530+00:00,GET /runs/{id}/logs,GET,200,32.126,True
2026-09-28T15:51:08.734848+00:00,GET /runs/{id},GET,200,30.238,True
2026-09-28T15:51:08.740361+00:00,POST /workflows/{id}/validate,POST,200,29.739,True
2026-09-28T15:51:08.765866+00:00,GET /health,GET,200,5.757,True
2026-09-28T15:51:08.745319+00:00,GET /runs/{id}/logs,GET,200,29.964,True
2026-09-28T15:51:08.742417+00:00,GET /runs/{id},GET,200,33.795,True
2026-09-28T15:51:08.652973+00:00,PUT /workflows/{id},PUT,200,123.946,True
2026-09-28T15:51:08.752723+00:00,GET /runs/{id}/logs,GET,200,28.491,True
2026-09-28T15:51:08.745319+00:00,PUT /workflows/{id},PUT,200,40.269,True
2026-09-28T15:51:08.761867+00:00,GET /runs/{id},GET,200,30.492,True
2026-09-28T15:51:08.770882+00:00,GET /workflows,GET,200,27.613,True
2026-09-28T15:51:08.775400+00:00,GET /workflows/{id},GET,200,23.013,True
2026-09-28T15:51:08.776892+00:00,GET /runs/{id},GET,200,26.960,True
2026-09-28T15:51:08.775400+00:00,GET /workflows,GET,200,28.611,True
2026-09-28T15:51:08.780900+00:00,GET /runs/{id},GET,200,24.479,True
2026-09-28T15:51:08.786900+00:00,POST /workflows/{id}/validate,POST,200,26.778,True
2026-09-28T15:51:08.792637+00:00,POST /workflows/{id}/validate,POST,200,23.442,True
2026-09-28T15:51:08.803637+00:00,GET /agents/catalog,GET,200,14.294,True
2026-09-28T15:51:08.799636+00:00,GET /runs/{id},GET,200,26.462,True
2026-09-28T15:51:08.798637+00:00,GET /workflows,GET,200,29.360,True
2026-09-28T15:51:08.803637+00:00,GET /runs/{id},GET,200,25.197,True
2026-09-28T15:51:08.818436+00:00,POST /workflows/{id}/validate,POST,200,16.212,True
2026-09-28T15:51:08.826170+00:00,GET /runs/{id}/logs,GET,200,13.621,True
2026-09-28T15:51:08.828213+00:00,POST /workflows/{id}/validate,POST,200,11.363,True
2026-09-28T15:51:08.769880+00:00,PUT /workflows/{id},PUT,200,70.494,True
2026-09-28T15:51:08.839942+00:00,GET /workflows/{id},GET,200,8.998,True
2026-09-28T15:51:08.834939+00:00,GET /runs/{id}/logs,GET,200,14.203,True
2026-09-28T15:51:08.839942+00:00,GET /runs/{id},GET,200,12.383,True
2026-09-28T15:51:08.838950+00:00,GET /runs/{id}/logs,GET,200,14.364,True
2026-09-28T15:51:08.848945+00:00,POST /workflows/{id}/validate,POST,200,15.497,True
2026-09-28T15:51:08.848945+00:00,GET /runs/{id}/logs,GET,200,19.561,True
2026-09-28T15:51:08.852823+00:00,GET /workflows,GET,200,29.845,True
2026-09-28T15:51:08.853827+00:00,GET /workflows,GET,200,29.106,True
2026-09-28T15:51:08.812936+00:00,PUT /workflows/{id},PUT,500,78.031,False
2026-09-28T15:51:08.804922+00:00,PUT /workflows/{id},PUT,200,86.956,True
2026-09-28T15:51:08.864835+00:00,GET /workflows,GET,200,29.021,True
2026-09-28T15:51:08.867835+00:00,GET /runs/{id},GET,200,25.729,True
2026-09-28T15:51:08.816159+00:00,PUT /workflows/{id},PUT,200,90.524,True
2026-09-28T15:51:08.891295+00:00,GET /workflows/{id},GET,200,20.519,True
2026-09-28T15:51:08.883259+00:00,GET /runs/{id},GET,200,29.624,True
2026-09-28T15:51:08.881834+00:00,POST /workflows/{id}/validate,POST,200,30.422,True
2026-09-28T15:51:08.892295+00:00,GET /runs/{id}/logs,GET,200,25.688,True
2026-09-28T15:51:08.893294+00:00,GET /workflows,GET,200,26.981,True
2026-09-28T15:51:08.829219+00:00,PUT /workflows/{id},PUT,200,93.371,True
2026-09-28T15:51:08.920575+00:00,GET /workflows/{id},GET,200,22.744,True
2026-09-28T15:51:08.906661+00:00,GET /runs/{id},GET,200,37.811,True
2026-09-28T15:51:08.918140+00:00,GET /agents/catalog,GET,200,27.130,True
2026-09-28T15:51:08.911997+00:00,GET /runs/{id},GET,200,34.616,True
2026-09-28T15:51:08.913280+00:00,GET /workflows,GET,200,33.836,True
2026-09-28T15:51:08.911997+00:00,GET /runs/{id}/logs,GET,200,35.373,True
2026-09-28T15:51:08.921997+00:00,POST /workflows/{id}/validate,POST,200,25.821,True
2026-09-28T15:51:08.944131+00:00,GET /health,GET,200,6.895,True
2026-09-28T15:51:08.945130+00:00,GET /health,GET,200,6.205,True
2026-09-28T15:51:08.950958+00:00,GET /agents/catalog,GET,200,16.264,True
2026-09-28T15:51:08.944131+00:00,GET /workflows/{id},GET,200,24.636,True
2026-09-28T15:51:08.946716+00:00,GET /runs/{id},GET,200,22.855,True
2026-09-28T15:51:08.951481+00:00,GET /workflows/{id},GET,200,20.001,True
2026-09-28T15:51:08.948311+00:00,GET /runs/{id},GET,200,23.731,True
2026-09-28T15:51:08.948311+00:00,GET /runs/{id},GET,200,24.005,True
2026-09-28T15:51:08.968293+00:00,GET /health,GET,200,4.173,True
2026-09-28T15:51:08.893294+00:00,PUT /workflows/{id},PUT,200,80.037,True
2026-09-28T15:51:08.972294+00:00,GET /workflows/{id},GET,200,11.077,True
2026-09-28T15:51:08.971302+00:00,POST /workflows/{id}/validate,POST,200,13.821,True
2026-09-28T15:51:08.971302+00:00,GET /runs/{id}/logs,GET,200,16.218,True
2026-09-28T15:51:08.985523+00:00,GET /health,GET,200,3.806,True
2026-09-28T15:51:08.973294+00:00,POST /workflows/{id}/validate,POST,200,18.617,True
2026-09-28T15:51:08.973294+00:00,GET /workflows,GET,200,19.708,True
2026-09-28T15:51:08.983500+00:00,GET /workflows/{id},GET,200,15.415,True
2026-09-28T15:51:08.991677+00:00,POST /workflows/{id}/validate,POST,200,19.478,True
2026-09-28T15:51:08.988028+00:00,GET /workflows,GET,200,23.739,True
2026-09-28T15:51:08.989033+00:00,GET /runs/{id}/logs,GET,200,22.573,True
2026-09-28T15:51:08.993682+00:00,GET /runs/{id},GET,200,23.905,True
2026-09-28T15:51:08.947245+00:00,PUT /workflows/{id},PUT,200,72.988,True
2026-09-28T15:51:08.998684+00:00,GET /workflows,GET,200,22.938,True
2026-09-28T15:51:09.011175+00:00,GET /workflows/{id},GET,200,20.535,True
2026-09-28T15:51:09.011175+00:00,GET /workflows/{id},GET,200,23.212,True
2026-09-28T15:51:09.012187+00:00,GET /runs/{id},GET,200,32.097,True
2026-09-28T15:51:09.017686+00:00,GET /runs/{id},GET,200,30.989,True
2026-09-28T15:51:09.019942+00:00,GET /runs/{id},GET,200,31.218,True
2026-09-28T15:51:09.022010+00:00,GET /workflows,GET,200,30.389,True
2026-09-28T15:51:08.969293+00:00,PUT /workflows/{id},PUT,200,91.174,True
2026-09-28T15:51:08.967306+00:00,PUT /workflows/{id},PUT,500,94.311,False
2026-09-28T15:51:09.033768+00:00,GET /workflows,GET,200,29.952,True
2026-09-28T15:51:09.031766+00:00,GET /runs/{id},GET,200,32.548,True
2026-09-28T15:51:09.043737+00:00,GET /runs/{id},GET,200,25.366,True
2026-09-28T15:51:09.047734+00:00,GET /agents/catalog,GET,200,24.659,True
2026-09-28T15:51:09.050737+00:00,POST /workflows/{id}/validate,POST,200,26.597,True
2026-09-28T15:51:09.051735+00:00,GET /runs/{id},GET,200,35.905,True
2026-09-28T15:51:09.088259+00:00,GET /health,GET,200,5.098,True
2026-09-28T15:51:09.069735+00:00,POST /workflows/{id}/validate,POST,200,24.038,True
2026-09-28T15:51:09.064737+00:00,GET /runs/{id},GET,200,29.677,True
2026-09-28T15:51:09.064737+00:00,GET /runs/{id}/logs,GET,200,30.512,True
2026-09-28T15:51:09.073247+00:00,GET /workflows,GET,200,25.925,True
2026-09-28T15:51:09.060737+00:00,PUT /workflows/{id},PUT,200,39.014,True
2026-09-28T15:51:09.077260+00:00,GET /workflows,GET,200,25.618,True
2026-09-28T15:51:09.060737+00:00,GET /runs/{id},GET,200,49.025,True
2026-09-28T15:51:09.098783+00:00,GET /workflows/{id},GET,200,19.303,True
2026-09-28T15:51:09.093250+00:00,GET /workflows/{id},GET,200,26.812,True
2026-09-28T15:51:09.093250+00:00,GET /runs/{id},GET,200,26.805,True
2026-09-28T15:51:09.095250+00:00,GET /workflows,GET,200,27.645,True
2026-09-28T15:51:09.099762+00:00,GET /runs/{id}/logs,GET,200,24.529,True
2026-09-28T15:51:09.103356+00:00,GET /workflows,GET,200,27.510,True
2026-09-28T15:51:09.117734+00:00,GET /workflows/{id},GET,200,17.949,True
2026-09-28T15:51:09.120214+00:00,GET /workflows/{id},GET,200,19.859,True
2026-09-28T15:51:09.120214+00:00,GET /runs/{id}/logs,GET,200,23.963,True
2026-09-28T15:51:09.139846+00:00,GET /health,GET,200,5.302,True
2026-09-28T15:51:09.122903+00:00,GET /runs/{id},GET,200,25.033,True
2026-09-28T15:51:09.123909+00:00,GET /workflows,GET,200,26.028,True
2026-09-28T15:51:09.130674+00:00,GET /runs/{id}/logs,GET,200,25.002,True
2026-09-28T15:51:09.135940+00:00,GET /runs/{id},GET,200,25.234,True
2026-09-28T15:51:09.147692+00:00,GET /workflows/{id},GET,200,19.954,True
2026-09-28T15:51:09.161023+00:00,GET /health,GET,200,6.650,True
2026-09-28T15:51:09.143858+00:00,GET /runs/{id}/logs,GET,200,27.938,True
2026-09-28T15:51:09.149700+00:00,GET /agents/catalog,GET,200,22.204,True
2026-09-28T15:51:09.094250+00:00,PUT /workflows/{id},PUT,200,79.160,True
2026-09-28T15:51:09.156013+00:00,GET /workflows,GET,200,21.422,True
2026-09-28T15:51:09.109548+00:00,PUT /workflows/{id},PUT,200,70.089,True
2026-09-28T15:51:09.168018+00:00,GET /runs/{id}/logs,GET,200,20.212,True
2026-09-28T15:51:09.168018+00:00,GET /runs/{id}/logs,GET,200,20.432,True
2026-09-28T15:51:09.173022+00:00,GET /runs/{id},GET,200,18.073,True
2026-09-28T15:51:09.191515+00:00,GET /health,GET,200,3.721,True
2026-09-28T15:51:09.180663+00:00,GET /workflows,GET,200,16.797,True
2026-09-28T15:51:09.188141+00:00,POST /workflows/{id}/validate,POST,200,15.298,True
2026-09-28T15:51:09.188141+00:00,GET /workflows,GET,200,21.760,True
2026-09-28T15:51:09.195080+00:00,GET /workflows/{id},GET,200,15.513,True
2026-09-28T15:51:09.197584+00:00,GET /workflows/{id},GET,200,16.276,True
2026-09-28T15:51:09.144845+00:00,PUT /workflows/{id},PUT,200,68.660,True
2026-09-28T15:51:09.209296+00:00,GET /workflows/{id},GET,200,13.391,True
2026-09-28T15:51:09.204023+00:00,GET /runs/{id}/logs,GET,200,22.003,True
2026-09-28T15:51:09.212781+00:00,GET /workflows/{id},GET,200,16.742,True
2026-09-28T15:51:09.230567+00:00,GET /health,GET,200,5.831,True
2026-09-28T15:51:09.214133+00:00,GET /workflows,GET,200,26.879,True
2026-09-28T15:51:09.223515+00:00,GET /runs/{id},GET,200,25.759,True
2026-09-28T15:51:09.225008+00:00,GET /runs/{id},GET,200,25.683,True
2026-09-28T15:51:09.172019+00:00,PUT /workflows/{id},PUT,500,84.940,False
2026-09-28T15:51:09.236240+00:00,GET /workflows,GET,200,26.014,True
2026-09-28T15:51:09.176983+00:00,PUT /workflows/{id},PUT,500,85.053,False
2026-09-28T15:51:09.172019+00:00,PUT /workflows/{id},PUT,200,90.967,True
2026-09-28T15:51:09.241214+00:00,GET /workflows/{id},GET,200,23.155,True
2026-09-28T15:51:09.249103+00:00,GET /workflows,GET,200,32.432,True
2026-09-28T15:51:09.263103+00:00,POST /workflows/{id}/validate,POST,200,23.401,True
2026-09-28T15:51:09.262054+00:00,GET /runs/{id},GET,200,27.517,True
2026-09-28T15:51:09.251104+00:00,GET /runs/{id},GET,200,38.363,True
2026-09-28T15:51:09.262054+00:00,GET /runs/{id},GET,200,28.156,True
2026-09-28T15:51:09.286640+00:00,GET /health,GET,200,5.627,True
2026-09-28T15:51:09.291638+00:00,GET /health,GET,200,4.224,True
2026-09-28T15:51:09.264102+00:00,GET /workflows,GET,200,35.889,True
2026-09-28T15:51:09.257102+00:00,PUT /workflows/{id},PUT,200,56.375,True
2026-09-28T15:51:09.210478+00:00,PUT /workflows/{id},PUT,500,103.393,False
2026-09-28T15:51:09.289640+00:00,GET /runs/{id}/logs,GET,200,26.477,True
2026-09-28T15:51:09.290640+00:00,GET /runs/{id},GET,200,26.155,True
2026-09-28T15:51:09.289640+00:00,GET /workflows/{id},GET,200,27.244,True
2026-09-28T15:51:09.281631+00:00,GET /runs/{id}/logs,GET,200,36.437,True
2026-09-28T15:51:09.295652+00:00,GET /runs/{id}/logs,GET,200,26.118,True
2026-09-28T15:51:09.300156+00:00,GET /runs/{id}/logs,GET,200,36.628,True
2026-09-28T15:51:09.316664+00:00,GET /workflows/{id},GET,200,22.986,True
2026-09-28T15:51:09.313658+00:00,GET /runs/{id},GET,200,29.657,True
2026-09-28T15:51:09.313658+00:00,GET /runs/{id}/logs,GET,200,30.936,True
2026-09-28T15:51:09.322063+00:00,GET /runs/{id},GET,200,26.012,True
2026-09-28T15:51:09.318161+00:00,GET /runs/{id}/logs,GET,200,30.705,True
2026-09-28T15:51:09.316664+00:00,GET /runs/{id},GET,200,32.824,True
2026-09-28T15:51:09.336932+00:00,GET /runs/{id}/logs,GET,200,25.743,True
2026-09-28T15:51:09.348826+00:00,GET /workflows/{id},GET,200,21.880,True
2026-09-28T15:51:09.350116+00:00,GET /workflows/{id},GET,200,20.849,True
2026-09-28T15:51:09.339362+00:00,GET /workflows,GET,200,31.864,True
2026-09-28T15:51:09.348291+00:00,GET /workflows,GET,200,27.856,True
2026-09-28T15:51:09.344585+00:00,GET /runs/{id}/logs,GET,200,31.766,True
2026-09-28T15:51:09.362636+00:00,GET /agents/catalog,GET,200,19.801,True
2026-09-28T15:51:09.375434+00:00,GET /workflows/{id},GET,200,16.007,True
2026-09-28T15:51:09.370644+00:00,GET /workflows/{id},GET,200,22.531,True
2026-09-28T15:51:09.316664+00:00,PUT /workflows/{id},PUT,200,82.229,True
2026-09-28T15:51:09.382360+00:00,GET /agents/catalog,GET,200,16.813,True
2026-09-28T15:51:09.370644+00:00,GET /runs/{id},GET,200,28.566,True
2026-09-28T15:51:09.376593+00:00,GET /runs/{id},GET,200,23.969,True
2026-09-28T15:51:09.392357+00:00,GET /runs/{id}/logs,GET,200,30.161,True
2026-09-28T15:51:09.393356+00:00,GET /runs/{id}/logs,GET,200,30.186,True
2026-09-28T15:51:09.398873+00:00,POST /workflows/{id}/validate,POST,200,30.827,True
2026-09-28T15:51:09.399870+00:00,GET /runs/{id}/logs,GET,200,36.161,True
2026-09-28T15:51:09.343534+00:00,PUT /workflows/{id},PUT,200,92.748,True
2026-09-28T15:51:09.399870+00:00,GET /runs/{id},GET,200,36.435,True
2026-09-28T15:51:09.398873+00:00,GET /runs/{id},GET,200,38.275,True
2026-09-28T15:51:09.430145+00:00,GET /runs/{id},GET,200,28.530,True
2026-09-28T15:51:09.423737+00:00,GET /runs/{id},GET,200,35.355,True
2026-09-28T15:51:09.422417+00:00,GET /runs/{id},GET,200,38.622,True
2026-09-28T15:51:09.436741+00:00,GET /workflows/{id},GET,200,24.714,True
2026-09-28T15:51:09.436741+00:00,GET /workflows/{id},GET,200,24.540,True
2026-09-28T15:51:09.436741+00:00,GET /runs/{id},GET,200,32.133,True
2026-09-28T15:51:09.461581+00:00,GET /health,GET,200,7.151,True
2026-09-28T15:51:09.370644+00:00,PUT /workflows/{id},PUT,200,102.357,True
2026-09-28T15:51:09.436152+00:00,GET /workflows,GET,200,36.857,True
2026-09-28T15:51:09.460583+00:00,GET /workflows/{id},GET,200,23.567,True
2026-09-28T15:51:09.468586+00:00,GET /workflows/{id},GET,200,20.210,True
2026-09-28T15:51:09.468586+00:00,GET /workflows/{id},GET,200,22.387,True
2026-09-28T15:51:09.458121+00:00,GET /runs/{id},GET,200,34.290,True
2026-09-28T15:51:09.458121+00:00,GET /workflows,GET,200,35.122,True
2026-09-28T15:51:09.461581+00:00,GET /workflows,GET,200,37.550,True
2026-09-28T15:51:09.472585+00:00,GET /runs/{id},GET,200,31.327,True
2026-09-28T15:51:09.472585+00:00,GET /workflows,GET,200,38.306,True
2026-09-28T15:51:09.484617+00:00,GET /workflows,GET,200,37.115,True
2026-09-28T15:51:09.521471+00:00,GET /health,GET,200,6.483,True
2026-09-28T15:51:09.494002+00:00,GET /runs/{id},GET,200,37.730,True
2026-09-28T15:51:09.490968+00:00,GET /workflows,GET,200,43.050,True
2026-09-28T15:51:09.498563+00:00,GET /workflows/{id},GET,200,35.899,True
2026-09-28T15:51:09.492994+00:00,GET /runs/{id}/logs,GET,200,42.166,True
2026-09-28T15:51:09.489310+00:00,GET /workflows,GET,200,46.179,True
2026-09-28T15:51:09.504600+00:00,GET /runs/{id},GET,200,32.307,True
2026-09-28T15:51:09.511119+00:00,GET /workflows,GET,200,38.591,True
2026-09-28T15:51:09.534598+00:00,GET /workflows/{id},GET,200,20.401,True
2026-09-28T15:51:09.528543+00:00,GET /runs/{id},GET,200,31.736,True
2026-09-28T15:51:09.531597+00:00,GET /agents/catalog,GET,200,29.014,True
2026-09-28T15:51:09.533597+00:00,GET /workflows/{id},GET,200,27.417,True
2026-09-28T15:51:09.534598+00:00,GET /runs/{id}/logs,GET,200,32.339,True
2026-09-28T15:51:09.535986+00:00,POST /workflows/{id}/validate,POST,200,31.423,True
2026-09-28T15:51:09.534598+00:00,POST /workflows/{id}/validate,POST,200,33.042,True
2026-09-28T15:51:09.549242+00:00,GET /workflows/{id},GET,200,23.646,True
2026-09-28T15:51:09.567725+00:00,GET /workflows/{id},GET,200,16.736,True
2026-09-28T15:51:09.560240+00:00,GET /runs/{id},GET,200,24.979,True
2026-09-28T15:51:09.567725+00:00,GET /workflows/{id},GET,200,18.067,True
2026-09-28T15:51:09.560240+00:00,GET /runs/{id}/logs,GET,200,25.870,True
2026-09-28T15:51:09.584791+00:00,GET /health,GET,200,4.485,True
2026-09-28T15:51:09.585857+00:00,GET /health,GET,200,4.643,True
2026-09-28T15:51:09.589146+00:00,GET /health,GET,200,3.747,True
2026-09-28T15:51:09.572852+00:00,GET /runs/{id},GET,200,20.386,True
2026-09-28T15:51:09.590587+00:00,GET /health,GET,200,4.197,True
2026-09-28T15:51:09.595204+00:00,GET /health,GET,200,3.813,True
2026-09-28T15:51:09.584791+00:00,GET /agents/catalog,GET,200,14.660,True
2026-09-28T15:51:09.585857+00:00,GET /runs/{id},GET,200,14.739,True
2026-09-28T15:51:09.592689+00:00,GET /runs/{id},GET,200,20.035,True
2026-09-28T15:51:09.599208+00:00,GET /runs/{id},GET,200,23.218,True
2026-09-28T15:51:09.600210+00:00,GET /runs/{id},GET,200,25.484,True
2026-09-28T15:51:09.599208+00:00,GET /runs/{id}/logs,GET,200,31.373,True
2026-09-28T15:51:09.555242+00:00,PUT /workflows/{id},PUT,200,76.163,True
2026-09-28T15:51:09.631052+00:00,GET /health,GET,200,5.218,True
2026-09-28T15:51:09.568725+00:00,PUT /workflows/{id},PUT,500,78.692,False
2026-09-28T15:51:09.625432+00:00,GET /workflows/{id},GET,200,24.261,True
2026-09-28T15:51:09.621334+00:00,GET /runs/{id},GET,200,28.419,True
2026-09-28T15:51:09.561323+00:00,PUT /workflows/{id},PUT,200,89.476,True
2026-09-28T15:51:09.636038+00:00,GET /workflows/{id},GET,200,27.164,True
2026-09-28T15:51:09.631052+00:00,GET /workflows,GET,200,34.615,True
2026-09-28T15:51:09.646704+00:00,GET /workflows,GET,200,34.679,True
2026-09-28T15:51:09.651232+00:00,GET /runs/{id}/logs,GET,200,34.599,True
2026-09-28T15:51:09.650706+00:00,GET /runs/{id}/logs,GET,200,36.732,True
2026-09-28T15:51:09.649705+00:00,GET /runs/{id}/logs,GET,200,39.876,True
2026-09-28T15:51:09.592689+00:00,PUT /workflows/{id},PUT,200,96.816,True
2026-09-28T15:51:09.686917+00:00,GET /health,GET,200,8.337,True
2026-09-28T15:51:09.662731+00:00,GET /runs/{id}/logs,GET,200,33.130,True
2026-09-28T15:51:09.665732+00:00,GET /runs/{id}/logs,GET,200,31.577,True
2026-09-28T15:51:09.695917+00:00,GET /health,GET,200,5.509,True
2026-09-28T15:51:09.613334+00:00,PUT /workflows/{id},PUT,200,93.800,True
2026-09-28T15:51:09.684919+00:00,GET /runs/{id},GET,200,25.888,True
2026-09-28T15:51:09.681913+00:00,GET /runs/{id}/logs,GET,200,33.054,True
2026-09-28T15:51:09.689919+00:00,GET /runs/{id}/logs,GET,200,29.078,True
2026-09-28T15:51:09.689919+00:00,GET /workflows,GET,200,34.407,True
2026-09-28T15:51:09.698429+00:00,GET /workflows,GET,200,35.174,True
2026-09-28T15:51:09.701433+00:00,GET /workflows,GET,200,34.091,True
2026-09-28T15:51:09.714890+00:00,GET /runs/{id},GET,200,25.979,True
2026-09-28T15:51:09.711461+00:00,GET /runs/{id}/logs,GET,200,32.290,True
2026-09-28T15:51:09.707065+00:00,GET /runs/{id}/logs,GET,200,36.535,True
2026-09-28T15:51:09.718115+00:00,GET /runs/{id}/logs,GET,200,27.129,True
2026-09-28T15:51:09.724569+00:00,GET /runs/{id},GET,200,25.042,True
2026-09-28T15:51:09.733202+00:00,GET /runs/{id}/logs,GET,200,28.121,True
2026-09-28T15:51:09.745663+00:00,GET /workflows/{id},GET,200,20.099,True
2026-09-28T15:51:09.735685+00:00,GET /workflows,GET,200,33.504,True
2026-09-28T15:51:09.749654+00:00,GET /agents/catalog,GET,200,21.637,True
2026-09-28T15:51:09.740662+00:00,GET /runs/{id},GET,200,32.897,True
2026-09-28T15:51:09.743663+00:00,GET /workflows,GET,200,30.556,True
2026-09-28T15:51:09.743663+00:00,GET /runs/{id},GET,200,30.472,True
2026-09-28T15:51:09.773691+00:00,GET /health,GET,200,4.934,True
2026-09-28T15:51:09.761694+00:00,GET /workflows/{id},GET,200,19.540,True
2026-09-28T15:51:09.695917+00:00,PUT /workflows/{id},PUT,200,87.605,True
2026-09-28T15:51:09.765690+00:00,GET /runs/{id},GET,200,23.548,True
2026-09-28T15:51:09.770684+00:00,GET /runs/{id}/logs,GET,200,20.302,True
2026-09-28T15:51:09.778198+00:00,GET /workflows/{id},GET,200,13.090,True
2026-09-28T15:51:09.773691+00:00,POST /workflows/{id}/validate,POST,200,19.480,True
2026-09-28T15:51:09.783732+00:00,GET /runs/{id},GET,200,13.048,True
2026-09-28T15:51:09.791426+00:00,GET /workflows,GET,200,9.825,True
2026-09-28T15:51:09.791426+00:00,GET /workflows,GET,200,12.165,True
2026-09-28T15:51:09.796414+00:00,GET /runs/{id}/logs,GET,200,9.555,True
2026-09-28T15:51:09.801416+00:00,GET /workflows,GET,200,8.647,True
2026-09-28T15:51:09.805557+00:00,GET /workflows/{id},GET,200,5.710,True
2026-09-28T15:51:09.811243+00:00,GET /workflows/{id},GET,200,5.576,True
2026-09-28T15:51:09.810236+00:00,GET /workflows,GET,200,8.054,True
2026-09-28T15:51:09.818210+00:00,GET /agents/catalog,GET,200,13.851,True
2026-09-28T15:51:09.817084+00:00,GET /runs/{id}/logs,GET,200,18.278,True
2026-09-28T15:51:09.769690+00:00,PUT /workflows/{id},PUT,200,74.211,True
2026-09-28T15:51:09.832497+00:00,GET /runs/{id},GET,200,21.093,True
2026-09-28T15:51:09.780741+00:00,PUT /workflows/{id},PUT,500,76.503,False
2026-09-28T15:51:09.774685+00:00,PUT /workflows/{id},PUT,200,85.131,True
2026-09-28T15:51:09.853475+00:00,GET /health,GET,200,8.384,True
2026-09-28T15:51:09.843919+00:00,GET /agents/catalog,GET,200,21.369,True
2026-09-28T15:51:09.789413+00:00,PUT /workflows/{id},PUT,200,75.922,True
2026-09-28T15:51:09.793414+00:00,PUT /workflows/{id},PUT,500,80.000,False
2026-09-28T15:51:09.857679+00:00,GET /runs/{id}/logs,GET,200,28.516,True
2026-09-28T15:51:09.803417+00:00,PUT /workflows/{id},PUT,200,83.595,True
2026-09-28T15:51:09.865672+00:00,GET /workflows/{id},GET,200,23.479,True
2026-09-28T15:51:09.859782+00:00,GET /workflows,GET,200,30.568,True
2026-09-28T15:51:09.861876+00:00,POST /workflows/{id}/validate,POST,200,29.797,True
2026-09-28T15:51:09.891538+00:00,GET /health,GET,200,5.114,True
2026-09-28T15:51:09.865136+00:00,GET /runs/{id}/logs,GET,200,33.018,True
2026-09-28T15:51:09.887460+00:00,GET /agents/catalog,GET,200,17.967,True
2026-09-28T15:51:09.873832+00:00,GET /workflows/{id},GET,200,43.125,True
2026-09-28T15:51:09.885435+00:00,GET /workflows,GET,200,31.863,True
2026-09-28T15:51:09.890539+00:00,GET /runs/{id},GET,200,28.092,True
2026-09-28T15:51:09.896162+00:00,GET /runs/{id},GET,200,24.683,True
2026-09-28T15:51:09.905200+00:00,GET /workflows/{id},GET,200,16.710,True
2026-09-28T15:51:09.835599+00:00,PUT /workflows/{id},PUT,200,86.815,True
2026-09-28T15:51:09.898188+00:00,GET /workflows,GET,200,29.410,True
2026-09-28T15:51:09.917418+00:00,GET /runs/{id},GET,200,28.982,True
2026-09-28T15:51:09.918582+00:00,POST /workflows/{id}/validate,POST,200,29.053,True
2026-09-28T15:51:09.921602+00:00,GET /runs/{id},GET,200,30.667,True
2026-09-28T15:51:09.922802+00:00,GET /runs/{id},GET,200,29.996,True
2026-09-28T15:51:09.916413+00:00,GET /workflows,GET,200,36.099,True
2026-09-28T15:51:09.921602+00:00,GET /runs/{id},GET,200,31.393,True
2026-09-28T15:51:09.927624+00:00,GET /runs/{id},GET,200,26.588,True
2026-09-28T15:51:09.953038+00:00,GET /health,GET,200,6.010,True
2026-09-28T15:51:09.947038+00:00,GET /workflows/{id},GET,200,20.293,True
2026-09-28T15:51:09.952044+00:00,GET /workflows/{id},GET,200,21.248,True
2026-09-28T15:51:09.954038+00:00,GET /workflows/{id},GET,200,19.576,True
2026-09-28T15:51:09.947038+00:00,GET /workflows,GET,200,29.662,True
2026-09-28T15:51:09.953038+00:00,GET /agents/catalog,GET,200,25.661,True
2026-09-28T15:51:09.889532+00:00,PUT /workflows/{id},PUT,200,92.116,True
2026-09-28T15:51:09.952044+00:00,GET /runs/{id},GET,200,29.489,True
2026-09-28T15:51:09.976568+00:00,GET /health,GET,200,6.399,True
2026-09-28T15:51:09.959048+00:00,GET /workflows,GET,200,24.698,True
2026-09-28T15:51:09.967581+00:00,POST /workflows/{id}/validate,POST,200,28.410,True
2026-09-28T15:51:09.979089+00:00,GET /workflows/{id},GET,200,22.609,True
2026-09-28T15:51:09.973559+00:00,GET /runs/{id},GET,200,28.299,True
2026-09-28T15:51:09.973559+00:00,GET /workflows,GET,200,29.509,True
2026-09-28T15:51:09.983082+00:00,GET /runs/{id}/logs,GET,200,28.341,True
2026-09-28T15:51:09.981087+00:00,GET /workflows,GET,200,30.064,True
2026-09-28T15:51:09.983082+00:00,GET /runs/{id}/logs,GET,200,29.033,True
2026-09-28T15:51:09.982080+00:00,GET /workflows,GET,200,34.961,True
2026-09-28T15:51:10.001395+00:00,GET /workflows,GET,200,27.556,True
2026-09-28T15:51:10.002398+00:00,GET /runs/{id},GET,200,27.671,True
2026-09-28T15:51:10.002398+00:00,GET /runs/{id}/logs,GET,200,30.940,True
2026-09-28T15:51:10.010820+00:00,POST /workflows/{id}/validate,POST,200,23.207,True
2026-09-28T15:51:10.028785+00:00,GET /health,GET,200,8.028,True
2026-09-28T15:51:10.010820+00:00,GET /agents/catalog,GET,200,27.233,True
2026-09-28T15:51:10.012309+00:00,GET /runs/{id},GET,200,26.290,True
2026-09-28T15:51:10.016514+00:00,GET /runs/{id},GET,200,22.731,True
2026-09-28T15:51:10.033863+00:00,GET /agents/catalog,GET,200,21.640,True
2026-09-28T15:51:10.028785+00:00,POST /workflows/{id}/validate,POST,200,29.290,True
2026-09-28T15:51:10.038639+00:00,GET /agents/catalog,GET,200,22.737,True
2026-09-28T15:51:10.037326+00:00,GET /workflows/{id},GET,200,23.775,True
2026-09-28T15:51:10.033863+00:00,GET /runs/{id},GET,200,29.256,True
2026-09-28T15:51:10.038639+00:00,GET /runs/{id}/logs,GET,200,25.459,True
2026-09-28T15:51:10.039644+00:00,GET /workflows,GET,200,27.839,True
2026-09-28T15:51:10.064691+00:00,GET /health,GET,200,6.199,True
2026-09-28T15:51:10.058188+00:00,GET /workflows/{id},GET,200,18.681,True
2026-09-28T15:51:09.996397+00:00,PUT /workflows/{id},PUT,200,86.272,True
2026-09-28T15:51:10.055186+00:00,GET /runs/{id},GET,200,29.457,True
2026-09-28T15:51:10.061189+00:00,GET /runs/{id},GET,200,26.330,True
2026-09-28T15:51:10.063186+00:00,GET /runs/{id}/logs,GET,200,25.795,True
2026-09-28T15:51:10.067791+00:00,GET /runs/{id}/logs,GET,200,25.770,True
2026-09-28T15:51:10.092518+00:00,GET /health,GET,200,4.728,True
2026-09-28T15:51:10.070792+00:00,GET /runs/{id}/logs,GET,200,27.821,True
2026-09-28T15:51:10.077304+00:00,GET /runs/{id}/logs,GET,200,26.363,True
2026-09-28T15:51:10.084502+00:00,GET /workflows/{id},GET,200,19.028,True
2026-09-28T15:51:10.082496+00:00,GET /runs/{id}/logs,GET,200,25.605,True
2026-09-28T15:51:10.087502+00:00,GET /workflows/{id},GET,200,22.410,True
2026-09-28T15:51:10.089501+00:00,GET /runs/{id}/logs,GET,200,30.518,True
2026-09-28T15:51:10.098047+00:00,GET /runs/{id}/logs,GET,200,29.228,True
2026-09-28T15:51:10.098047+00:00,GET /runs/{id},GET,200,34.019,True
2026-09-28T15:51:10.104058+00:00,GET /workflows,GET,200,33.027,True
2026-09-28T15:51:10.107629+00:00,GET /runs/{id}/logs,GET,200,34.334,True
2026-09-28T15:51:10.109115+00:00,GET /runs/{id},GET,200,32.851,True
2026-09-28T15:51:10.103058+00:00,GET /workflows,GET,200,39.833,True
2026-09-28T15:51:10.119827+00:00,GET /workflows,GET,200,28.945,True
2026-09-28T15:51:10.061189+00:00,PUT /workflows/{id},PUT,200,91.125,True
2026-09-28T15:51:10.128044+00:00,GET /workflows,GET,200,28.878,True
2026-09-28T15:51:10.131878+00:00,POST /workflows/{id}/validate,POST,200,26.668,True
2026-09-28T15:51:10.142414+00:00,GET /workflows/{id},GET,200,18.968,True
2026-09-28T15:51:10.136392+00:00,GET /runs/{id},GET,200,26.955,True
2026-09-28T15:51:10.163420+00:00,GET /health,GET,200,5.062,True
2026-09-28T15:51:10.142414+00:00,GET /runs/{id},GET,200,26.656,True
2026-09-28T15:51:10.149399+00:00,GET /runs/{id}/logs,GET,200,26.727,True
2026-09-28T15:51:10.156404+00:00,POST /workflows/{id}/validate,POST,200,20.894,True
2026-09-28T15:51:10.158394+00:00,GET /agents/catalog,GET,200,19.400,True
2026-09-28T15:51:10.152391+00:00,GET /runs/{id},GET,200,27.268,True
2026-09-28T15:51:10.161400+00:00,GET /runs/{id},GET,200,21.653,True
2026-09-28T15:51:10.180227+00:00,GET /health,GET,200,4.946,True
2026-09-28T15:51:10.169407+00:00,GET /workflows,GET,200,22.796,True
2026-09-28T15:51:10.178221+00:00,GET /workflows/{id},GET,200,17.636,True
2026-09-28T15:51:10.177024+00:00,GET /runs/{id},GET,200,21.818,True
2026-09-28T15:51:10.176023+00:00,GET /runs/{id},GET,200,24.363,True
2026-09-28T15:51:10.195915+00:00,GET /health,GET,200,6.066,True
2026-09-28T15:51:10.183219+00:00,GET /runs/{id},GET,200,27.208,True
2026-09-28T15:51:10.185218+00:00,GET /runs/{id}/logs,GET,200,25.927,True
2026-09-28T15:51:10.210577+00:00,GET /health,GET,200,6.416,True
2026-09-28T15:51:10.198910+00:00,POST /workflows/{id}/validate,POST,200,24.855,True
2026-09-28T15:51:10.191900+00:00,GET /runs/{id}/logs,GET,200,32.673,True
2026-09-28T15:51:10.143404+00:00,PUT /workflows/{id},PUT,200,82.295,True
2026-09-28T15:51:10.201900+00:00,GET /workflows,GET,200,26.054,True
2026-09-28T15:51:10.199900+00:00,GET /runs/{id},GET,200,30.613,True
2026-09-28T15:51:10.223974+00:00,GET /health,GET,200,9.564,True
2026-09-28T15:51:10.210577+00:00,GET /workflows,GET,200,28.415,True
2026-09-28T15:51:10.223974+00:00,GET /workflows/{id},GET,200,27.140,True
2026-09-28T15:51:10.216825+00:00,GET /runs/{id},GET,200,35.220,True
2026-09-28T15:51:10.169407+00:00,PUT /workflows/{id},PUT,200,87.390,True
2026-09-28T15:51:10.225456+00:00,GET /workflows,GET,200,33.763,True
2026-09-28T15:51:10.228272+00:00,GET /runs/{id},GET,200,34.544,True
2026-09-28T15:51:10.230601+00:00,GET /runs/{id}/logs,GET,200,32.244,True
2026-09-28T15:51:10.239373+00:00,GET /workflows/{id},GET,200,24.084,True
2026-09-28T15:51:10.234271+00:00,GET /runs/{id},GET,200,34.275,True
2026-09-28T15:51:10.252566+00:00,GET /workflows/{id},GET,200,23.916,True
2026-09-28T15:51:10.251184+00:00,GET /workflows/{id},GET,200,29.523,True
2026-09-28T15:51:10.256768+00:00,GET /workflows/{id},GET,200,26.784,True
2026-09-28T15:51:10.263377+00:00,GET /runs/{id}/logs,GET,200,32.309,True
2026-09-28T15:51:10.263377+00:00,GET /runs/{id},GET,200,33.048,True
2026-09-28T15:51:10.276668+00:00,GET /agents/catalog,GET,200,20.849,True
2026-09-28T15:51:10.262369+00:00,GET /workflows,GET,200,35.372,True
2026-09-28T15:51:10.267293+00:00,GET /runs/{id}/logs,GET,200,29.833,True
2026-09-28T15:51:10.259239+00:00,GET /runs/{id},GET,200,39.306,True
2026-09-28T15:51:10.280818+00:00,GET /workflows/{id},GET,200,20.948,True
2026-09-28T15:51:10.282911+00:00,POST /workflows/{id}/validate,POST,200,26.796,True
2026-09-28T15:51:10.295932+00:00,GET /agents/catalog,GET,200,24.969,True
2026-09-28T15:51:10.295932+00:00,GET /runs/{id},GET,200,34.676,True
2026-09-28T15:51:10.296927+00:00,GET /runs/{id}/logs,GET,200,36.984,True
2026-09-28T15:51:10.296927+00:00,GET /runs/{id},GET,200,38.928,True
2026-09-28T15:51:10.299040+00:00,GET /workflows,GET,200,41.982,True
2026-09-28T15:51:10.302046+00:00,GET /workflows,GET,200,39.173,True
2026-09-28T15:51:10.296927+00:00,GET /runs/{id},GET,200,46.771,True
2026-09-28T15:51:10.309759+00:00,GET /runs/{id},GET,200,37.142,True
2026-09-28T15:51:10.320646+00:00,GET /runs/{id},GET,200,31.251,True
2026-09-28T15:51:10.336003+00:00,GET /workflows/{id},GET,200,21.285,True
2026-09-28T15:51:10.331217+00:00,GET /runs/{id}/logs,GET,200,32.964,True
2026-09-28T15:51:10.334964+00:00,GET /workflows,GET,200,32.432,True
2026-09-28T15:51:10.344710+00:00,GET /workflows/{id},GET,200,22.892,True
2026-09-28T15:51:10.347477+00:00,GET /workflows/{id},GET,200,21.574,True
2026-09-28T15:51:10.352224+00:00,GET /workflows/{id},GET,200,20.772,True
2026-09-28T15:51:10.341676+00:00,GET /runs/{id},GET,200,32.443,True
2026-09-28T15:51:10.357434+00:00,GET /workflows/{id},GET,200,19.652,True
2026-09-28T15:51:10.367483+00:00,GET /workflows/{id},GET,200,19.677,True
2026-09-28T15:51:10.363807+00:00,GET /runs/{id},GET,200,34.163,True
2026-09-28T15:51:10.369051+00:00,GET /workflows,GET,200,32.130,True
2026-09-28T15:51:10.368011+00:00,GET /runs/{id}/logs,GET,200,34.180,True
2026-09-28T15:51:10.377175+00:00,GET /workflows/{id},GET,200,25.200,True
2026-09-28T15:51:10.372747+00:00,GET /runs/{id},GET,200,30.681,True
2026-09-28T15:51:10.373806+00:00,GET /runs/{id},GET,200,31.958,True
2026-09-28T15:51:10.405291+00:00,GET /health,GET,200,6.909,True
2026-09-28T15:51:10.386730+00:00,GET /runs/{id}/logs,GET,200,38.919,True
2026-09-28T15:51:10.400788+00:00,GET /agents/catalog,GET,200,37.445,True
2026-09-28T15:51:10.397786+00:00,GET /runs/{id}/logs,GET,200,43.539,True
2026-09-28T15:51:10.401785+00:00,GET /workflows,GET,200,40.152,True
2026-09-28T15:51:10.340673+00:00,PUT /workflows/{id},PUT,200,101.773,True
2026-09-28T15:51:10.403786+00:00,GET /runs/{id}/logs,GET,200,40.846,True
2026-09-28T15:51:10.401785+00:00,GET /runs/{id},GET,200,45.345,True
2026-09-28T15:51:10.412093+00:00,GET /runs/{id},GET,200,35.370,True
2026-09-28T15:51:10.426206+00:00,GET /runs/{id},GET,200,27.814,True
2026-09-28T15:51:10.441956+00:00,GET /workflows/{id},GET,200,20.735,True
2026-09-28T15:51:10.438813+00:00,GET /runs/{id}/logs,GET,200,28.391,True
2026-09-28T15:51:10.441956+00:00,POST /workflows/{id}/validate,POST,200,27.686,True
2026-09-28T15:51:10.442999+00:00,GET /workflows,GET,200,29.376,True
2026-09-28T15:51:10.444567+00:00,POST /workflows/{id}/validate,POST,200,28.230,True
2026-09-28T15:51:10.448224+00:00,GET /runs/{id}/logs,GET,200,24.806,True
2026-09-28T15:51:10.462425+00:00,GET /runs/{id},GET,200,19.653,True
2026-09-28T15:51:10.469850+00:00,GET /workflows/{id},GET,200,17.024,True
2026-09-28T15:51:10.467135+00:00,GET /workflows,GET,200,28.055,True
2026-09-28T15:51:10.472988+00:00,GET /runs/{id},GET,200,25.761,True
2026-09-28T15:51:10.471937+00:00,GET /workflows,GET,200,29.104,True
2026-09-28T15:51:10.472988+00:00,GET /runs/{id},GET,200,29.326,True
2026-09-28T15:51:10.481895+00:00,GET /workflows/{id},GET,200,22.515,True
2026-09-28T15:51:10.501510+00:00,GET /health,GET,200,8.384,True
2026-09-28T15:51:10.509919+00:00,GET /health,GET,200,8.273,True
2026-09-28T15:51:10.486722+00:00,GET /runs/{id}/logs,GET,200,32.190,True
2026-09-28T15:51:10.504659+00:00,GET /agents/catalog,GET,200,22.966,True
2026-09-28T15:51:10.495108+00:00,GET /runs/{id}/logs,GET,200,34.250,True
2026-09-28T15:51:10.498883+00:00,GET /workflows,GET,200,33.453,True
2026-09-28T15:51:10.502033+00:00,GET /workflows,GET,200,30.699,True
2026-09-28T15:51:10.454057+00:00,PUT /workflows/{id},PUT,200,92.679,True
2026-09-28T15:51:10.447701+00:00,PUT /workflows/{id},PUT,500,99.237,False
2026-09-28T15:51:10.517836+00:00,GET /workflows,GET,200,30.520,True
2026-09-28T15:51:10.518875+00:00,GET /workflows/{id},GET,200,29.854,True
2026-09-28T15:51:10.529463+00:00,GET /runs/{id},GET,200,23.852,True
2026-09-28T15:51:10.532068+00:00,GET /workflows/{id},GET,200,21.288,True
2026-09-28T15:51:10.548925+00:00,GET /health,GET,200,5.686,True
2026-09-28T15:51:10.546418+00:00,GET /workflows/{id},GET,200,12.288,True
2026-09-28T15:51:10.547419+00:00,GET /workflows/{id},GET,200,12.911,True
2026-09-28T15:51:10.553485+00:00,GET /workflows/{id},GET,200,14.288,True
2026-09-28T15:51:10.546418+00:00,POST /workflows/{id}/validate,POST,200,21.360,True
2026-09-28T15:51:10.554798+00:00,GET /runs/{id},GET,200,17.484,True
2026-09-28T15:51:10.561643+00:00,GET /runs/{id},GET,200,17.713,True
2026-09-28T15:51:10.557804+00:00,GET /workflows,GET,200,22.868,True
2026-09-28T15:51:10.581562+00:00,GET /health,GET,200,6.354,True
2026-09-28T15:51:10.567933+00:00,GET /runs/{id}/logs,GET,200,22.987,True
2026-09-28T15:51:10.568457+00:00,GET /runs/{id}/logs,GET,200,28.075,True
2026-09-28T15:51:10.572102+00:00,GET /workflows,GET,200,29.136,True
2026-09-28T15:51:10.587840+00:00,GET /workflows/{id},GET,200,19.314,True
2026-09-28T15:51:10.578974+00:00,GET /runs/{id},GET,200,28.501,True
2026-09-28T15:51:10.591070+00:00,GET /runs/{id}/logs,GET,200,26.698,True
2026-09-28T15:51:10.532586+00:00,PUT /workflows/{id},PUT,200,85.383,True
2026-09-28T15:51:10.527766+00:00,PUT /workflows/{id},PUT,500,99.231,False
2026-09-28T15:51:10.601294+00:00,GET /runs/{id}/logs,GET,200,27.262,True
2026-09-28T15:51:10.596134+00:00,GET /runs/{id}/logs,GET,200,32.677,True
2026-09-28T15:51:10.607609+00:00,GET /workflows/{id},GET,200,25.374,True
2026-09-28T15:51:10.553485+00:00,PUT /workflows/{id},PUT,200,83.045,True
2026-09-28T15:51:10.607609+00:00,POST /workflows/{id}/validate,POST,200,31.589,True
2026-09-28T15:51:10.616743+00:00,GET /runs/{id},GET,200,30.908,True
2026-09-28T15:51:10.618212+00:00,GET /runs/{id},GET,200,31.613,True
2026-09-28T15:51:10.632794+00:00,GET /workflows/{id},GET,200,18.931,True
2026-09-28T15:51:10.626997+00:00,GET /runs/{id},GET,200,29.303,True
2026-09-28T15:51:10.628573+00:00,GET /workflows,GET,200,31.982,True
2026-09-28T15:51:10.636397+00:00,GET /workflows,GET,200,27.794,True
2026-09-28T15:51:10.639031+00:00,GET /runs/{id}/logs,GET,200,25.277,True
2026-09-28T15:51:10.648467+00:00,GET /workflows/{id},GET,200,20.681,True
2026-09-28T15:51:10.655557+00:00,GET /workflows/{id},GET,200,13.841,True
2026-09-28T15:51:10.649469+00:00,GET /runs/{id},GET,200,25.403,True
2026-09-28T15:51:10.675318+00:00,GET /health,GET,200,4.763,True
2026-09-28T15:51:10.660148+00:00,GET /runs/{id}/logs,GET,200,22.273,True
2026-09-28T15:51:10.651485+00:00,GET /workflows,GET,200,31.197,True
2026-09-28T15:51:10.664148+00:00,POST /workflows/{id}/validate,POST,200,33.162,True
2026-09-28T15:51:10.670316+00:00,GET /workflows,GET,200,27.879,True
2026-09-28T15:51:10.664148+00:00,GET /workflows,GET,200,35.999,True
2026-09-28T15:51:10.669315+00:00,GET /runs/{id}/logs,GET,200,34.660,True
2026-09-28T15:51:10.682357+00:00,GET /workflows/{id},GET,200,30.695,True
2026-09-28T15:51:10.679845+00:00,GET /workflows,GET,200,34.965,True
2026-09-28T15:51:10.629098+00:00,PUT /workflows/{id},PUT,200,88.874,True
2026-09-28T15:51:10.713284+00:00,GET /health,GET,200,8.711,True
2026-09-28T15:51:10.697887+00:00,GET /workflows/{id},GET,200,29.466,True
2026-09-28T15:51:10.683356+00:00,GET /workflows,GET,200,44.484,True
2026-09-28T15:51:10.703188+00:00,GET /runs/{id},GET,200,31.608,True
2026-09-28T15:51:10.697330+00:00,GET /workflows,GET,200,38.894,True
2026-09-28T15:51:10.700048+00:00,GET /workflows,GET,200,39.323,True
2026-09-28T15:51:10.739822+00:00,GET /health,GET,200,4.893,True
2026-09-28T15:51:10.714904+00:00,GET /workflows,GET,200,35.646,True
2026-09-28T15:51:10.717525+00:00,GET /runs/{id}/logs,GET,200,33.208,True
2026-09-28T15:51:10.722032+00:00,GET /runs/{id}/logs,GET,200,32.584,True
2026-09-28T15:51:10.736148+00:00,GET /workflows/{id},GET,200,20.686,True
2026-09-28T15:51:10.751461+00:00,GET /health,GET,200,6.013,True
2026-09-28T15:51:10.726837+00:00,GET /runs/{id},GET,200,33.141,True
2026-09-28T15:51:10.726837+00:00,GET /runs/{id},GET,200,33.541,True
2026-09-28T15:51:10.735627+00:00,GET /runs/{id}/logs,GET,200,25.877,True
2026-09-28T15:51:10.750463+00:00,GET /runs/{id}/logs,GET,200,22.524,True
2026-09-28T15:51:10.754463+00:00,GET /runs/{id},GET,200,24.218,True
2026-09-28T15:51:10.761461+00:00,GET /workflows/{id},GET,200,18.707,True
2026-09-28T15:51:10.756460+00:00,GET /runs/{id}/logs,GET,200,26.271,True
2026-09-28T15:51:10.757469+00:00,GET /runs/{id},GET,200,26.442,True
2026-09-28T15:51:10.760462+00:00,GET /runs/{id}/logs,GET,200,24.921,True
2026-09-28T15:51:10.761461+00:00,GET /workflows,GET,200,25.480,True
2026-09-28T15:51:10.782543+00:00,GET /health,GET,200,5.026,True
2026-09-28T15:51:10.773023+00:00,POST /workflows/{id}/validate,POST,200,23.681,True
2026-09-28T15:51:10.778544+00:00,GET /runs/{id},GET,200,25.617,True
2026-09-28T15:51:10.779556+00:00,GET /runs/{id}/logs,GET,200,29.680,True
2026-09-28T15:51:10.804254+00:00,GET /health,GET,200,7.753,True
2026-09-28T15:51:10.785562+00:00,GET /runs/{id}/logs,GET,200,28.749,True
2026-09-28T15:51:10.783552+00:00,GET /runs/{id}/logs,GET,200,31.045,True
2026-09-28T15:51:10.786544+00:00,GET /runs/{id}/logs,GET,200,30.155,True
2026-09-28T15:51:10.809248+00:00,GET /health,GET,200,7.397,True
2026-09-28T15:51:10.812247+00:00,GET /health,GET,200,6.320,True
2026-09-28T15:51:10.787551+00:00,GET /workflows,GET,200,31.093,True
2026-09-28T15:51:10.816478+00:00,GET /health,GET,200,6.258,True
2026-09-28T15:51:10.796268+00:00,GET /runs/{id}/logs,GET,200,27.069,True
2026-09-28T15:51:10.744474+00:00,PUT /workflows/{id},PUT,200,79.848,True
2026-09-28T15:51:10.814472+00:00,GET /runs/{id},GET,200,24.895,True
2026-09-28T15:51:10.814472+00:00,GET /runs/{id}/logs,GET,200,33.146,True
2026-09-28T15:51:10.816478+00:00,GET /runs/{id}/logs,GET,200,31.060,True
2026-09-28T15:51:10.818547+00:00,GET /workflows,GET,200,29.977,True
2026-09-28T15:51:10.823979+00:00,GET /runs/{id},GET,200,25.973,True
2026-09-28T15:51:10.822859+00:00,GET /workflows,GET,200,26.792,True
2026-09-28T15:51:10.818547+00:00,GET /workflows,GET,200,32.107,True
2026-09-28T15:51:10.849809+00:00,GET /health,GET,200,5.002,True
2026-09-28T15:51:10.854809+00:00,GET /health,GET,200,3.238,True
2026-09-28T15:51:10.846830+00:00,GET /workflows/{id},GET,200,12.470,True
2026-09-28T15:51:10.848808+00:00,GET /workflows/{id},GET,200,13.743,True
2026-09-28T15:51:10.847817+00:00,GET /runs/{id},GET,200,19.850,True
2026-09-28T15:51:10.849809+00:00,GET /runs/{id},GET,200,20.890,True
2026-09-28T15:51:10.850806+00:00,GET /runs/{id},GET,200,23.150,True
2026-09-28T15:51:10.857806+00:00,GET /runs/{id},GET,200,23.534,True
2026-09-28T15:51:10.863265+00:00,GET /runs/{id},GET,200,23.132,True
2026-09-28T15:51:10.871316+00:00,GET /workflows/{id},GET,200,19.578,True
2026-09-28T15:51:10.867316+00:00,GET /workflows,GET,200,27.982,True
2026-09-28T15:51:10.823979+00:00,PUT /workflows/{id},PUT,200,72.233,True
2026-09-28T15:51:10.874318+00:00,GET /workflows,GET,200,25.463,True
2026-09-28T15:51:10.881470+00:00,GET /workflows/{id},GET,200,18.092,True
2026-09-28T15:51:10.889782+00:00,GET /workflows/{id},GET,200,16.285,True
2026-09-28T15:51:10.895265+00:00,GET /workflows/{id},GET,200,15.724,True
2026-09-28T15:51:10.839807+00:00,PUT /workflows/{id},PUT,200,76.147,True
2026-09-28T15:51:10.896795+00:00,GET /workflows,GET,200,23.256,True
2026-09-28T15:51:10.899249+00:00,GET /workflows/{id},GET,200,20.722,True
2026-09-28T15:51:10.919096+00:00,GET /health,GET,200,5.754,True
2026-09-28T15:51:10.910934+00:00,GET /workflows,GET,200,22.566,True
2026-09-28T15:51:10.906260+00:00,GET /runs/{id},GET,200,32.541,True
2026-09-28T15:51:10.915256+00:00,POST /workflows/{id}/validate,POST,200,26.254,True
2026-09-28T15:51:10.859808+00:00,PUT /workflows/{id},PUT,200,85.294,True
2026-09-28T15:51:10.919096+00:00,GET /runs/{id},GET,200,33.009,True
2026-09-28T15:51:10.924984+00:00,GET /workflows,GET,200,31.136,True
2026-09-28T15:51:10.957193+00:00,GET /health,GET,200,5.360,True
2026-09-28T15:51:10.885474+00:00,PUT /workflows/{id},PUT,200,77.114,True
2026-09-28T15:51:10.939038+00:00,GET /runs/{id},GET,200,26.109,True
2026-09-28T15:51:10.952220+00:00,GET /agents/catalog,GET,200,15.347,True
2026-09-28T15:51:10.944915+00:00,PUT /workflows/{id},PUT,500,35.963,False
2026-09-28T15:51:10.963038+00:00,GET /workflows,GET,200,20.088,True
2026-09-28T15:51:10.961702+00:00,GET /runs/{id}/logs,GET,200,21.058,True
2026-09-28T15:51:10.899249+00:00,PUT /workflows/{id},PUT,200,84.363,True
2026-09-28T15:51:10.968046+00:00,GET /workflows/{id},GET,200,17.588,True
2026-09-28T15:51:10.983243+00:00,GET /health,GET,200,4.725,True
2026-09-28T15:51:10.965043+00:00,GET /runs/{id},GET,200,23.173,True
2026-09-28T15:51:10.983243+00:00,GET /workflows/{id},GET,200,14.113,True
2026-09-28T15:51:10.983243+00:00,GET /workflows/{id},GET,200,13.975,True
2026-09-28T15:51:10.985875+00:00,GET /workflows,GET,200,26.662,True
2026-09-28T15:51:10.933604+00:00,PUT /workflows/{id},PUT,200,79.762,True
2026-09-28T15:51:10.987876+00:00,GET /runs/{id}/logs,GET,200,26.833,True
2026-09-28T15:51:10.980735+00:00,GET /runs/{id},GET,200,37.014,True
2026-09-28T15:51:10.941477+00:00,PUT /workflows/{id},PUT,200,81.316,True
2026-09-28T15:51:10.997997+00:00,GET /runs/{id},GET,200,27.730,True
2026-09-28T15:51:10.996420+00:00,GET /workflows,GET,200,30.762,True
2026-09-28T15:51:11.013743+00:00,GET /runs/{id}/logs,GET,200,21.692,True
2026-09-28T15:51:11.012583+00:00,GET /workflows,GET,200,32.283,True
2026-09-28T15:51:11.018291+00:00,GET /workflows,GET,200,29.788,True
2026-09-28T15:51:11.022738+00:00,GET /runs/{id}/logs,GET,200,25.516,True
2026-09-28T15:51:11.028397+00:00,GET /runs/{id},GET,200,23.044,True
2026-09-28T15:51:11.034729+00:00,GET /runs/{id},GET,200,18.732,True
2026-09-28T15:51:10.988875+00:00,PUT /workflows/{id},PUT,200,66.413,True
2026-09-28T15:51:11.054205+00:00,GET /health,GET,200,5.022,True
2026-09-28T15:51:11.044187+00:00,GET /workflows/{id},GET,200,15.161,True
2026-09-28T15:51:11.049204+00:00,GET /runs/{id},GET,200,14.934,True
2026-09-28T15:51:11.051214+00:00,GET /runs/{id},GET,200,17.028,True
2026-09-28T15:51:11.063723+00:00,GET /workflows/{id},GET,200,15.573,True
2026-09-28T15:51:11.055216+00:00,GET /workflows,GET,200,24.503,True
2026-09-28T15:51:11.060202+00:00,POST /workflows/{id}/validate,POST,200,22.933,True
2026-09-28T15:51:11.068298+00:00,GET /workflows/{id},GET,200,16.024,True
2026-09-28T15:51:11.014750+00:00,PUT /workflows/{id},PUT,200,71.968,True
2026-09-28T15:51:11.079116+00:00,GET /workflows/{id},GET,200,12.515,True
2026-09-28T15:51:11.026093+00:00,PUT /workflows/{id},PUT,200,71.198,True
2026-09-28T15:51:11.079116+00:00,GET /runs/{id},GET,200,20.377,True
2026-09-28T15:51:11.084121+00:00,GET /runs/{id}/logs,GET,200,17.115,True
2026-09-28T15:51:11.086143+00:00,GET /runs/{id}/logs,GET,200,19.731,True
2026-09-28T15:51:11.092211+00:00,GET /runs/{id},GET,200,22.014,True
2026-09-28T15:51:11.099730+00:00,GET /runs/{id}/logs,GET,200,21.636,True
2026-09-28T15:51:11.101735+00:00,GET /runs/{id}/logs,GET,200,23.309,True
2026-09-28T15:51:11.048203+00:00,PUT /workflows/{id},PUT,200,77.098,True
2026-09-28T15:51:11.106326+00:00,GET /runs/{id}/logs,GET,200,22.080,True
2026-09-28T15:51:11.124634+00:00,GET /health,GET,200,6.651,True
2026-09-28T15:51:11.124634+00:00,GET /health,GET,200,7.267,True
2026-09-28T15:51:11.128335+00:00,GET /health,GET,200,5.540,True
2026-09-28T15:51:11.114341+00:00,GET /runs/{id}/logs,GET,200,21.789,True
2026-09-28T15:51:11.121030+00:00,GET /workflows/{id},GET,200,14.763,True
2026-09-28T15:51:11.059204+00:00,PUT /workflows/{id},PUT,200,78.785,True
2026-09-28T15:51:11.134791+00:00,GET /health,GET,200,5.912,True
2026-09-28T15:51:11.130694+00:00,POST /workflows/{id}/validate,POST,200,19.070,True
2026-09-28T15:51:11.135798+00:00,GET /workflows/{id},GET,200,19.330,True
2026-09-28T15:51:11.150928+00:00,GET /health,GET,200,5.856,True
2026-09-28T15:51:11.083121+00:00,PUT /workflows/{id},PUT,200,75.561,True
2026-09-28T15:51:11.135798+00:00,GET /runs/{id},GET,200,24.592,True
2026-09-28T15:51:11.140287+00:00,GET /runs/{id},GET,200,24.645,True
2026-09-28T15:51:11.138274+00:00,GET /workflows,GET,200,28.662,True
2026-09-28T15:51:11.097210+00:00,PUT /workflows/{id},PUT,200,83.584,True
2026-09-28T15:51:11.156927+00:00,GET /runs/{id}/logs,GET,200,24.945,True
2026-09-28T15:51:11.154927+00:00,GET /runs/{id}/logs,GET,200,28.446,True
2026-09-28T15:51:11.157930+00:00,GET /runs/{id},GET,200,26.195,True
2026-09-28T15:51:11.181213+00:00,GET /health,GET,200,5.013,True
2026-09-28T15:51:11.160927+00:00,GET /runs/{id},GET,200,26.476,True
2026-09-28T15:51:11.184216+00:00,GET /health,GET,200,5.165,True
2026-09-28T15:51:11.186216+00:00,GET /health,GET,200,5.306,True
2026-09-28T15:51:11.166552+00:00,POST /workflows/{id}/validate,POST,200,25.637,True
2026-09-28T15:51:11.164389+00:00,GET /workflows,GET,200,29.650,True
2026-09-28T15:51:11.180208+00:00,GET /workflows/{id},GET,200,16.817,True
2026-09-28T15:51:11.194216+00:00,GET /workflows/{id},GET,200,12.841,True
2026-09-28T15:51:11.187214+00:00,GET /runs/{id},GET,200,21.237,True
2026-09-28T15:51:11.132102+00:00,PUT /workflows/{id},PUT,200,80.666,True
2026-09-28T15:51:11.189214+00:00,GET /runs/{id},GET,200,23.921,True
2026-09-28T15:51:11.197748+00:00,GET /workflows/{id},GET,200,16.119,True
2026-09-28T15:51:11.192222+00:00,GET /runs/{id}/logs,GET,200,23.011,True
2026-09-28T15:51:11.213283+00:00,GET /workflows/{id},GET,200,14.486,True
2026-09-28T15:51:11.207740+00:00,GET /workflows,GET,200,26.454,True
2026-09-28T15:51:11.213283+00:00,POST /workflows/{id}/validate,POST,200,23.551,True
2026-09-28T15:51:11.214600+00:00,GET /runs/{id},GET,200,23.826,True
2026-09-28T15:51:11.207740+00:00,GET /runs/{id},GET,200,30.975,True
2026-09-28T15:51:11.211869+00:00,GET /workflows,GET,200,29.412,True
2026-09-28T15:51:11.227468+00:00,GET /runs/{id}/logs,GET,200,26.019,True
2026-09-28T15:51:11.233410+00:00,GET /runs/{id},GET,200,30.512,True
2026-09-28T15:51:11.235704+00:00,GET /runs/{id},GET,200,35.889,True
2026-09-28T15:51:11.184216+00:00,PUT /workflows/{id},PUT,200,88.413,True
2026-09-28T15:51:11.192222+00:00,PUT /workflows/{id},PUT,500,80.899,False
2026-09-28T15:51:11.238178+00:00,GET /runs/{id}/logs,GET,200,34.868,True
2026-09-28T15:51:11.242185+00:00,GET /workflows,GET,200,31.859,True
2026-09-28T15:51:11.239187+00:00,GET /workflows,GET,200,35.028,True
2026-09-28T15:51:11.254186+00:00,GET /workflows,GET,200,34.440,True
2026-09-28T15:51:11.272815+00:00,GET /workflows/{id},GET,200,23.455,True
2026-09-28T15:51:11.274147+00:00,POST /workflows/{id}/validate,POST,200,24.310,True
2026-09-28T15:51:11.272815+00:00,GET /runs/{id},GET,200,27.334,True
2026-09-28T15:51:11.274147+00:00,GET /runs/{id}/logs,GET,200,28.890,True
2026-09-28T15:51:11.271798+00:00,GET /workflows,GET,200,30.651,True
2026-09-28T15:51:11.272815+00:00,GET /runs/{id},GET,200,36.529,True
2026-09-28T15:51:11.287485+00:00,GET /runs/{id},GET,200,25.861,True
2026-09-28T15:51:11.296539+00:00,GET /runs/{id},GET,200,27.761,True
2026-09-28T15:51:11.309611+00:00,GET /workflows/{id},GET,200,22.122,True
2026-09-28T15:51:11.303048+00:00,GET /workflows,GET,200,29.179,True
2026-09-28T15:51:11.303048+00:00,GET /runs/{id}/logs,GET,200,31.960,True
2026-09-28T15:51:11.298538+00:00,GET /workflows,GET,200,36.876,True
2026-09-28T15:51:11.332227+00:00,GET /health,GET,200,6.649,True
2026-09-28T15:51:11.314627+00:00,GET /runs/{id},GET,200,29.031,True
2026-09-28T15:51:11.264801+00:00,PUT /workflows/{id},PUT,200,83.044,True
2026-09-28T15:51:11.323594+00:00,GET /runs/{id}/logs,GET,200,26.356,True
2026-09-28T15:51:11.335622+00:00,GET /workflows/{id},GET,200,21.135,True
2026-09-28T15:51:11.332227+00:00,POST /workflows/{id}/validate,POST,200,29.293,True
2026-09-28T15:51:11.342811+00:00,GET /agents/catalog,GET,200,18.276,True
2026-09-28T15:51:11.337850+00:00,GET /runs/{id}/logs,GET,200,27.819,True
2026-09-28T15:51:11.334235+00:00,GET /runs/{id}/logs,GET,200,31.878,True
2026-09-28T15:51:11.349835+00:00,GET /agents/catalog,GET,200,21.251,True
2026-09-28T15:51:11.366510+00:00,GET /health,GET,200,8.286,True
2026-09-28T15:51:11.347826+00:00,GET /runs/{id}/logs,GET,200,27.768,True
2026-09-28T15:51:11.356718+00:00,GET /workflows,GET,200,25.248,True
2026-09-28T15:51:11.361235+00:00,GET /runs/{id}/logs,GET,200,24.041,True
2026-09-28T15:51:11.301047+00:00,PUT /workflows/{id},PUT,200,87.555,True
2026-09-28T15:51:11.371541+00:00,GET /workflows/{id},GET,200,19.008,True
2026-09-28T15:51:11.366510+00:00,GET /runs/{id},GET,200,25.779,True
2026-09-28T15:51:11.375541+00:00,GET /workflows/{id},GET,200,19.099,True
2026-09-28T15:51:11.374542+00:00,GET /runs/{id}/logs,GET,200,26.212,True
2026-09-28T15:51:11.382080+00:00,GET /runs/{id}/logs,GET,200,24.246,True
2026-09-28T15:51:11.385648+00:00,GET /workflows,GET,200,25.386,True
2026-09-28T15:51:11.393725+00:00,GET /workflows/{id},GET,200,19.556,True
2026-09-28T15:51:11.388648+00:00,POST /workflows/{id}/validate,POST,200,25.849,True
2026-09-28T15:51:11.390718+00:00,GET /runs/{id},GET,200,27.334,True
2026-09-28T15:51:11.392723+00:00,GET /workflows/{id},GET,200,28.452,True
2026-09-28T15:51:11.406639+00:00,GET /runs/{id}/logs,GET,200,20.820,True
2026-09-28T15:51:11.411005+00:00,GET /workflows,GET,200,26.111,True
2026-09-28T15:51:11.418401+00:00,GET /workflows/{id},GET,200,19.487,True
2026-09-28T15:51:11.437926+00:00,GET /health,GET,200,5.909,True
2026-09-28T15:51:11.421201+00:00,GET /agents/catalog,GET,200,22.943,True
2026-09-28T15:51:11.414245+00:00,GET /workflows,GET,200,30.446,True
2026-09-28T15:51:11.414245+00:00,GET /runs/{id}/logs,GET,200,31.288,True
2026-09-28T15:51:11.361235+00:00,PUT /workflows/{id},PUT,200,94.518,True
2026-09-28T15:51:11.444749+00:00,GET /workflows/{id},GET,200,14.772,True
2026-09-28T15:51:11.427376+00:00,GET /workflows,GET,200,33.517,True
2026-09-28T15:51:11.444062+00:00,GET /runs/{id},GET,200,21.504,True
2026-09-28T15:51:11.445294+00:00,GET /workflows,GET,200,23.098,True
2026-09-28T15:51:11.401130+00:00,PUT /workflows/{id},PUT,200,70.036,True
2026-09-28T15:51:11.456153+00:00,GET /agents/catalog,GET,200,20.906,True
2026-09-28T15:51:11.460146+00:00,GET /runs/{id},GET,200,17.020,True
2026-09-28T15:51:11.459157+00:00,GET /runs/{id},GET,200,19.899,True
2026-09-28T15:51:11.477151+00:00,GET /health,GET,200,4.431,True
2026-09-28T15:51:11.468173+00:00,GET /runs/{id}/logs,GET,200,16.024,True
2026-09-28T15:51:11.471152+00:00,GET /runs/{id},GET,200,19.195,True
2026-09-28T15:51:11.477656+00:00,GET /agents/catalog,GET,200,12.876,True
2026-09-28T15:51:11.481681+00:00,GET /runs/{id},GET,200,15.898,True
2026-09-28T15:51:11.490674+00:00,GET /workflows/{id},GET,200,13.165,True
2026-09-28T15:51:11.490674+00:00,GET /workflows/{id},GET,200,13.178,True
2026-09-28T15:51:11.436648+00:00,PUT /workflows/{id},PUT,200,71.667,True
2026-09-28T15:51:11.444062+00:00,PUT /workflows/{id},PUT,500,65.067,False
2026-09-28T15:51:11.497417+00:00,GET /workflows/{id},GET,200,11.820,True
2026-09-28T15:51:11.503475+00:00,GET /runs/{id},GET,200,21.652,True
2026-09-28T15:51:11.508109+00:00,GET /agents/catalog,GET,200,17.146,True
2026-09-28T15:51:11.509591+00:00,GET /runs/{id},GET,200,19.093,True
2026-09-28T15:51:11.525961+00:00,GET /health,GET,200,4.966,True
2026-09-28T15:51:11.508109+00:00,GET /workflows,GET,200,22.175,True
2026-09-28T15:51:11.465159+00:00,PUT /workflows/{id},PUT,200,70.411,True
2026-09-28T15:51:11.530151+00:00,GET /health,GET,200,8.651,True
2026-09-28T15:51:11.524960+00:00,GET /workflows/{id},GET,200,16.459,True
2026-09-28T15:51:11.531309+00:00,GET /runs/{id},GET,200,23.855,True
2026-09-28T15:51:11.479669+00:00,PUT /workflows/{id},PUT,200,75.986,True
2026-09-28T15:51:11.484673+00:00,PUT /workflows/{id},PUT,500,77.673,False
2026-09-28T15:51:11.535731+00:00,GET /runs/{id}/logs,GET,200,27.081,True
2026-09-28T15:51:11.541570+00:00,GET /workflows,GET,200,22.182,True
2026-09-28T15:51:11.539556+00:00,GET /workflows/{id},GET,200,25.082,True
2026-09-28T15:51:11.555339+00:00,GET /workflows/{id},GET,200,19.568,True
2026-09-28T15:51:11.561881+00:00,GET /workflows/{id},GET,200,22.918,True
2026-09-28T15:51:11.554813+00:00,GET /runs/{id},GET,200,35.397,True
2026-09-28T15:51:11.503475+00:00,PUT /workflows/{id},PUT,200,86.553,True
2026-09-28T15:51:11.562881+00:00,GET /workflows,GET,200,31.111,True
2026-09-28T15:51:11.563652+00:00,GET /runs/{id},GET,200,30.582,True
2026-09-28T15:51:11.564660+00:00,GET /runs/{id},GET,200,36.348,True
2026-09-28T15:51:11.574830+00:00,GET /runs/{id}/logs,GET,200,31.152,True
2026-09-28T15:51:11.605700+00:00,GET /health,GET,200,6.333,True
2026-09-28T15:51:11.590455+00:00,GET /workflows/{id},GET,200,22.556,True
2026-09-28T15:51:11.585227+00:00,GET /runs/{id},GET,200,28.578,True
2026-09-28T15:51:11.594506+00:00,GET /agents/catalog,GET,200,25.561,True
2026-09-28T15:51:11.612661+00:00,GET /health,GET,200,8.377,True
2026-09-28T15:51:11.590455+00:00,GET /workflows,GET,200,30.915,True
2026-09-28T15:51:11.528151+00:00,PUT /workflows/{id},PUT,200,93.821,True
2026-09-28T15:51:11.600701+00:00,GET /runs/{id},GET,200,24.799,True
2026-09-28T15:51:11.594506+00:00,GET /runs/{id},GET,200,32.265,True
2026-09-28T15:51:11.612661+00:00,GET /workflows/{id},GET,200,22.852,True
2026-09-28T15:51:11.612661+00:00,GET /runs/{id},GET,200,33.760,True
2026-09-28T15:51:11.620582+00:00,GET /agents/catalog,GET,200,26.741,True
2026-09-28T15:51:11.622076+00:00,GET /workflows/{id},GET,200,26.163,True
2026-09-28T15:51:11.620582+00:00,GET /workflows/{id},GET,200,27.555,True
2026-09-28T15:51:11.626829+00:00,GET /runs/{id}/logs,GET,200,25.557,True
2026-09-28T15:51:11.619124+00:00,GET /workflows,GET,200,32.398,True
2026-09-28T15:51:11.625562+00:00,GET /runs/{id}/logs,GET,200,27.388,True
2026-09-28T15:51:11.635412+00:00,GET /runs/{id}/logs,GET,200,23.708,True
2026-09-28T15:51:11.651962+00:00,GET /workflows/{id},GET,200,19.058,True
2026-09-28T15:51:11.646955+00:00,GET /runs/{id},GET,200,29.160,True
2026-09-28T15:51:11.647954+00:00,GET /workflows,GET,200,31.202,True
2026-09-28T15:51:11.648956+00:00,GET /runs/{id},GET,200,30.686,True
2026-09-28T15:51:11.647954+00:00,GET /workflows,GET,200,31.911,True
2026-09-28T15:51:11.652956+00:00,GET /workflows,GET,200,29.583,True
2026-09-28T15:51:11.651962+00:00,GET /runs/{id},GET,200,32.539,True
2026-09-28T15:51:11.670989+00:00,GET /workflows/{id},GET,200,16.695,True
2026-09-28T15:51:11.678977+00:00,GET /agents/catalog,GET,200,15.788,True
2026-09-28T15:51:11.679977+00:00,GET /runs/{id}/logs,GET,200,22.970,True
2026-09-28T15:51:11.679977+00:00,GET /runs/{id},GET,200,23.878,True
2026-09-28T15:51:11.681998+00:00,GET /runs/{id}/logs,GET,200,23.116,True
2026-09-28T15:51:11.684976+00:00,GET /workflows,GET,200,21.905,True
2026-09-28T15:51:11.687980+00:00,GET /runs/{id},GET,200,21.317,True
2026-09-28T15:51:11.694272+00:00,GET /runs/{id},GET,200,24.088,True
2026-09-28T15:51:11.702842+00:00,GET /workflows/{id},GET,200,20.145,True
2026-09-28T15:51:11.718546+00:00,GET /health,GET,200,5.239,True
2026-09-28T15:51:11.706850+00:00,GET /runs/{id}/logs,GET,200,25.662,True
2026-09-28T15:51:11.708487+00:00,GET /runs/{id}/logs,GET,200,25.417,True
2026-09-28T15:51:11.703850+00:00,GET /workflows,GET,200,31.546,True
2026-09-28T15:51:11.658967+00:00,PUT /workflows/{id},PUT,200,78.805,True
2026-09-28T15:51:11.734682+00:00,GET /health,GET,200,6.567,True
2026-09-28T15:51:11.724432+00:00,POST /workflows/{id}/validate,POST,200,23.517,True
2026-09-28T15:51:11.723426+00:00,GET /workflows,GET,200,26.696,True
2026-09-28T15:51:11.732279+00:00,GET /runs/{id},GET,200,19.994,True
2026-09-28T15:51:11.740309+00:00,GET /workflows/{id},GET,200,15.683,True
2026-09-28T15:51:11.675984+00:00,PUT /workflows/{id},PUT,200,84.941,True
2026-09-28T15:51:11.737795+00:00,GET /workflows,GET,200,27.358,True
2026-09-28T15:51:11.761875+00:00,GET /health,GET,200,5.658,True
2026-09-28T15:51:11.749868+00:00,GET /workflows/{id},GET,200,19.835,True
2026-09-28T15:51:11.746804+00:00,GET /runs/{id},GET,200,24.972,True
2026-09-28T15:51:11.756876+00:00,GET /agents/catalog,GET,200,17.574,True
2026-09-28T15:51:11.752875+00:00,GET /runs/{id},GET,200,23.022,True
2026-09-28T15:51:11.705855+00:00,PUT /workflows/{id},PUT,200,75.217,True
2026-09-28T15:51:11.765384+00:00,POST /workflows/{id}/validate,POST,200,21.524,True
2026-09-28T15:51:11.767387+00:00,GET /runs/{id}/logs,GET,200,24.070,True
2026-09-28T15:51:11.770213+00:00,GET /workflows,GET,200,31.550,True
2026-09-28T15:51:11.780910+00:00,GET /workflows/{id},GET,200,21.223,True
2026-09-28T15:51:11.772810+00:00,GET /runs/{id}/logs,GET,200,30.763,True
2026-09-28T15:51:11.775809+00:00,GET /runs/{id}/logs,GET,200,27.944,True
2026-09-28T15:51:11.774810+00:00,GET /runs/{id},GET,200,31.579,True
2026-09-28T15:51:11.801485+00:00,GET /health,GET,200,6.897,True
2026-09-28T15:51:11.786487+00:00,GET /runs/{id}/logs,GET,200,27.376,True
2026-09-28T15:51:11.734682+00:00,PUT /workflows/{id},PUT,200,84.862,True
2026-09-28T15:51:11.803731+00:00,POST /workflows/{id}/validate,POST,200,22.624,True
2026-09-28T15:51:11.801485+00:00,GET /runs/{id}/logs,GET,200,26.220,True
2026-09-28T15:51:11.809026+00:00,GET /runs/{id}/logs,GET,200,22.305,True
2026-09-28T15:51:11.805737+00:00,GET /runs/{id}/logs,GET,200,25.678,True
2026-09-28T15:51:11.814075+00:00,GET /workflows,GET,200,25.963,True
2026-09-28T15:51:11.831409+00:00,GET /agents/catalog,GET,200,18.868,True
2026-09-28T15:51:11.826325+00:00,GET /runs/{id}/logs,GET,200,27.049,True
2026-09-28T15:51:11.828153+00:00,GET /runs/{id}/logs,GET,200,30.934,True
2026-09-28T15:51:11.819587+00:00,PUT /workflows/{id},PUT,200,41.144,True
2026-09-28T15:51:11.831409+00:00,GET /workflows,GET,200,36.277,True
2026-09-28T15:51:11.852461+00:00,GET /workflows/{id},GET,200,19.987,True
2026-09-28T15:51:11.840441+00:00,GET /runs/{id},GET,200,33.192,True
2026-09-28T15:51:11.867460+00:00,GET /health,GET,200,6.503,True
2026-09-28T15:51:11.858469+00:00,GET /workflows/{id},GET,200,18.158,True
2026-09-28T15:51:11.791485+00:00,PUT /workflows/{id},PUT,200,86.861,True
2026-09-28T15:51:11.850449+00:00,GET /workflows,GET,200,33.210,True
2026-09-28T15:51:11.803731+00:00,PUT /workflows/{id},PUT,500,80.988,False
2026-09-28T15:51:11.873957+00:00,GET /health,GET,200,10.755,True
2026-09-28T15:51:11.860455+00:00,GET /workflows,GET,200,25.169,True
2026-09-28T15:51:11.872941+00:00,GET /workflows/{id},GET,200,24.002,True
2026-09-28T15:51:11.873957+00:00,POST /workflows/{id}/validate,POST,200,27.726,True
2026-09-28T15:51:11.876962+00:00,GET /workflows,GET,200,32.877,True
2026-09-28T15:51:11.884955+00:00,GET /runs/{id},GET,200,28.304,True
2026-09-28T15:51:11.883960+00:00,POST /workflows/{id}/validate,POST,200,29.965,True
2026-09-28T15:51:11.885977+00:00,GET /workflows,GET,200,30.498,True
2026-09-28T15:51:11.910148+00:00,GET /health,GET,200,9.083,True
2026-09-28T15:51:11.883960+00:00,GET /runs/{id},GET,200,37.685,True
2026-09-28T15:51:11.897058+00:00,GET /workflows/{id},GET,200,25.777,True
2026-09-28T15:51:11.913488+00:00,GET /workflows/{id},GET,200,18.095,True
2026-09-28T15:51:11.877978+00:00,PUT /workflows/{id},PUT,200,54.275,True
2026-09-28T15:51:11.918878+00:00,GET /workflows/{id},GET,200,20.236,True
2026-09-28T15:51:11.913488+00:00,GET /workflows,GET,200,29.562,True
2026-09-28T15:51:11.922234+00:00,GET /workflows,GET,200,22.075,True
2026-09-28T15:51:11.922234+00:00,GET /runs/{id}/logs,GET,200,25.959,True
2026-09-28T15:51:11.931831+00:00,POST /workflows/{id}/validate,POST,200,28.232,True
2026-09-28T15:51:11.939175+00:00,GET /workflows/{id},GET,200,26.620,True
2026-09-28T15:51:11.942997+00:00,GET /workflows,GET,200,33.775,True
2026-09-28T15:51:11.932338+00:00,PUT /workflows/{id},PUT,200,45.990,True
2026-09-28T15:51:11.944554+00:00,GET /runs/{id}/logs,GET,200,36.250,True
2026-09-28T15:51:11.948798+00:00,GET /runs/{id},GET,200,32.326,True
2026-09-28T15:51:11.976771+00:00,GET /health,GET,200,7.590,True
2026-09-28T15:51:11.901057+00:00,PUT /workflows/{id},PUT,200,93.229,True
2026-09-28T15:51:11.916013+00:00,PUT /workflows/{id},PUT,500,78.312,False
2026-09-28T15:51:11.960546+00:00,GET /runs/{id},GET,200,35.113,True
2026-09-28T15:51:11.980970+00:00,GET /workflows/{id},GET,200,19.712,True
2026-09-28T15:51:11.984119+00:00,GET /workflows/{id},GET,200,18.570,True
2026-09-28T15:51:11.978348+00:00,POST /workflows/{id}/validate,POST,200,27.619,True
2026-09-28T15:51:11.981496+00:00,GET /runs/{id},GET,200,26.499,True
2026-09-28T15:51:11.994650+00:00,GET /agents/catalog,GET,200,18.310,True
2026-09-28T15:51:11.995650+00:00,GET /runs/{id},GET,200,21.267,True
2026-09-28T15:51:12.000656+00:00,GET /workflows,GET,200,23.718,True
2026-09-28T15:51:12.002648+00:00,GET /runs/{id},GET,200,25.448,True
2026-09-28T15:51:12.006162+00:00,GET /runs/{id},GET,200,27.634,True
2026-09-28T15:51:11.994650+00:00,GET /agents/catalog,GET,200,43.286,True
2026-09-28T15:51:12.013189+00:00,GET /runs/{id}/logs,GET,200,29.210,True
2026-09-28T15:51:12.007168+00:00,GET /workflows,GET,200,36.690,True
2026-09-28T15:51:12.023394+00:00,GET /agents/catalog,GET,200,20.515,True
2026-09-28T15:51:12.016189+00:00,GET /runs/{id},GET,200,29.579,True
2026-09-28T15:51:12.046380+00:00,GET /health,GET,200,4.018,True
2026-09-28T15:51:11.965760+00:00,PUT /workflows/{id},PUT,200,85.029,True
2026-09-28T15:51:12.037866+00:00,GET /runs/{id}/logs,GET,200,20.657,True
2026-09-28T15:51:12.041865+00:00,GET /workflows,GET,200,22.710,True
2026-09-28T15:51:12.044369+00:00,GET /workflows,GET,200,24.988,True
2026-09-28T15:51:12.044369+00:00,GET /runs/{id},GET,200,25.503,True
2026-09-28T15:51:12.064825+00:00,GET /health,GET,200,5.170,True
2026-09-28T15:51:12.050313+00:00,GET /workflows,GET,200,21.994,True
2026-09-28T15:51:12.050313+00:00,GET /runs/{id}/logs,GET,200,21.689,True
2026-09-28T15:51:12.069827+00:00,GET /health,GET,200,3.484,True
2026-09-28T15:51:12.072825+00:00,GET /health,GET,200,4.780,True
2026-09-28T15:51:12.059186+00:00,GET /runs/{id},GET,200,20.614,True
2026-09-28T15:51:12.069827+00:00,GET /agents/catalog,GET,200,19.064,True
2026-09-28T15:51:12.072825+00:00,GET /agents/catalog,GET,200,20.703,True
2026-09-28T15:51:12.069827+00:00,GET /workflows,GET,200,31.030,True
2026-09-28T15:51:12.071833+00:00,GET /runs/{id},GET,200,29.682,True
2026-09-28T15:51:12.079823+00:00,GET /workflows/{id},GET,200,23.646,True
2026-09-28T15:51:12.077826+00:00,GET /workflows,GET,200,33.664,True
2026-09-28T15:51:12.093360+00:00,GET /runs/{id}/logs,GET,200,28.295,True
2026-09-28T15:51:12.033859+00:00,PUT /workflows/{id},PUT,500,88.142,False
2026-09-28T15:51:12.027907+00:00,PUT /workflows/{id},PUT,200,94.147,True
2026-09-28T15:51:12.089352+00:00,GET /workflows,GET,200,33.928,True
2026-09-28T15:51:12.121211+00:00,GET /health,GET,200,7.825,True
2026-09-28T15:51:12.122660+00:00,GET /health,GET,200,6.577,True
2026-09-28T15:51:12.102807+00:00,GET /runs/{id}/logs,GET,200,33.443,True
2026-09-28T15:51:12.100363+00:00,GET /runs/{id}/logs,GET,200,39.573,True
2026-09-28T15:51:12.101353+00:00,GET /runs/{id},GET,200,39.217,True
2026-09-28T15:51:12.111435+00:00,GET /runs/{id},GET,200,33.789,True
2026-09-28T15:51:12.122660+00:00,GET /agents/catalog,GET,200,23.806,True
2026-09-28T15:51:12.129207+00:00,GET /runs/{id},GET,200,21.819,True
2026-09-28T15:51:12.129207+00:00,GET /agents/catalog,GET,200,22.637,True
2026-09-28T15:51:12.121211+00:00,GET /runs/{id}/logs,GET,200,30.354,True
2026-09-28T15:51:12.140240+00:00,GET /workflows/{id},GET,200,16.037,True
2026-09-28T15:51:12.140240+00:00,GET /runs/{id}/logs,GET,200,22.020,True
2026-09-28T15:51:12.144758+00:00,GET /agents/catalog,GET,200,20.505,True
2026-09-28T15:51:12.145760+00:00,GET /workflows/{id},GET,200,19.794,True
2026-09-28T15:51:12.151760+00:00,POST /workflows/{id}/validate,POST,200,19.436,True
2026-09-28T15:51:12.151760+00:00,GET /workflows/{id},GET,200,19.423,True
2026-09-28T15:51:12.165271+00:00,GET /health,GET,200,6.860,True
2026-09-28T15:51:12.151760+00:00,POST /workflows/{id}/validate,POST,200,22.451,True
2026-09-28T15:51:12.163270+00:00,GET /workflows/{id},GET,200,15.628,True
2026-09-28T15:51:12.156760+00:00,GET /runs/{id},GET,200,22.657,True
2026-09-28T15:51:12.171038+00:00,GET /workflows/{id},GET,200,16.801,True
2026-09-28T15:51:12.171038+00:00,GET /runs/{id}/logs,GET,200,21.400,True
2026-09-28T15:51:12.173037+00:00,GET /runs/{id}/logs,GET,200,24.382,True
2026-09-28T15:51:12.178833+00:00,GET /runs/{id},GET,200,19.181,True
2026-09-28T15:51:12.175046+00:00,GET /runs/{id}/logs,GET,200,24.434,True
2026-09-28T15:51:12.135988+00:00,PUT /workflows/{id},PUT,200,71.415,True
2026-09-28T15:51:12.193070+00:00,GET /runs/{id}/logs,GET,200,16.978,True
2026-09-28T15:51:12.197068+00:00,GET /workflows/{id},GET,200,13.339,True
2026-09-28T15:51:12.198069+00:00,GET /workflows,GET,200,17.979,True
2026-09-28T15:51:12.199068+00:00,GET /runs/{id},GET,200,17.742,True
2026-09-28T15:51:12.208333+00:00,GET /workflows/{id},GET,200,13.516,True
2026-09-28T15:51:12.209334+00:00,GET /workflows/{id},GET,200,12.320,True
2026-09-28T15:51:12.221581+00:00,GET /health,GET,200,6.185,True
2026-09-28T15:51:12.216500+00:00,GET /runs/{id}/logs,GET,200,23.918,True
2026-09-28T15:51:12.216500+00:00,GET /runs/{id},GET,200,25.395,True
2026-09-28T15:51:12.165271+00:00,PUT /workflows/{id},PUT,200,79.592,True
2026-09-28T15:51:12.221581+00:00,GET /runs/{id}/logs,GET,200,28.005,True
2026-09-28T15:51:12.228044+00:00,GET /runs/{id}/logs,GET,200,27.139,True
2026-09-28T15:51:12.249724+00:00,GET /health,GET,200,5.775,True
2026-09-28T15:51:12.178833+00:00,PUT /workflows/{id},PUT,200,80.330,True
2026-09-28T15:51:12.254727+00:00,GET /health,GET,200,10.109,True
2026-09-28T15:51:12.187955+00:00,PUT /workflows/{id},PUT,500,77.890,False
2026-09-28T15:51:12.241700+00:00,GET /workflows,GET,200,25.117,True
2026-09-28T15:51:12.240484+00:00,GET /workflows,GET,200,27.568,True
2026-09-28T15:51:12.245734+00:00,GET /agents/catalog,GET,200,26.391,True
2026-09-28T15:51:12.266766+00:00,GET /health,GET,200,6.572,True
2026-09-28T15:51:12.255725+00:00,GET /runs/{id}/logs,GET,200,28.146,True
2026-09-28T15:51:12.258727+00:00,GET /workflows/{id},GET,200,28.070,True
2026-09-28T15:51:12.271899+00:00,GET /workflows/{id},GET,200,17.757,True
2026-09-28T15:51:12.264724+00:00,GET /runs/{id},GET,200,25.583,True
2026-09-28T15:51:12.210766+00:00,PUT /workflows/{id},PUT,200,82.592,True
2026-09-28T15:51:12.265725+00:00,GET /runs/{id},GET,200,27.836,True
2026-09-28T15:51:12.289452+00:00,GET /health,GET,200,5.071,True
2026-09-28T15:51:12.273907+00:00,GET /runs/{id},GET,200,21.912,True
2026-09-28T15:51:12.283935+00:00,GET /workflows,GET,200,22.362,True
2026-09-28T15:51:12.292941+00:00,POST /workflows/{id}/validate,POST,200,16.916,True
2026-09-28T15:51:12.292941+00:00,GET /runs/{id}/logs,GET,200,21.611,True
2026-09-28T15:51:12.294942+00:00,GET /runs/{id},GET,200,19.959,True
2026-09-28T15:51:12.295942+00:00,GET /workflows,GET,200,21.873,True
2026-09-28T15:51:12.305994+00:00,GET /workflows,GET,200,23.254,True
2026-09-28T15:51:12.310474+00:00,GET /runs/{id},GET,200,22.921,True
2026-09-28T15:51:12.267885+00:00,PUT /workflows/{id},PUT,200,70.376,True
2026-09-28T15:51:12.314566+00:00,GET /workflows,GET,200,23.827,True
2026-09-28T15:51:12.329518+00:00,GET /health,GET,200,9.275,True
2026-09-28T15:51:12.318156+00:00,POST /workflows/{id}/validate,POST,200,22.061,True
2026-09-28T15:51:12.314566+00:00,GET /runs/{id},GET,200,26.675,True
2026-09-28T15:51:12.341570+00:00,GET /health,GET,200,5.044,True
2026-09-28T15:51:12.346106+00:00,GET /health,GET,200,3.746,True
2026-09-28T15:51:12.338564+00:00,GET /workflows,GET,200,22.684,True
2026-09-28T15:51:12.338564+00:00,GET /runs/{id},GET,200,22.494,True
2026-09-28T15:51:12.287446+00:00,PUT /workflows/{id},PUT,200,75.151,True
2026-09-28T15:51:12.338564+00:00,GET /runs/{id}/logs,GET,200,24.407,True
2026-09-28T15:51:12.339571+00:00,GET /runs/{id},GET,200,23.389,True
2026-09-28T15:51:12.290936+00:00,PUT /workflows/{id},PUT,500,74.990,False
2026-09-28T15:51:12.365731+00:00,GET /workflows,GET,0,0.794,False
2026-09-28T15:51:12.362732+00:00,GET /workflows/{id},GET,200,19.221,True
2026-09-28T15:51:12.361733+00:00,GET /runs/{id}/logs,GET,200,22.132,True
2026-09-28T15:51:12.362732+00:00,GET /workflows,GET,200,26.200,True
2026-09-28T15:51:12.360740+00:00,GET /workflows,GET,200,29.885,True
2026-09-28T15:51:12.362732+00:00,GET /workflows,GET,200,29.221,True
2026-09-28T15:51:12.383965+00:00,GET /workflows/{id},GET,200,16.568,True
2026-09-28T15:51:12.388804+00:00,GET /workflows/{id},GET,200,19.113,True
2026-09-28T15:51:12.381797+00:00,GET /workflows,GET,200,33.330,True
2026-09-28T15:51:12.390966+00:00,GET /runs/{id}/logs,GET,200,28.843,True
2026-09-28T15:51:12.366737+00:00,GET /runs/{id}/logs,GET,200,54.028,True
2026-09-28T15:51:12.332802+00:00,PUT /workflows/{id},PUT,200,90.128,True
2026-09-28T15:51:12.350106+00:00,PUT /workflows/{id},PUT,500,81.203,False
2026-09-28T15:51:12.399723+00:00,GET /runs/{id},GET,200,32.982,True
2026-09-28T15:51:12.408239+00:00,GET /runs/{id}/logs,GET,200,25.857,True
2026-09-28T15:51:12.414020+00:00,GET /workflows/{id},GET,200,21.347,True
2026-09-28T15:51:12.433121+00:00,GET /health,GET,200,6.466,True
2026-09-28T15:51:12.423417+00:00,GET /workflows/{id},GET,200,24.261,True
2026-09-28T15:51:12.420710+00:00,GET /runs/{id}/logs,GET,200,32.750,True
2026-09-28T15:51:12.433121+00:00,GET /workflows/{id},GET,200,24.341,True
2026-09-28T15:51:12.420147+00:00,GET /runs/{id},GET,200,38.318,True
2026-09-28T15:51:12.440416+00:00,GET /agents/catalog,GET,200,30.479,True
2026-09-28T15:51:12.431604+00:00,GET /workflows,GET,200,39.646,True
2026-09-28T15:51:12.436445+00:00,GET /runs/{id},GET,200,39.040,True
2026-09-28T15:51:12.392708+00:00,PUT /workflows/{id},PUT,200,89.028,True
2026-09-28T15:51:12.447422+00:00,GET /runs/{id}/logs,GET,200,34.916,True
2026-09-28T15:51:12.453693+00:00,GET /runs/{id},GET,200,35.061,True
2026-09-28T15:51:12.458189+00:00,GET /workflows,GET,200,30.432,True
2026-09-28T15:51:12.457656+00:00,GET /runs/{id},GET,200,31.397,True
2026-09-28T15:51:12.488917+00:00,GET /health,GET,200,4.268,True
2026-09-28T15:51:12.475241+00:00,GET /runs/{id},GET,200,19.140,True
2026-09-28T15:51:12.471530+00:00,GET /runs/{id},GET,200,23.662,True
2026-09-28T15:51:12.493949+00:00,GET /health,GET,200,3.844,True
2026-09-28T15:51:12.481303+00:00,GET /workflows,GET,200,19.544,True
2026-09-28T15:51:12.487926+00:00,GET /workflows/{id},GET,200,14.658,True
2026-09-28T15:51:12.494928+00:00,GET /workflows/{id},GET,200,11.928,True
2026-09-28T15:51:12.492925+00:00,GET /runs/{id}/logs,GET,200,21.307,True
2026-09-28T15:51:12.497920+00:00,GET /workflows,GET,200,19.930,True
2026-09-28T15:51:12.501479+00:00,GET /runs/{id},GET,200,17.766,True
2026-09-28T15:51:12.506493+00:00,GET /workflows/{id},GET,200,15.762,True
2026-09-28T15:51:12.502993+00:00,POST /workflows/{id}/validate,POST,200,23.030,True
2026-09-28T15:51:12.514015+00:00,GET /runs/{id}/logs,GET,200,24.724,True
2026-09-28T15:51:12.517731+00:00,GET /runs/{id}/logs,GET,200,23.327,True
2026-09-28T15:51:12.518732+00:00,GET /runs/{id},GET,200,27.967,True
2026-09-28T15:51:12.522771+00:00,GET /runs/{id}/logs,GET,200,28.693,True
2026-09-28T15:51:12.525798+00:00,GET /workflows,GET,200,32.267,True
2026-09-28T15:51:12.471004+00:00,PUT /workflows/{id},PUT,200,97.365,True
2026-09-28T15:51:12.482289+00:00,PUT /workflows/{id},PUT,500,86.280,False
2026-09-28T15:51:12.538064+00:00,GET /workflows,GET,200,31.498,True
2026-09-28T15:51:12.546632+00:00,GET /workflows/{id},GET,200,24.226,True
2026-09-28T15:51:12.488917+00:00,PUT /workflows/{id},PUT,200,82.629,True
2026-09-28T15:51:12.541558+00:00,GET /runs/{id},GET,200,30.642,True
2026-09-28T15:51:12.551630+00:00,GET /runs/{id},GET,200,26.054,True
2026-09-28T15:51:12.570636+00:00,GET /health,GET,200,7.345,True
2026-09-28T15:51:12.558631+00:00,GET /workflows/{id},GET,200,22.719,True
2026-09-28T15:51:12.570636+00:00,GET /agents/catalog,GET,200,17.414,True
2026-09-28T15:51:12.568638+00:00,GET /runs/{id}/logs,GET,200,26.742,True
2026-09-28T15:51:12.577638+00:00,GET /workflows/{id},GET,200,18.374,True
2026-09-28T15:51:12.577638+00:00,GET /workflows/{id},GET,200,18.174,True
2026-09-28T15:51:12.571636+00:00,GET /runs/{id},GET,200,24.859,True
2026-09-28T15:51:12.580753+00:00,GET /workflows/{id},GET,200,16.436,True
2026-09-28T15:51:12.568638+00:00,PUT /workflows/{id},PUT,200,33.556,True
2026-09-28T15:51:12.594472+00:00,GET /workflows/{id},GET,200,13.846,True
2026-09-28T15:51:12.596450+00:00,GET /runs/{id},GET,200,18.848,True
2026-09-28T15:51:12.596450+00:00,GET /runs/{id}/logs,GET,200,20.449,True
2026-09-28T15:51:12.595452+00:00,GET /runs/{id},GET,200,24.324,True
2026-09-28T15:51:12.602916+00:00,POST /workflows/{id}/validate,POST,200,19.105,True
2026-09-28T15:51:12.597910+00:00,POST /workflows/{id}/validate,POST,200,25.333,True
2026-09-28T15:51:12.608917+00:00,POST /workflows/{id}/validate,POST,200,24.992,True
2026-09-28T15:51:12.619869+00:00,GET /workflows/{id},GET,200,19.544,True
2026-09-28T15:51:12.622090+00:00,GET /workflows/{id},GET,200,19.891,True
2026-09-28T15:51:12.621190+00:00,GET /runs/{id},GET,200,24.808,True
2026-09-28T15:51:12.616137+00:00,GET /runs/{id},GET,200,32.046,True
2026-09-28T15:51:12.642771+00:00,GET /health,GET,200,6.182,True
2026-09-28T15:51:12.572638+00:00,PUT /workflows/{id},PUT,200,86.064,True
2026-09-28T15:51:12.639057+00:00,GET /workflows/{id},GET,200,18.935,True
2026-09-28T15:51:12.633151+00:00,GET /agents/catalog,GET,200,27.728,True
2026-09-28T15:51:12.588788+00:00,PUT /workflows/{id},PUT,200,84.384,True
2026-09-28T15:51:12.648785+00:00,GET /workflows,GET,200,27.731,True
2026-09-28T15:51:12.646444+00:00,GET /workflows,GET,200,30.248,True
2026-09-28T15:51:12.648785+00:00,GET /runs/{id},GET,200,32.277,True
2026-09-28T15:51:12.658733+00:00,GET /workflows,GET,200,33.874,True
2026-09-28T15:51:12.658733+00:00,GET /runs/{id},GET,200,36.173,True
2026-09-28T15:51:12.661666+00:00,POST /workflows/{id}/validate,POST,200,35.945,True
2026-09-28T15:51:12.676483+00:00,GET /runs/{id},GET,200,30.870,True
2026-09-28T15:51:12.672483+00:00,GET /runs/{id},GET,200,35.438,True
2026-09-28T15:51:12.615139+00:00,PUT /workflows/{id},PUT,200,95.177,True
2026-09-28T15:51:12.676483+00:00,GET /runs/{id},GET,200,34.237,True
2026-09-28T15:51:12.681481+00:00,POST /workflows/{id}/validate,POST,200,30.050,True
2026-09-28T15:51:12.697594+00:00,GET /runs/{id}/logs,GET,200,22.932,True
2026-09-28T15:51:12.694597+00:00,GET /workflows,GET,200,30.530,True
2026-09-28T15:51:12.725040+00:00,GET /health,GET,200,5.195,True
2026-09-28T15:51:12.710253+00:00,GET /workflows/{id},GET,200,20.238,True
2026-09-28T15:51:12.711261+00:00,GET /workflows/{id},GET,200,20.911,True
2026-09-28T15:51:12.707124+00:00,GET /runs/{id}/logs,GET,200,28.031,True
2026-09-28T15:51:12.729997+00:00,GET /health,GET,200,5.421,True
2026-09-28T15:51:12.711261+00:00,GET /runs/{id}/logs,GET,200,24.854,True
2026-09-28T15:51:12.719844+00:00,GET /workflows/{id},GET,200,16.426,True
2026-09-28T15:51:12.737027+00:00,GET /health,GET,200,3.997,True
2026-09-28T15:51:12.730998+00:00,GET /workflows/{id},GET,200,19.367,True
2026-09-28T15:51:12.736027+00:00,GET /runs/{id}/logs,GET,200,25.708,True
2026-09-28T15:51:12.735008+00:00,GET /workflows,GET,200,31.732,True
2026-09-28T15:51:12.736027+00:00,GET /runs/{id}/logs,GET,200,30.837,True
2026-09-28T15:51:12.766167+00:00,GET /health,GET,200,8.646,True
2026-09-28T15:51:12.741139+00:00,POST /workflows/{id}/validate,POST,200,41.648,True
2026-09-28T15:51:12.692595+00:00,PUT /workflows/{id},PUT,200,94.377,True
2026-09-28T15:51:12.749888+00:00,GET /runs/{id}/logs,GET,200,52.333,True
2026-09-28T15:51:12.761159+00:00,POST /workflows/{id}/validate,POST,200,41.431,True
2026-09-28T15:51:12.767514+00:00,GET /agents/catalog,GET,200,35.928,True
2026-09-28T15:51:12.775411+00:00,GET /runs/{id}/logs,GET,200,33.869,True
2026-09-28T15:51:12.708113+00:00,PUT /workflows/{id},PUT,200,109.247,True
2026-09-28T15:51:12.782974+00:00,GET /runs/{id},GET,200,40.885,True
2026-09-28T15:51:12.786326+00:00,GET /workflows,GET,200,37.049,True
2026-09-28T15:51:12.802346+00:00,GET /runs/{id},GET,200,31.750,True
2026-09-28T15:51:12.803346+00:00,GET /runs/{id}/logs,GET,200,31.393,True
2026-09-28T15:51:12.802346+00:00,GET /workflows,GET,200,35.458,True
2026-09-28T15:51:12.731998+00:00,PUT /workflows/{id},PUT,200,106.814,True
2026-09-28T15:51:12.809344+00:00,GET /runs/{id}/logs,GET,200,32.377,True
2026-09-28T15:51:12.823344+00:00,GET /workflows/{id},GET,200,20.169,True
2026-09-28T15:51:12.837982+00:00,GET /health,GET,200,7.212,True
2026-09-28T15:51:12.817347+00:00,GET /runs/{id}/logs,GET,200,30.363,True
2026-09-28T15:51:12.823344+00:00,GET /runs/{id}/logs,GET,200,26.044,True
2026-09-28T15:51:12.838984+00:00,GET /workflows/{id},GET,200,20.111,True
2026-09-28T15:51:12.834502+00:00,GET /runs/{id},GET,200,28.971,True
2026-09-28T15:51:12.834502+00:00,GET /runs/{id},GET,200,31.580,True
2026-09-28T15:51:12.841984+00:00,GET /runs/{id},GET,200,25.152,True
2026-09-28T15:51:12.844981+00:00,GET /runs/{id}/logs,GET,200,24.092,True
2026-09-28T15:51:12.866007+00:00,GET /health,GET,200,6.356,True
2026-09-28T15:51:12.843997+00:00,GET /runs/{id},GET,200,30.320,True
2026-09-28T15:51:12.849502+00:00,GET /workflows,GET,200,24.954,True
2026-09-28T15:51:12.858496+00:00,GET /runs/{id},GET,200,24.314,True
2026-09-28T15:51:12.867005+00:00,GET /runs/{id},GET,200,20.974,True
2026-09-28T15:51:12.863018+00:00,GET /runs/{id},GET,200,24.962,True
2026-09-28T15:51:12.872013+00:00,GET /workflows/{id},GET,200,19.098,True
2026-09-28T15:51:12.870007+00:00,GET /workflows/{id},GET,200,22.129,True
2026-09-28T15:51:12.892041+00:00,GET /health,GET,200,4.262,True
2026-09-28T15:51:12.874007+00:00,GET /runs/{id}/logs,GET,200,21.937,True
2026-09-28T15:51:12.874007+00:00,POST /workflows/{id}/validate,POST,200,23.808,True
2026-09-28T15:51:12.883018+00:00,GET /workflows/{id},GET,200,18.330,True
2026-09-28T15:51:12.888028+00:00,GET /workflows/{id},GET,200,19.146,True
2026-09-28T15:51:12.888028+00:00,GET /workflows/{id},GET,200,22.450,True
2026-09-28T15:51:12.891031+00:00,GET /workflows,GET,200,25.866,True
2026-09-28T15:51:12.916697+00:00,GET /health,GET,200,7.438,True
2026-09-28T15:51:12.896038+00:00,GET /runs/{id},GET,200,29.642,True
2026-09-28T15:51:12.896038+00:00,GET /runs/{id},GET,200,30.282,True
2026-09-28T15:51:12.901036+00:00,GET /runs/{id}/logs,GET,200,29.279,True
2026-09-28T15:51:12.847502+00:00,PUT /workflows/{id},PUT,200,87.167,True
2026-09-28T15:51:12.910612+00:00,GET /workflows,GET,200,25.095,True
2026-09-28T15:51:12.907618+00:00,GET /runs/{id},GET,200,35.742,True
2026-09-28T15:51:12.926233+00:00,GET /workflows/{id},GET,200,22.381,True
2026-09-28T15:51:12.934598+00:00,GET /runs/{id}/logs,GET,200,21.089,True
2026-09-28T15:51:12.926233+00:00,GET /workflows,GET,200,30.189,True
2026-09-28T15:51:12.930483+00:00,GET /runs/{id},GET,200,26.176,True
2026-09-28T15:51:12.924376+00:00,GET /runs/{id},GET,200,35.975,True
2026-09-28T15:51:12.942633+00:00,GET /agents/catalog,GET,200,18.022,True
2026-09-28T15:51:12.948647+00:00,GET /workflows/{id},GET,200,13.024,True
2026-09-28T15:51:12.898051+00:00,PUT /workflows/{id},PUT,200,80.032,True
2026-09-28T15:51:12.956669+00:00,POST /workflows/{id}/validate,POST,200,26.005,True
2026-09-28T15:51:12.960655+00:00,GET /runs/{id},GET,200,21.663,True
2026-09-28T15:51:12.960655+00:00,GET /runs/{id},GET,200,25.901,True
2026-09-28T15:51:12.960655+00:00,POST /workflows/{id}/validate,POST,200,26.540,True
2026-09-28T15:51:12.956669+00:00,GET /runs/{id},GET,200,31.355,True
2026-09-28T15:51:12.955659+00:00,GET /runs/{id},GET,200,31.791,True
2026-09-28T15:51:12.983277+00:00,GET /workflows/{id},GET,200,19.859,True
2026-09-28T15:51:12.977262+00:00,GET /runs/{id},GET,200,26.007,True
2026-09-28T15:51:12.986866+00:00,GET /workflows/{id},GET,200,20.565,True
2026-09-28T15:51:13.003146+00:00,GET /health,GET,200,5.662,True
2026-09-28T15:51:12.986866+00:00,GET /runs/{id},GET,200,23.502,True
2026-09-28T15:51:12.983277+00:00,GET /runs/{id},GET,200,29.257,True
2026-09-28T15:51:12.987899+00:00,GET /runs/{id},GET,200,25.701,True
2026-09-28T15:51:12.936074+00:00,PUT /workflows/{id},PUT,200,81.060,True
2026-09-28T15:51:13.004148+00:00,GET /runs/{id},GET,200,30.325,True
2026-09-28T15:51:13.007146+00:00,GET /runs/{id},GET,200,27.417,True
2026-09-28T15:51:13.008146+00:00,GET /runs/{id}/logs,GET,200,28.168,True
2026-09-28T15:51:13.012151+00:00,POST /workflows/{id}/validate,POST,200,27.788,True
2026-09-28T15:51:13.013471+00:00,GET /runs/{id},GET,200,27.458,True
2026-09-28T15:51:13.010152+00:00,GET /workflows,GET,200,31.155,True
2026-09-28T15:51:13.034316+00:00,GET /health,GET,200,9.195,True
2026-09-28T15:51:13.017478+00:00,GET /workflows,GET,200,30.627,True
2026-09-28T15:51:13.034316+00:00,GET /runs/{id},GET,200,28.224,True
2026-09-28T15:51:13.047724+00:00,GET /agents/catalog,GET,200,21.289,True
2026-09-28T15:51:13.063019+00:00,GET /health,GET,200,7.573,True
2026-09-28T15:51:13.041821+00:00,GET /runs/{id}/logs,GET,200,28.949,True
2026-09-28T15:51:13.040699+00:00,GET /runs/{id},GET,200,35.593,True
2026-09-28T15:51:13.036317+00:00,GET /workflows,GET,200,39.798,True
2026-09-28T15:51:13.040699+00:00,GET /workflows,GET,200,35.910,True
2026-09-28T15:51:12.987899+00:00,PUT /workflows/{id},PUT,200,89.572,True
2026-09-28T15:51:13.070019+00:00,GET /health,GET,200,8.219,True
2026-09-28T15:51:13.043208+00:00,GET /workflows,GET,200,35.509,True
2026-09-28T15:51:13.069019+00:00,GET /runs/{id}/logs,GET,200,26.040,True
2026-09-28T15:51:13.070019+00:00,GET /workflows,GET,200,32.495,True
2026-09-28T15:51:13.076015+00:00,GET /runs/{id}/logs,GET,200,31.014,True
2026-09-28T15:51:13.076015+00:00,GET /runs/{id},GET,200,31.087,True
2026-09-28T15:51:13.077015+00:00,GET /runs/{id},GET,200,30.799,True
2026-09-28T15:51:13.079410+00:00,POST /workflows/{id}/validate,POST,200,29.197,True
2026-09-28T15:51:13.077015+00:00,GET /runs/{id}/logs,GET,200,31.860,True
2026-09-28T15:51:13.079410+00:00,POST /workflows/{id}/validate,POST,200,31.223,True
2026-09-28T15:51:13.094577+00:00,GET /workflows/{id},GET,200,16.182,True
2026-09-28T15:51:13.108554+00:00,GET /workflows/{id},GET,200,17.556,True
2026-09-28T15:51:13.107960+00:00,GET /runs/{id},GET,200,20.677,True
2026-09-28T15:51:13.109560+00:00,GET /runs/{id}/logs,GET,200,24.056,True
2026-09-28T15:51:13.107960+00:00,GET /workflows,GET,200,26.234,True
2026-09-28T15:51:13.106958+00:00,GET /workflows,GET,200,27.885,True
2026-09-28T15:51:13.111285+00:00,GET /workflows,GET,200,24.692,True
2026-09-28T15:51:13.133748+00:00,GET /health,GET,200,3.996,True
2026-09-28T15:51:13.128320+00:00,GET /runs/{id},GET,200,18.388,True
2026-09-28T15:51:13.135705+00:00,GET /runs/{id}/logs,GET,200,16.534,True
2026-09-28T15:51:13.133748+00:00,GET /runs/{id}/logs,GET,200,18.849,True
2026-09-28T15:51:13.133748+00:00,GET /runs/{id}/logs,GET,200,18.439,True
2026-09-28T15:51:13.136885+00:00,GET /agents/catalog,GET,200,16.073,True
2026-09-28T15:51:13.145925+00:00,GET /runs/{id}/logs,GET,200,20.428,True
2026-09-28T15:51:13.153083+00:00,POST /workflows/{id}/validate,POST,200,22.633,True
2026-09-28T15:51:13.152224+00:00,GET /runs/{id},GET,200,24.231,True
2026-09-28T15:51:13.153389+00:00,GET /workflows,GET,200,27.031,True
2026-09-28T15:51:13.153389+00:00,GET /runs/{id},GET,200,30.488,True
2026-09-28T15:51:13.110562+00:00,PUT /workflows/{id},PUT,500,81.402,False
2026-09-28T15:51:13.102901+00:00,PUT /workflows/{id},PUT,200,89.598,True
2026-09-28T15:51:13.166582+00:00,GET /runs/{id},GET,200,27.089,True
2026-09-28T15:51:13.179978+00:00,GET /workflows/{id},GET,200,20.094,True
2026-09-28T15:51:13.174983+00:00,GET /runs/{id},GET,200,27.864,True
2026-09-28T15:51:13.176972+00:00,GET /runs/{id},GET,200,28.845,True
2026-09-28T15:51:13.192197+00:00,GET /agents/catalog,GET,200,21.528,True
2026-09-28T15:51:13.184512+00:00,GET /workflows,GET,200,35.112,True
2026-09-28T15:51:13.200708+00:00,GET /workflows/{id},GET,200,20.430,True
2026-09-28T15:51:13.194196+00:00,GET /runs/{id},GET,200,31.996,True
2026-09-28T15:51:13.125511+00:00,PUT /workflows/{id},PUT,200,100.571,True
2026-09-28T15:51:13.192197+00:00,GET /runs/{id}/logs,GET,200,34.200,True
2026-09-28T15:51:13.203708+00:00,GET /runs/{id}/logs,GET,200,23.875,True
2026-09-28T15:51:13.225904+00:00,GET /workflows/{id},GET,200,17.095,True
2026-09-28T15:51:13.214110+00:00,GET /workflows,GET,200,30.343,True
2026-09-28T15:51:13.226912+00:00,GET /workflows/{id},GET,200,17.635,True
2026-09-28T15:51:13.220722+00:00,GET /workflows/{id},GET,200,23.880,True
2026-09-28T15:51:13.218717+00:00,GET /workflows,GET,200,28.908,True
2026-09-28T15:51:13.225904+00:00,POST /workflows/{id}/validate,POST,200,22.495,True
2026-09-28T15:51:13.226912+00:00,GET /runs/{id},GET,200,24.523,True
2026-09-28T15:51:13.243548+00:00,GET /agents/catalog,GET,200,14.766,True
2026-09-28T15:51:13.244566+00:00,GET /workflows/{id},GET,200,15.727,True
2026-09-28T15:51:13.244566+00:00,GET /runs/{id}/logs,GET,200,19.326,True
2026-09-28T15:51:13.248548+00:00,GET /workflows/{id},GET,200,21.630,True
2026-09-28T15:51:13.252082+00:00,GET /runs/{id},GET,200,22.908,True
2026-09-28T15:51:13.248548+00:00,GET /runs/{id},GET,200,27.900,True
2026-09-28T15:51:13.258593+00:00,GET /runs/{id}/logs,GET,200,26.804,True
2026-09-28T15:51:13.264006+00:00,GET /workflows/{id},GET,200,23.889,True
2026-09-28T15:51:13.260446+00:00,GET /runs/{id},GET,200,28.687,True
2026-09-28T15:51:13.205721+00:00,PUT /workflows/{id},PUT,200,86.895,True
2026-09-28T15:51:13.275118+00:00,GET /runs/{id},GET,200,23.889,True
2026-09-28T15:51:13.270369+00:00,GET /runs/{id},GET,200,31.356,True
2026-09-28T15:51:13.276183+00:00,GET /runs/{id},GET,200,28.068,True
2026-09-28T15:51:13.304331+00:00,GET /health,GET,200,9.423,True
2026-09-28T15:51:13.288598+00:00,GET /agents/catalog,GET,200,24.907,True
2026-09-28T15:51:13.284615+00:00,GET /runs/{id}/logs,GET,200,30.150,True
2026-09-28T15:51:13.292757+00:00,GET /workflows/{id},GET,200,23.921,True
2026-09-28T15:51:13.287616+00:00,GET /runs/{id}/logs,GET,200,31.506,True
2026-09-28T15:51:13.298659+00:00,GET /workflows/{id},GET,200,20.976,True
2026-09-28T15:51:13.313423+00:00,GET /health,GET,200,6.592,True
2026-09-28T15:51:13.244566+00:00,PUT /workflows/{id},PUT,200,78.752,True
2026-09-28T15:51:13.301811+00:00,POST /workflows/{id}/validate,POST,200,27.092,True
2026-09-28T15:51:13.322831+00:00,GET /agents/catalog,GET,200,21.833,True
2026-09-28T15:51:13.316570+00:00,GET /runs/{id},GET,200,32.452,True
2026-09-28T15:51:13.314861+00:00,GET /workflows,GET,200,34.170,True
2026-09-28T15:51:13.313423+00:00,GET /runs/{id}/logs,GET,200,36.538,True
2026-09-28T15:51:13.319955+00:00,GET /runs/{id}/logs,GET,200,32.159,True
2026-09-28T15:51:13.320460+00:00,GET /runs/{id}/logs,GET,200,31.738,True
2026-09-28T15:51:13.318638+00:00,GET /workflows,GET,200,33.906,True
2026-09-28T15:51:13.328357+00:00,GET /runs/{id},GET,200,27.273,True
2026-09-28T15:51:13.352207+00:00,GET /health,GET,200,6.419,True
2026-09-28T15:51:13.356205+00:00,GET /health,GET,200,5.808,True
2026-09-28T15:51:13.362242+00:00,GET /health,GET,200,3.944,True
2026-09-28T15:51:13.353208+00:00,GET /workflows/{id},GET,200,20.155,True
2026-09-28T15:51:13.344632+00:00,POST /workflows/{id}/validate,POST,200,28.528,True
2026-09-28T15:51:13.350209+00:00,GET /runs/{id},GET,200,25.735,True
2026-09-28T15:51:13.349206+00:00,GET /runs/{id},GET,200,26.819,True
2026-09-28T15:51:13.349206+00:00,GET /workflows,GET,200,28.257,True
2026-09-28T15:51:13.352207+00:00,POST /workflows/{id}/validate,POST,200,25.862,True
2026-09-28T15:51:13.377286+00:00,GET /health,GET,200,4.363,True
2026-09-28T15:51:13.366276+00:00,GET /workflows,GET,200,19.211,True
2026-09-28T15:51:13.376287+00:00,GET /workflows/{id},GET,200,12.863,True
2026-09-28T15:51:13.376287+00:00,GET /agents/catalog,GET,200,16.785,True
2026-09-28T15:51:13.377286+00:00,POST /workflows/{id}/validate,POST,200,16.042,True
2026-09-28T15:51:13.373285+00:00,POST /workflows/{id}/validate,POST,200,20.927,True
2026-09-28T15:51:13.381308+00:00,POST /workflows/{id}/validate,POST,200,18.285,True
2026-09-28T15:51:13.384857+00:00,GET /runs/{id},GET,200,15.896,True
2026-09-28T15:51:13.389365+00:00,GET /runs/{id}/logs,GET,200,17.003,True
2026-09-28T15:51:13.392911+00:00,GET /workflows,GET,200,18.841,True
2026-09-28T15:51:13.399931+00:00,GET /workflows/{id},GET,200,14.027,True
2026-09-28T15:51:13.400930+00:00,GET /runs/{id},GET,200,13.936,True
2026-09-28T15:51:13.411924+00:00,GET /workflows/{id},GET,200,13.608,True
2026-09-28T15:51:13.413280+00:00,GET /runs/{id}/logs,GET,200,17.685,True
2026-09-28T15:51:13.414699+00:00,GET /runs/{id},GET,200,16.811,True
2026-09-28T15:51:13.359242+00:00,PUT /workflows/{id},PUT,200,73.991,True
2026-09-28T15:51:13.425482+00:00,GET /workflows/{id},GET,200,11.623,True
2026-09-28T15:51:13.373285+00:00,PUT /workflows/{id},PUT,200,70.835,True
2026-09-28T15:51:13.431230+00:00,GET /runs/{id},GET,200,21.107,True
2026-09-28T15:51:13.431230+00:00,GET /runs/{id}/logs,GET,200,23.071,True
2026-09-28T15:51:13.432649+00:00,GET /runs/{id},GET,200,25.835,True
2026-09-28T15:51:13.436655+00:00,GET /runs/{id}/logs,GET,200,26.638,True
2026-09-28T15:51:13.443956+00:00,GET /workflows/{id},GET,200,21.420,True
2026-09-28T15:51:13.393925+00:00,PUT /workflows/{id},PUT,500,86.405,False
2026-09-28T15:51:13.453163+00:00,GET /runs/{id},GET,200,29.725,True
2026-09-28T15:51:13.393925+00:00,PUT /workflows/{id},PUT,200,89.068,True
2026-09-28T15:51:13.465170+00:00,POST /workflows/{id}/validate,POST,200,24.833,True
2026-09-28T15:51:13.405924+00:00,PUT /workflows/{id},PUT,200,86.398,True
2026-09-28T15:51:13.463169+00:00,GET /runs/{id},GET,200,33.434,True
2026-09-28T15:51:13.458165+00:00,GET /runs/{id},GET,200,38.884,True
2026-09-28T15:51:13.454164+00:00,GET /runs/{id},GET,200,43.566,True
2026-09-28T15:51:13.480008+00:00,GET /runs/{id},GET,200,35.093,True
2026-09-28T15:51:13.482673+00:00,GET /runs/{id}/logs,GET,200,33.540,True
2026-09-28T15:51:13.482673+00:00,GET /workflows,GET,200,35.172,True
2026-09-28T15:51:13.490683+00:00,GET /runs/{id},GET,200,32.149,True
2026-09-28T15:51:13.497960+00:00,GET /workflows/{id},GET,200,24.774,True
2026-09-28T15:51:13.497960+00:00,GET /runs/{id}/logs,GET,200,30.911,True
2026-09-28T15:51:13.521820+00:00,GET /health,GET,200,6.111,True
2026-09-28T15:51:13.523302+00:00,GET /health,GET,200,6.053,True
2026-09-28T15:51:13.496964+00:00,GET /runs/{id}/logs,GET,200,35.772,True
2026-09-28T15:51:13.492788+00:00,GET /workflows,GET,200,40.490,True
2026-09-28T15:51:13.515642+00:00,GET /runs/{id},GET,200,25.156,True
2026-09-28T15:51:13.516930+00:00,GET /workflows,GET,200,29.017,True
2026-09-28T15:51:13.528562+00:00,GET /runs/{id},GET,200,28.341,True
2026-09-28T15:51:13.528562+00:00,GET /runs/{id},GET,200,28.196,True
2026-09-28T15:51:13.528562+00:00,GET /runs/{id}/logs,GET,200,29.074,True
2026-09-28T15:51:13.532373+00:00,POST /workflows/{id}/validate,POST,200,26.803,True
2026-09-28T15:51:13.532373+00:00,GET /runs/{id}/logs,GET,200,27.987,True
2026-09-28T15:51:13.541141+00:00,GET /runs/{id},GET,200,29.241,True
2026-09-28T15:51:13.546721+00:00,GET /workflows,GET,200,28.605,True
2026-09-28T15:51:13.557240+00:00,GET /workflows/{id},GET,200,20.322,True
2026-09-28T15:51:13.557240+00:00,GET /runs/{id},GET,200,28.517,True
2026-09-28T15:51:13.557240+00:00,GET /runs/{id},GET,200,30.477,True
2026-09-28T15:51:13.560562+00:00,GET /runs/{id},GET,200,29.284,True
2026-09-28T15:51:13.559562+00:00,POST /workflows/{id}/validate,POST,200,35.400,True
2026-09-28T15:51:13.569615+00:00,GET /runs/{id},GET,200,27.823,True
2026-09-28T15:51:13.575615+00:00,GET /workflows/{id},GET,200,22.799,True
2026-09-28T15:51:13.515642+00:00,PUT /workflows/{id},PUT,200,84.526,True
2026-09-28T15:51:13.589756+00:00,GET /workflows/{id},GET,200,18.149,True
2026-09-28T15:51:13.577615+00:00,GET /runs/{id},GET,200,31.219,True
2026-09-28T15:51:13.608755+00:00,GET /health,GET,200,3.689,True
2026-09-28T15:51:13.586172+00:00,GET /workflows,GET,200,31.814,True
2026-09-28T15:51:13.587747+00:00,GET /workflows,GET,200,30.061,True
2026-09-28T15:51:13.597756+00:00,GET /workflows/{id},GET,200,26.307,True
2026-09-28T15:51:13.617120+00:00,GET /health,GET,200,8.978,True
2026-09-28T15:51:13.597756+00:00,GET /runs/{id},GET,200,31.541,True
2026-09-28T15:51:13.594754+00:00,GET /workflows,GET,200,34.689,True
2026-09-28T15:51:13.607766+00:00,GET /workflows,GET,200,22.678,True
2026-09-28T15:51:13.611753+00:00,GET /agents/catalog,GET,200,22.875,True
2026-09-28T15:51:13.630267+00:00,GET /health,GET,200,5.843,True
2026-09-28T15:51:13.600761+00:00,PUT /workflows/{id},PUT,200,36.941,True
2026-09-28T15:51:13.624923+00:00,GET /workflows/{id},GET,200,16.120,True
2026-09-28T15:51:13.625927+00:00,GET /agents/catalog,GET,200,18.953,True
2026-09-28T15:51:13.640220+00:00,GET /health,GET,200,5.937,True
2026-09-28T15:51:13.634807+00:00,GET /agents/catalog,GET,200,20.300,True
2026-09-28T15:51:13.630267+00:00,GET /runs/{id}/logs,GET,200,26.589,True
2026-09-28T15:51:13.629266+00:00,GET /workflows,GET,200,30.005,True
2026-09-28T15:51:13.636163+00:00,GET /runs/{id},GET,200,27.458,True
2026-09-28T15:51:13.638215+00:00,GET /runs/{id},GET,200,27.468,True
2026-09-28T15:51:13.663288+00:00,GET /health,GET,200,5.510,True
2026-09-28T15:51:13.645649+00:00,GET /workflows,GET,200,24.075,True
2026-09-28T15:51:13.646656+00:00,GET /runs/{id}/logs,GET,200,24.310,True
2026-09-28T15:51:13.668404+00:00,GET /health,GET,200,6.276,True
2026-09-28T15:51:13.655163+00:00,GET /runs/{id}/logs,GET,200,31.027,True
2026-09-28T15:51:13.657165+00:00,GET /runs/{id}/logs,GET,200,29.446,True
2026-09-28T15:51:13.659164+00:00,GET /runs/{id}/logs,GET,200,28.527,True
2026-09-28T15:51:13.665293+00:00,GET /runs/{id},GET,200,26.041,True
2026-09-28T15:51:13.618117+00:00,PUT /workflows/{id},PUT,200,78.205,True
2026-09-28T15:51:13.674685+00:00,GET /workflows,GET,200,24.015,True
2026-09-28T15:51:13.670677+00:00,GET /runs/{id},GET,200,28.674,True
2026-09-28T15:51:13.686206+00:00,GET /workflows/{id},GET,200,17.508,True
2026-09-28T15:51:13.687207+00:00,GET /workflows/{id},GET,200,17.653,True
2026-09-28T15:51:13.688206+00:00,GET /workflows,GET,200,24.493,True
2026-09-28T15:51:13.691717+00:00,GET /runs/{id}/logs,GET,200,23.426,True
2026-09-28T15:51:13.696728+00:00,GET /workflows/{id},GET,200,19.018,True
2026-09-28T15:51:13.704243+00:00,GET /workflows/{id},GET,200,19.018,True
2026-09-28T15:51:13.699722+00:00,GET /workflows,GET,200,26.008,True
2026-09-28T15:51:13.704243+00:00,GET /runs/{id}/logs,GET,200,23.020,True
2026-09-28T15:51:13.715169+00:00,GET /workflows/{id},GET,200,18.178,True
2026-09-28T15:51:13.715169+00:00,GET /runs/{id}/logs,GET,200,21.851,True
2026-09-28T15:51:13.712907+00:00,GET /runs/{id}/logs,GET,200,28.916,True
2026-09-28T15:51:13.737065+00:00,GET /health,GET,200,8.402,True
2026-09-28T15:51:13.724931+00:00,GET /agents/catalog,GET,200,20.145,True
2026-09-28T15:51:13.669409+00:00,PUT /workflows/{id},PUT,200,79.403,True
2026-09-28T15:51:13.726930+00:00,GET /runs/{id},GET,200,22.446,True
2026-09-28T15:51:13.733853+00:00,GET /workflows,GET,200,20.658,True
2026-09-28T15:51:13.748602+00:00,GET /runs/{id},GET,200,12.775,True
2026-09-28T15:51:13.749603+00:00,GET /runs/{id},GET,200,14.595,True
2026-09-28T15:51:13.754605+00:00,GET /runs/{id},GET,200,10.756,True
2026-09-28T15:51:13.698743+00:00,PUT /workflows/{id},PUT,200,67.697,True
2026-09-28T15:51:13.761649+00:00,GET /runs/{id},GET,200,11.633,True
2026-09-28T15:51:13.764485+00:00,GET /agents/catalog,GET,200,10.181,True
2026-09-28T15:51:13.766492+00:00,GET /agents/catalog,GET,200,11.137,True
2026-09-28T15:51:13.773454+00:00,GET /runs/{id},GET,200,14.629,True
2026-09-28T15:51:13.775151+00:00,GET /runs/{id},GET,200,13.620,True
2026-09-28T15:51:13.723698+00:00,PUT /workflows/{id},PUT,200,67.238,True
2026-09-28T15:51:13.778301+00:00,GET /workflows,GET,200,13.199,True
2026-09-28T15:51:13.788478+00:00,GET /runs/{id},GET,200,19.152,True
2026-09-28T15:51:13.788478+00:00,GET /runs/{id},GET,200,20.188,True
2026-09-28T15:51:13.791083+00:00,GET /workflows,GET,200,18.072,True
2026-09-28T15:51:13.745239+00:00,PUT /workflows/{id},PUT,200,85.787,True
2026-09-28T15:51:13.741794+00:00,PUT /workflows/{id},PUT,500,90.452,False
2026-09-28T15:51:13.745239+00:00,PUT /workflows/{id},PUT,500,87.075,False
2026-09-28T15:51:13.808343+00:00,GET /runs/{id},GET,200,24.387,True
2026-09-28T15:51:13.764485+00:00,PUT /workflows/{id},PUT,200,68.955,True
2026-09-28T15:51:13.808343+00:00,GET /runs/{id}/logs,GET,200,25.625,True
2026-09-28T15:51:13.808343+00:00,GET /workflows,GET,200,34.156,True
2026-09-28T15:51:13.833102+00:00,GET /runs/{id},GET,200,28.111,True
2026-09-28T15:51:13.833102+00:00,POST /workflows/{id}/validate,POST,200,27.473,True
2026-09-28T15:51:13.842426+00:00,GET /workflows/{id},GET,200,21.737,True
2026-09-28T15:51:13.833102+00:00,GET /workflows,GET,200,32.408,True
2026-09-28T15:51:13.860568+00:00,GET /health,GET,200,5.625,True
2026-09-28T15:51:13.832028+00:00,PUT /workflows/{id},PUT,200,43.153,True
2026-09-28T15:51:13.832028+00:00,PUT /workflows/{id},PUT,500,43.081,False
2026-09-28T15:51:13.832028+00:00,GET /runs/{id},GET,200,49.661,True
2026-09-28T15:51:13.791083+00:00,PUT /workflows/{id},PUT,500,91.294,False
2026-09-28T15:51:13.860568+00:00,GET /runs/{id},GET,200,22.818,True
2026-09-28T15:51:13.865570+00:00,GET /workflows/{id},GET,200,20.844,True
2026-09-28T15:51:13.865570+00:00,GET /workflows/{id},GET,200,23.077,True
2026-09-28T15:51:13.874891+00:00,GET /agents/catalog,GET,200,25.690,True
2026-09-28T15:51:13.866569+00:00,GET /runs/{id},GET,200,35.115,True
2026-09-28T15:51:13.886504+00:00,GET /workflows/{id},GET,200,17.933,True
2026-09-28T15:51:13.874891+00:00,GET /runs/{id}/logs,GET,200,29.855,True
2026-09-28T15:51:13.888504+00:00,GET /workflows/{id},GET,200,19.946,True
2026-09-28T15:51:13.901534+00:00,GET /health,GET,200,7.040,True
2026-09-28T15:51:13.882504+00:00,GET /runs/{id},GET,200,27.057,True
2026-09-28T15:51:13.881525+00:00,GET /workflows,GET,200,27.632,True
2026-09-28T15:51:13.908134+00:00,GET /health,GET,200,4.784,True
2026-09-28T15:51:13.905022+00:00,GET /workflows/{id},GET,200,16.168,True
2026-09-28T15:51:13.900510+00:00,GET /runs/{id},GET,200,21.337,True
2026-09-28T15:51:13.904013+00:00,GET /workflows,GET,200,27.405,True
2026-09-28T15:51:13.909135+00:00,GET /runs/{id},GET,200,23.597,True
2026-09-28T15:51:13.913135+00:00,GET /runs/{id},GET,200,23.582,True
2026-09-28T15:51:13.909135+00:00,GET /runs/{id},GET,200,28.318,True
2026-09-28T15:51:13.936435+00:00,GET /health,GET,200,8.887,True
2026-09-28T15:51:13.921406+00:00,GET /runs/{id}/logs,GET,200,24.559,True
2026-09-28T15:51:13.921406+00:00,GET /workflows,GET,200,30.567,True
2026-09-28T15:51:13.931232+00:00,GET /workflows/{id},GET,200,21.167,True
2026-09-28T15:51:13.932674+00:00,GET /runs/{id},GET,200,20.261,True
2026-09-28T15:51:13.953403+00:00,GET /health,GET,200,5.029,True
2026-09-28T15:51:13.952403+00:00,GET /health,GET,200,5.872,True
2026-09-28T15:51:13.883506+00:00,PUT /workflows/{id},PUT,200,78.489,True
2026-09-28T15:51:13.937888+00:00,POST /workflows/{id}/validate,POST,200,25.351,True
2026-09-28T15:51:13.945895+00:00,GET /workflows/{id},GET,200,22.313,True
2026-09-28T15:51:13.951404+00:00,GET /workflows/{id},GET,200,17.647,True
2026-09-28T15:51:13.945895+00:00,GET /runs/{id}/logs,GET,200,32.086,True
2026-09-28T15:51:13.958405+00:00,POST /workflows/{id}/validate,POST,200,25.507,True
2026-09-28T15:51:13.962624+00:00,GET /agents/catalog,GET,200,21.818,True
2026-09-28T15:51:13.962624+00:00,GET /runs/{id},GET,200,24.030,True
2026-09-28T15:51:13.908134+00:00,PUT /workflows/{id},PUT,200,81.774,True
2026-09-28T15:51:13.968231+00:00,GET /workflows,GET,200,28.177,True
2026-09-28T15:51:13.968231+00:00,GET /runs/{id}/logs,GET,200,29.323,True
2026-09-28T15:51:13.978364+00:00,GET /workflows/{id},GET,200,22.489,True
2026-09-28T15:51:13.983931+00:00,GET /runs/{id}/logs,GET,200,27.654,True
2026-09-28T15:51:13.986305+00:00,GET /workflows/{id},GET,200,25.024,True
2026-09-28T15:51:13.983931+00:00,GET /runs/{id},GET,200,32.716,True
2026-09-28T15:51:13.989751+00:00,GET /workflows,GET,200,39.459,True
2026-09-28T15:51:13.997046+00:00,GET /runs/{id},GET,200,35.222,True
2026-09-28T15:51:13.998410+00:00,GET /runs/{id},GET,200,37.342,True
2026-09-28T15:51:14.000577+00:00,GET /runs/{id},GET,200,35.556,True
2026-09-28T15:51:14.029704+00:00,GET /health,GET,200,8.907,True
2026-09-28T15:51:14.035345+00:00,GET /health,GET,200,3.900,True
2026-09-28T15:51:14.016639+00:00,GET /runs/{id},GET,200,25.885,True
2026-09-28T15:51:14.011831+00:00,GET /runs/{id}/logs,GET,200,32.973,True
2026-09-28T15:51:13.958405+00:00,PUT /workflows/{id},PUT,200,89.120,True
2026-09-28T15:51:14.048050+00:00,GET /health,GET,200,3.596,True
2026-09-28T15:51:14.036392+00:00,POST /workflows/{id}/validate,POST,200,24.310,True
2026-09-28T15:51:14.039713+00:00,GET /runs/{id},GET,200,22.014,True
2026-09-28T15:51:14.032734+00:00,GET /workflows,GET,200,30.894,True
2026-09-28T15:51:14.038509+00:00,GET /workflows,GET,200,25.506,True
2026-09-28T15:51:14.051615+00:00,GET /runs/{id},GET,200,18.540,True
2026-09-28T15:51:14.061658+00:00,GET /runs/{id}/logs,GET,200,25.153,True
2026-09-28T15:51:14.060622+00:00,GET /workflows,GET,200,27.147,True
2026-09-28T15:51:14.011831+00:00,PUT /workflows/{id},PUT,200,76.557,True
2026-09-28T15:51:14.070522+00:00,POST /workflows/{id}/validate,POST,200,18.571,True
2026-09-28T15:51:14.063749+00:00,GET /runs/{id},GET,200,26.611,True
2026-09-28T15:51:14.064272+00:00,GET /runs/{id},GET,200,26.441,True
2026-09-28T15:51:14.087829+00:00,GET /health,GET,200,5.154,True
2026-09-28T15:51:14.086827+00:00,GET /runs/{id},GET,200,27.613,True
2026-09-28T15:51:14.087829+00:00,GET /runs/{id},GET,200,38.363,True
2026-09-28T15:51:14.044931+00:00,PUT /workflows/{id},PUT,500,81.366,False
2026-09-28T15:51:14.088827+00:00,GET /workflows,GET,200,38.193,True
2026-09-28T15:51:14.089829+00:00,GET /workflows,GET,200,37.082,True
2026-09-28T15:51:14.089829+00:00,GET /runs/{id}/logs,GET,200,37.200,True
2026-09-28T15:51:14.042842+00:00,PUT /workflows/{id},PUT,200,85.523,True
2026-09-28T15:51:14.093753+00:00,GET /runs/{id}/logs,GET,200,35.325,True
2026-09-28T15:51:14.128742+00:00,GET /workflows/{id},GET,200,15.631,True
2026-09-28T15:51:14.128742+00:00,GET /workflows/{id},GET,200,21.688,True
2026-09-28T15:51:14.114359+00:00,GET /workflows,GET,200,37.194,True
2026-09-28T15:51:14.125923+00:00,POST /workflows/{id}/validate,POST,200,26.143,True
2026-09-28T15:51:14.125923+00:00,GET /workflows/{id},GET,200,26.037,True
2026-09-28T15:51:14.127421+00:00,GET /workflows,GET,200,26.171,True
2026-09-28T15:51:14.125923+00:00,GET /health,GET,200,27.787,True
2026-09-28T15:51:14.127421+00:00,GET /runs/{id},GET,200,27.302,True
2026-09-28T15:51:14.150561+00:00,GET /workflows/{id},GET,200,16.515,True
2026-09-28T15:51:14.143553+00:00,GET /workflows,GET,200,26.808,True
2026-09-28T15:51:14.151559+00:00,GET /runs/{id},GET,200,25.227,True
2026-09-28T15:51:14.152559+00:00,GET /runs/{id},GET,200,24.999,True
2026-09-28T15:51:14.154560+00:00,GET /workflows/{id},GET,200,23.149,True
2026-09-28T15:51:14.151559+00:00,GET /runs/{id}/logs,GET,200,28.186,True
2026-09-28T15:51:14.153562+00:00,GET /workflows,GET,200,27.942,True
2026-09-28T15:51:14.171109+00:00,GET /runs/{id},GET,200,18.718,True
2026-09-28T15:51:14.167089+00:00,POST /workflows/{id}/validate,POST,200,23.069,True
2026-09-28T15:51:14.179097+00:00,GET /agents/catalog,GET,200,17.880,True
2026-09-28T15:51:14.178099+00:00,GET /agents/catalog,GET,200,22.242,True
2026-09-28T15:51:14.177105+00:00,GET /runs/{id},GET,200,27.202,True
2026-09-28T15:51:14.178099+00:00,GET /runs/{id},GET,200,28.399,True
2026-09-28T15:51:14.182099+00:00,GET /workflows,GET,200,25.024,True
2026-09-28T15:51:14.189882+00:00,POST /workflows/{id}/validate,POST,200,58.359,True
2026-09-28T15:51:14.189882+00:00,GET /workflows,GET,200,60.029,True
2026-09-28T15:51:14.207439+00:00,GET /workflows/{id},GET,200,53.407,True
2026-09-28T15:51:14.200441+00:00,GET /runs/{id}/logs,GET,200,67.790,True
2026-09-28T15:51:14.197439+00:00,GET /runs/{id},GET,200,72.281,True
2026-09-28T15:51:14.204447+00:00,GET /workflows,GET,200,66.943,True
2026-09-28T15:51:14.206441+00:00,GET /runs/{id}/logs,GET,200,65.558,True
2026-09-28T15:51:14.248538+00:00,GET /runs/{id},GET,200,25.979,True
2026-09-28T15:51:14.153562+00:00,PUT /workflows/{id},PUT,200,121.646,True
2026-09-28T15:51:14.249537+00:00,GET /runs/{id}/logs,GET,200,25.708,True
2026-09-28T15:51:14.275542+00:00,GET /health,GET,200,4.628,True
2026-09-28T15:51:14.260539+00:00,GET /runs/{id}/logs,GET,200,27.084,True
2026-09-28T15:51:14.268539+00:00,GET /runs/{id}/logs,GET,200,28.938,True
2026-09-28T15:51:14.271538+00:00,GET /runs/{id},GET,200,27.520,True
2026-09-28T15:51:14.296587+00:00,GET /health,GET,200,5.238,True
2026-09-28T15:51:14.269547+00:00,GET /workflows,GET,200,33.133,True
2026-09-28T15:51:14.299572+00:00,GET /health,GET,200,5.688,True
2026-09-28T15:51:14.274538+00:00,GET /workflows,GET,200,31.261,True
2026-09-28T15:51:14.279548+00:00,GET /runs/{id},GET,200,28.276,True
2026-09-28T15:51:14.287541+00:00,GET /runs/{id},GET,200,28.098,True
2026-09-28T15:51:14.275542+00:00,PUT /workflows/{id},PUT,500,49.157,False
2026-09-28T15:51:14.271538+00:00,PUT /workflows/{id},PUT,200,52.960,True
2026-09-28T15:51:14.302041+00:00,GET /workflows,GET,200,25.023,True
2026-09-28T15:51:14.305550+00:00,GET /workflows/{id},GET,200,26.361,True
2026-09-28T15:51:14.302041+00:00,GET /agents/catalog,GET,200,29.862,True
2026-09-28T15:51:14.324257+00:00,GET /health,GET,200,10.123,True
2026-09-28T15:51:14.305550+00:00,GET /runs/{id},GET,200,33.932,True
2026-09-28T15:51:14.308247+00:00,GET /workflows,GET,200,35.434,True
2026-09-28T15:51:14.316118+00:00,GET /agents/catalog,GET,200,29.917,True
2026-09-28T15:51:14.330678+00:00,GET /agents/catalog,GET,200,23.952,True
2026-09-28T15:51:14.354808+00:00,GET /health,GET,200,5.943,True
2026-09-28T15:51:14.326503+00:00,GET /runs/{id},GET,200,34.533,True
2026-09-28T15:51:14.334563+00:00,GET /workflows,GET,200,28.852,True
2026-09-28T15:51:14.324257+00:00,PUT /workflows/{id},PUT,200,39.161,True
2026-09-28T15:51:14.338954+00:00,GET /runs/{id}/logs,GET,200,24.974,True
2026-09-28T15:51:14.345082+00:00,GET /workflows/{id},GET,200,19.357,True
2026-09-28T15:51:14.361546+00:00,GET /health,GET,200,3.794,True
2026-09-28T15:51:14.343929+00:00,GET /agents/catalog,GET,200,22.915,True
2026-09-28T15:51:14.364548+00:00,GET /health,GET,200,4.930,True
2026-09-28T15:51:14.363547+00:00,GET /agents/catalog,GET,200,16.808,True
2026-09-28T15:51:14.364548+00:00,GET /runs/{id},GET,200,21.352,True
2026-09-28T15:51:14.363547+00:00,GET /runs/{id},GET,200,23.130,True
2026-09-28T15:51:14.366053+00:00,GET /workflows/{id},GET,200,20.776,True
2026-09-28T15:51:14.361546+00:00,GET /workflows,GET,200,25.985,True
2026-09-28T15:51:14.366053+00:00,GET /workflows,GET,200,21.942,True
2026-09-28T15:51:14.332055+00:00,PUT /workflows/{id},PUT,200,61.964,True
2026-09-28T15:51:14.369197+00:00,PUT /workflows/{id},PUT,200,51.735,True
